StartDate,EndDate,IPAddress,Duration (in seconds),Finished,RecordedDate,"Trust, Human Nature1_1","Trust, Human Nature1_2","Trust, Human Nature1_3","Trust, Human Nature1_4","Trust, Human Nature1_5","Trust, Human Nature1_6","Trust, Human Nature1_7","Trust, Human Nature1_8","Trust, Human Nature1_9","Trust, Human Nature1_10","Trust, Human Natur2 _1","Trust, Human Natur2 _2","Trust, Human Natur2 _3","Trust, Human Natur2 _4","Trust, Human Natur2 _5","Trust, Human Natur2 _6","Trust, Human Natur2 _7","Trust, Human Natur2 _8","Trust, Human Natur2 _9","Trust, Human Natur2 _10",Pre_Human Nature,Locus of Control _2,Locus of Control _3,Locus of Control _4,Locus of Control _5,Pre_L of C,Self-Efficacy_1,Self-Efficacy_2,Self-Efficacy_3,Self-Efficacy_4,Self-Efficacy_5,Pre_Efficacy,Challenge Appraisal _1,Challenge Appraisal _2,Challenge Appraisal _3,Challenge Appraisal _4,Challenge Appraisal _5,Pre_Challenge,Perceived Barriers _1,Perceived Barriers _2,Perceived Barriers _3,Perceived Barriers _4,Perceived Barriers _5,Perceived Barriers _6,Perceived Barriers _7,Pre_Barriers,CESD_1,CESD_2,CESD_3,CESD_4,CESD_5,Pre_CESD,HappinessValuation_1,HappinessValuation_2,HappinessValuation_3,HappinessValuation_4,HappinessValuation_5,HappinessValuation_6,HappinessValuation_7,Pre_Happiness,Differential Emotion_1,Differential Emotion_2,Differential Emotion_3,Differential Emotion_4,Differential Emotion_5,Differential Emotion_6,Differential Emotion_7,Differential Emotion_8,Differential Emotion_9,Differential Emotion_10,Differential Emotion_11,Differential Emotion_12,Differential Emotion_13,Differential Emotion_14,Differential Emotion_15,Differential Emotion_16,Differential Emotion_17,Differential Emotion_18,Pre_Differential,SWLS_1,SWLS_2,SWLS_3,SWLS_4,SWLS_5,Pre_SWLS,Perc Stress_1,Perc Stress_2,Perc Stress_2,Perc Stress_3,Perc Stress_3,Perc Stress_4,Perc Stress_4,Perc Stress_5,Perc Stress_6,Perc Stress_6,Perc Stress_7,Pre_Stress,Anxiety_1,Anxiety_2,Anxiety_3,Anxiety_3,Anxiety_4,Anxiety_4,Pre_Anxiety,Loneliness_1,Loneliness_2,Loneliness_3,Pre_Loneliness,WICS_1,WICS_2,WICS_3,WICS_4,WICS_5,WICS_6,WICS_7,Pre_WICS,Social Integration_1,Social Integration_2,Social Integration_3,Social Integration_4,Social Integration_5,Social Integration_6,Social Integration_7,Social Integration_8,Pre_Social Integration,Social Media Cont_1,Tech Use_1,Tech Use_2,Tech Use_3,Pre_Tech,Screen Time_1,Screen Time_2,Screen Time_3,Screen Time_4,Pre_Screen,Employment ,Job Type ,Job Satisfaction _1,Job Satisfaction _1,Job Satisfaction _2,Job Satisfaction _3,Job Satisfaction _4,Job Satisfaction _5,Job Satisfaction _6,Pre_Job Satisfaction,Job Commitment Aff _1,Job Commitment Aff _2,Job Commitment Aff _3,Job Commitment Aff _4,Job Commitment Aff _5,Job Commitment Aff _5,Job Commitment Aff _6,Job Commitment Aff _6,Job Commitment Aff _7,Job Commitment Aff _8,Pre_Affective,Job Commitment Norm _1,Job Commitment Norm _1,Job Commitment Norm _2,Job Commitment Norm _3,Job Commitment Norm _4,Job Commitment Norm _5,Job Commitment Norm _6,Pre_Normative,Job Commitment Cont _1,Job Commitment Cont _1,Job Commitment Cont _2,Job Commitment Cont _3,Job Commitment Cont _4,Job Commitment Cont _4,Job Commitment Cont _5,Job Commitment Cont _6,Job Commitment Cont _7,Job Commitment Cont _8,Pre_Continuance,Work Engagement _1,Work Engagement _2,Work Engagement _3,Work Engagement _4,Work Engagement _5,Work Engagement _6,Work Engagement _7,Work Engagement _8,Work Engagement _9,Pre_Engagement,Safety Compliance _1,Safety Compliance _2,Safety Compliance _3,Pre_Safety,Counterproductive B _1,Counterproductive B _2,Counterproductive B _3,Counterproductive B _4,Counterproductive B _5,Counterproductive B _6,Counterproductive B _7,Counterproductive B _8,Counterproductive B _9,Counterproductive B _10,Pre_CWB,Job Search Beh _1,Job Search Beh _2,Job Search Beh _3,Job Search Beh _4,Pre_Job Search,Q14,Q20_1,Q22,Q24,Q26,Q28,Q32_1,Q34,Which class?,P435 prior ,Q79,Q104,Q102,Q100_1,Q117,Q119,Q_BallotBoxStuffing
Start Date,End Date,IP Address,Duration (in seconds),Finished,Recorded Date,"Please indicate your level of agreement or disagreement with the following statements. - If most people could get into a movie without paying and be sure that they would not be seen, they would do it.",Please indicate your level of agreement or disagreement with the following statements. - Most people have the courage of their convictions.,Please indicate your level of agreement or disagreement with the following statements. - The average person is conceited.,"Please indicate your level of agreement or disagreement with the following statements. - Most people try to apply the Golden Rule, even in today's complex society.",Please indicate your level of agreement or disagreement with the following statements. - Most people would stop and help a person whose car was disabled.,"Please indicate your level of agreement or disagreement with the following statements. - The typical student will cheat on a test when everybody else does, even though he has a set of ethical standards.",Please indicate your level of agreement or disagreement with the following statements. - Most people do not hesitate to go out of their way to help someone in trouble.,Please indicate your level of agreement or disagreement with the following statements. - Most people would tell a lie if they could gain by it.,"Please indicate your level of agreement or disagreement with the following statements. - It's pathetic to see an unselfish person in today's world, because so many people take advantage of them.","Please indicate your level of agreement or disagreement with the following statements. - ""Do unto others as you would have them do unto you"" is a motto that most people follow.","Please indicate your level of agreement or disagreement with the following statements. - People claim that they have ethical standards regarding honesty and morality, but few people stick to them when the chips are down.",Please indicate your level of agreement or disagreement with the following statements. - Most people will speak out for what they believe in.,Please indicate your level of agreement or disagreement with the following statements. - People pretend to care more about one another than they really do.,"Please indicate your level of agreement or disagreement with the following statements. - People usually tell the truth, even when they know they would be better off by lying.",Please indicate your level of agreement or disagreement with the following statements. - Most people inwardly dislike putting themselves out to help other people.,Please indicate your level of agreement or disagreement with the following statements. - Most people would cheat on their income tax if they had the chance.,"Please indicate your level of agreement or disagreement with the following statements. - The average person will stick to his opinion if he thinks he's right, even if others disagree.","Please indicate your level of agreement or disagreement with the following statements. - Most people will act as ""Good Samaritans"" if given the opportunity.",Please indicate your level of agreement or disagreement with the following statements. - Most people are not really honest for a desirable reason; they're afraid of getting caught.,Please indicate your level of agreement or disagreement with the following statements. - The typical person is sincerely concerned about the problems of others.,,Please indicate how much you agree or disagree with the following statements - I feel confident that I can handle just about any challenge.,"Please indicate how much you agree or disagree with the following statements - I believe that if I try hard, I will usually succeed.","Please indicate how much you agree or disagree with the following statements - I could learn to do just about anything, if I set my mind to it.","Please indicate how much you agree or disagree with the following statements - When I make plans, I am certain that I can make them work.",,Please indicate how much you agree or disagree with the following statements - I am confident I get the success I deserve in life.,"Please indicate how much you agree or disagree with the following statements - When I try, I generally succeed.",Please indicate how much you agree or disagree with the following statements - I complete tasks successfully.,Please indicate how much you agree or disagree with the following statements - I believe I can succeed at most any endeavor to which I set my mind.,Please indicate how much you agree or disagree with the following statements - I will be able to successfully overcome many challenges.,,Please indicate how much you agree or disagree with the following statements - I see stressful events as opportunities to grow personally.,Please indicate how much you agree or disagree with the following statements - I usually wake up eager to start my day.,Please indicate how much you agree or disagree with the following statements - I enjoy finding new challenges to overcome.,Please indicate how much you agree or disagree with the following statements - I take a head-on approach to facing problems in my life.,Please indicate how much you agree or disagree with the following statements - I enjoy learning from my mistakes.,,"Please rate how much you agree with the following statements about eating healthy as a college student. - It is too expensive to eat healthy (e.g., fruits, vegetables)",Please rate how much you agree with the following statements about eating healthy as a college student. - It takes too much time to prepare healthy food,Please rate how much you agree with the following statements about eating healthy as a college student. - There are not enough options for healthy eating here,Please rate how much you agree with the following statements about eating healthy as a college student. - I am uncomfortable with healthy eating because it is something I am not familiar with,"Please rate how much you agree with the following statements about eating healthy as a college student. - It is confusing to know what is considered ""healthy eating"" anymore","Please rate how much you agree with the following statements about eating healthy as a college student. - I prefer tasty, quick options such as fast food","Please rate how much you agree with the following statements about eating healthy as a college student. - I do not see positive results when I eat healthy (e.g., I am not full, I do not lose weight)",,Below is a list of ways you may have felt or behaved. Please indicate how you have felt during the last 7 DAYS. - I felt depressed,Below is a list of ways you may have felt or behaved. Please indicate how you have felt during the last 7 DAYS. - My sleep was restless,Below is a list of ways you may have felt or behaved. Please indicate how you have felt during the last 7 DAYS. - I felt lonely,Below is a list of ways you may have felt or behaved. Please indicate how you have felt during the last 7 DAYS. - I had crying spells,Below is a list of ways you may have felt or behaved. Please indicate how you have felt during the last 7 DAYS. - I could not 'get going',,"For the following, please answer how much you agree/disagree - How happy I am at any given moment says a lot about how worthwhile my life is.","For the following, please answer how much you agree/disagree - If I don’t feel happy, maybe there is something wrong with me.","For the following, please answer how much you agree/disagree - I value things in life only to the extent that they influence my personal happiness.","For the following, please answer how much you agree/disagree - I would like to be happier than I generally am.","For the following, please answer how much you agree/disagree - Feeling happy is extremely important to me.","For the following, please answer how much you agree/disagree - I am concerned about my happiness even when I feel happy.","For the following, please answer how much you agree/disagree - To have a meaningful life, I need to feel happy most of the time.",,How much do each of the following words describe your emotional experience over the past month? Please select the most accurate rating. - Alert,How much do each of the following words describe your emotional experience over the past month? Please select the most accurate rating. - Angry,How much do each of the following words describe your emotional experience over the past month? Please select the most accurate rating. - Amused,How much do each of the following words describe your emotional experience over the past month? Please select the most accurate rating. - Sad,How much do each of the following words describe your emotional experience over the past month? Please select the most accurate rating. - Awe,How much do each of the following words describe your emotional experience over the past month? Please select the most accurate rating. - Embarrassed,How much do each of the following words describe your emotional experience over the past month? Please select the most accurate rating. - Content,How much do each of the following words describe your emotional experience over the past month? Please select the most accurate rating. - Joyful,How much do each of the following words describe your emotional experience over the past month? Please select the most accurate rating. - Afraid,How much do each of the following words describe your emotional experience over the past month? Please select the most accurate rating. - Grateful,How much do each of the following words describe your emotional experience over the past month? Please select the most accurate rating. - Disgusted,How much do each of the following words describe your emotional experience over the past month? Please select the most accurate rating. - Guilty,How much do each of the following words describe your emotional experience over the past month? Please select the most accurate rating. - Hopeful,How much do each of the following words describe your emotional experience over the past month? Please select the most accurate rating. - Ashamed,How much do each of the following words describe your emotional experience over the past month? Please select the most accurate rating. - Loving,How much do each of the following words describe your emotional experience over the past month? Please select the most accurate rating. - Scornful/Contemptuous,How much do each of the following words describe your emotional experience over the past month? Please select the most accurate rating. - Satisfied/Pleased,How much do each of the following words describe your emotional experience over the past month? Please select the most accurate rating. - Anxious,,"Please read each of the following statements and choose how much you agree or disagree - In most ways, my life is close to my ideal",Please read each of the following statements and choose how much you agree or disagree - I am satisfied with my life.,Please read each of the following statements and choose how much you agree or disagree - The conditions of my life are excellent.,"Please read each of the following statements and choose how much you agree or disagree - So far, I have gotten the important things I want in my  life.","Please read each of the following statements and choose how much you agree or disagree - If I could live my life over, I would change almost nothing.",,"For the next questions, please indicate how often you felt or thought a certain way about your life in general during the past month.
In the past month, how often have you: - Felt that you were unable to control the important things in your life?","For the next questions, please indicate how often you felt or thought a certain way about your life in general during the past month.
In the past month, how often have you: - Felt that you were effectively coping with important changes that were occurring in your life?","For the next questions, please indicate how often you felt or thought a certain way about your life in general during the past month.
In the past month, how often have you: - Felt that you were effectively coping with important changes that were occurring in your life?","For the next questions, please indicate how often you felt or thought a certain way about your life in general during the past month.
In the past month, how often have you: - Felt confident about your ability to handle your personal problems?","For the next questions, please indicate how often you felt or thought a certain way about your life in general during the past month.
In the past month, how often have you: - Felt confident about your ability to handle your personal problems?","For the next questions, please indicate how often you felt or thought a certain way about your life in general during the past month.
In the past month, how often have you: - Felt that things were going your way?","For the next questions, please indicate how often you felt or thought a certain way about your life in general during the past month.
In the past month, how often have you: - Felt that things were going your way?","For the next questions, please indicate how often you felt or thought a certain way about your life in general during the past month.
In the past month, how often have you: - Found that you could not cope with all the things that you had to do?","For the next questions, please indicate how often you felt or thought a certain way about your life in general during the past month.
In the past month, how often have you: - Felt that you were on top of things?","For the next questions, please indicate how often you felt or thought a certain way about your life in general during the past month.
In the past month, how often have you: - Felt that you were on top of things?","For the next questions, please indicate how often you felt or thought a certain way about your life in general during the past month.
In the past month, how often have you: - Felt difficulties were piling up so high that you could not overcome them?",,"For the next questions, please indicate how often you felt or experienced the following in your life in general during the past month.
In the past month, how often have you felt: - anxious","For the next questions, please indicate how often you felt or experienced the following in your life in general during the past month.
In the past month, how often have you felt: - worried","For the next questions, please indicate how often you felt or experienced the following in your life in general during the past month.
In the past month, how often have you felt: - at ease","For the next questions, please indicate how often you felt or experienced the following in your life in general during the past month.
In the past month, how often have you felt: - at ease","For the next questions, please indicate how often you felt or experienced the following in your life in general during the past month.
In the past month, how often have you felt: - comfortable","For the next questions, please indicate how often you felt or experienced the following in your life in general during the past month.
In the past month, how often have you felt: - comfortable",,These next questions are about how you have felt about different aspects of your life during the past month. - How often do you feel that you lack companionship?,These next questions are about how you have felt about different aspects of your life during the past month. - How often do you feel left out?,These next questions are about how you have felt about different aspects of your life during the past month. - How often do you feel isolated from others?,,"For the next set of questions, please show how often each happen by clicking on one response next to each question. In the past month, how often have you: - Felt like you were treated unfairly by other people?","For the next set of questions, please show how often each happen by clicking on one response next to each question. In the past month, how often have you: - Had a disagreement with other people over the work you do?","For the next set of questions, please show how often each happen by clicking on one response next to each question. In the past month, how often have you: - Been shown a lack of respect or felt underappreciated by other people?","For the next set of questions, please show how often each happen by clicking on one response next to each question. In the past month, how often have you: - Been treated with hostility or rude behavior by other people?","For the next set of questions, please show how often each happen by clicking on one response next to each question. In the past month, how often have you: - Had other people yell at you?","For the next set of questions, please show how often each happen by clicking on one response next to each question. In the past month, how often have you: - Been blamed or criticized for something that was not your fault by other people?","For the next set of questions, please show how often each happen by clicking on one response next to each question. In the past month, how often have you: - Been given unclear directions by other people?",,"Using the statements below, during the past month, how often do you - Get together with friends informally (e.g., ""hang-out"")","Using the statements below, during the past month, how often do you - Go to parties or other social activities (e.g., church gatherings)","Using the statements below, during the past month, how often do you - Ride around in a car (or motorbike) with friends just for fun","Using the statements below, during the past month, how often do you - Go shopping in a mall or store","Using the statements below, during the past month, how often do you - Go out for fun and recreation with your friends","Using the statements below, during the past month, how often do you - Go out on dates","Using the statements below, during the past month, how often do you - Attend a face-to-face class on campus","Using the statements below, during the past month, how often do you - Exercising with friends (e.g., gym, sports)",,"On average, during the past month, about how much time (in minutes) EACH day do you spend combined on all social media sites/apps? - Time each day on all social media sites","On a typical day during the past month, how much time did you spend (from when you woke up until you went to bed) doing the following? - Watching videos/TV on the computer (e.g., YouTube, Facebook, Netflix)","On a typical day during the past month, how much time did you spend (from when you woke up until you went to bed) doing the following? - Playing computer or video games (e.g., Xbox)","On a typical day during the past month, how much time did you spend (from when you woke up until you went to bed) doing the following? - Watching television (including TV shows, movies on DVD)",,"On a typical day in the past month, how much time (in minutes) would you estimate that you spend looking at a screen? Respond with your estimates using the sliding scale below - Smartphone (or other type of phone with a screen)","On a typical day in the past month, how much time (in minutes) would you estimate that you spend looking at a screen? Respond with your estimates using the sliding scale below - Tablet or other small device with a screen","On a typical day in the past month, how much time (in minutes) would you estimate that you spend looking at a screen? Respond with your estimates using the sliding scale below - Computer (e.g., laptop, desktop)","On a typical day in the past month, how much time (in minutes) would you estimate that you spend looking at a screen? Respond with your estimates using the sliding scale below - Television",,Are you currently employed?,What type of employment do you currently have?,"During the past 30 days, please indicate your level of agreement with the following statements relative to your current job - I am often bored with my job","During the past 30 days, please indicate your level of agreement with the following statements relative to your current job - I am often bored with my job","During the past 30 days, please indicate your level of agreement with the following statements relative to your current job - I feel fairly well satisfied with my present job","During the past 30 days, please indicate your level of agreement with the following statements relative to your current job - I am satisfied with my job for the time being","During the past 30 days, please indicate your level of agreement with the following statements relative to your current job - Most days I am enthusiastic about my work","During the past 30 days, please indicate your level of agreement with the following statements relative to your current job - I like my job better than the average worker does","During the past 30 days, please indicate your level of agreement with the following statements relative to your current job - I find real enjoyment in my work",,Please indicate your level of agreement or disagreement with the following statements about your current job - I would be very happy to spend the rest of my career with this organization,Please indicate your level of agreement or disagreement with the following statements about your current job - I enjoy discussing my organization with people outside of it,Please indicate your level of agreement or disagreement with the following statements about your current job - I really feel as if this organization's problems are my own,Please indicate your level of agreement or disagreement with the following statements about your current job - I think that I could easily become attached to another organization as I am to this one.,"Please indicate your level of agreement or disagreement with the following statements about your current job - I do not feel like ""part of the family"" at my organization","Please indicate your level of agreement or disagreement with the following statements about your current job - I do not feel like ""part of the family"" at my organization","Please indicate your level of agreement or disagreement with the following statements about your current job - I do not feel ""emotionally attached"" to this organization","Please indicate your level of agreement or disagreement with the following statements about your current job - I do not feel ""emotionally attached"" to this organization",Please indicate your level of agreement or disagreement with the following statements about your current job - This organization has a great deal of personal meaning for me,Please indicate your level of agreement or disagreement with the following statements about your current job - I do not feel a strong sense of belonging to my organization,,Please indicate your level of agreement or disagreement with the following statements about your current job - I do not feel any obligation to remain with my current employer,Please indicate your level of agreement or disagreement with the following statements about your current job - I do not feel any obligation to remain with my current employer,"Please indicate your level of agreement or disagreement with the following statements about your current job - Even if it were to my advantage, I do not feel it would be right to leave my organization now",Please indicate your level of agreement or disagreement with the following statements about your current job - I would feel guilty if I left my organization now,Please indicate your level of agreement or disagreement with the following statements about your current job - This organization deserves my loyalty,Please indicate your level of agreement or disagreement with the following statements about your current job - I would not leave my organization right now because I have a sense of obligation to the people in it,Please indicate your level of agreement or disagreement with the following statements about your current job - I owe a great deal to this organization,,Please indicate your level of agreement or disagreement with the following statements about your current job - I am not afraid of what might happen if I quit my job without having another one lined up,Please indicate your level of agreement or disagreement with the following statements about your current job - I am not afraid of what might happen if I quit my job without having another one lined up,"Please indicate your level of agreement or disagreement with the following statements about your current job - It would be very hard for me to leave my organization right now, even if I wanted to",Please indicate your level of agreement or disagreement with the following statements about your current job - Too much in my life would be disrupted if I decided I wanted to leave my organization now,Please indicate your level of agreement or disagreement with the following statements about your current job - It wouldn't be too costly for me to leave my organization right now,Please indicate your level of agreement or disagreement with the following statements about your current job - It wouldn't be too costly for me to leave my organization right now,"Please indicate your level of agreement or disagreement with the following statements about your current job - Right now, staying with my organization is a matter of necessity as much as desire",Please indicate your level of agreement or disagreement with the following statements about your current job - I feel that I have too few options to consider leaving this organization,Please indicate your level of agreement or disagreement with the following statements about your current job - One of the few serious consequences of leaving this organization would be the scarcity of available alternatives,Please indicate your level of agreement or disagreement with the following statements about your current job - One of the major reasons I continue to work for this organization is that leaving would require considerable personal sacrifice - another organization may not match the overall benefits I have here,,During the past 30 days at my job: - I was enthusiastic about my job,During the past 30 days at my job: - My job inspired me,During the past 30 days at my job: - I was proud of the work that I did in my job,"During the past 30 days at my job: - At my work, I felt bursting with energy","During the past 30 days at my job: - At my job, I felt strong and vigorous","During the past 30 days at my job: - When I got up in the morning, I felt like going to work",During the past 30 days at my job: - I felt happy when I was working intensely,During the past 30 days at my job: - I was immersed in my work,During the past 30 days at my job: - I was absorbed in my work,,"Based on the past 30 days at work, please read each statement and indicate the extent to which you agree by selecting the appropriate bubble below. - I use all the necessary safety equipment to do my job.","Based on the past 30 days at work, please read each statement and indicate the extent to which you agree by selecting the appropriate bubble below. - I use the correct safety procedures for carrying out my job.","Based on the past 30 days at work, please read each statement and indicate the extent to which you agree by selecting the appropriate bubble below. - I ensure the highest level of safety when I carry out my job.",,"During the past 30 days, how often have you done each of the following things on your present job? - Purposely wasted your employer’s materials/supplies","During the past 30 days, how often have you done each of the following things on your present job? - Complained about insignificant things at work","During the past 30 days, how often have you done each of the following things on your present job? - Told people outside the job what a lousy place you work for","During the past 30 days, how often have you done each of the following things on your present job? - Came to work late without permission","During the past 30 days, how often have you done each of the following things on your present job? - Stayed home from work and said you were sick when you weren’t","During the past 30 days, how often have you done each of the following things on your present job? - Insulted someone about their job performance","During the past 30 days, how often have you done each of the following things on your present job? - Made fun of someone’s personal life","During the past 30 days, how often have you done each of the following things on your present job? - Ignored someone at work","During the past 30 days, how often have you done each of the following things on your present job? - Started an argument with someone at work","During the past 30 days, how often have you done each of the following things on your present job? - Insulted or made fun of someone at work",,Please indicate how often you have done each of the following in the past 30 days. - Thought about applying for a new job.,Please indicate how often you have done each of the following in the past 30 days. - Looked for a new job in the newspaper or online,Please indicate how often you have done each of the following in the past 30 days. - Talked to a prospective employer about a new job.,Please indicate how often you have done each of the following in the past 30 days. - Applied for a new job.,,"What is your full name (first and last, please)? (Remember that no one 
outside Brother Wright and Brother Marrott's research team will be able to link your personal 
information to your identity).",What is your age? - Age,What is your sex?,What is your racial background? (select only one),What is your relationship status? (select only one),What is your current level of college education?,Please indicate how many credits you are currently enrolled in during this semester. - Credits,What is your major and emphasis (if applicable)?,For which class are you completing this survey? (this is the class you are currently taking this semester),Have you taken Health Psychology (PSYCH 435) before this current semester?,Have you taken Industrial/Organizational Psychology (PSYCH 445) before this current semester?,Which option below BEST describes your family?,"Which of these categories best describes your total combined family income for your parents' household for the past 12 months? This should include income (before taxes) from all sources, wages, rent, social security, disability and/or veter's benefits, workman's compensation, unemployment benefits, and so on. (as best as you know them)","On average, about how many hours do you spend on homework each week (time spent in your classes does not count)? - Hours spent on homework in a week",Did you answer each question in this survey honestly and to the best of your knowledge?,"Thank you so much for taking the time to complete this survey and assist in our class research study! Your responses are important to us and the success of this class. May we use your information you provide on these surveys for future publication purposes? Remember, your identity will NOT be linked to your responses and ALL data will be reported in aggregate to protect your personal information and ensure that no one can match your information to your identity.",Q_BallotBoxStuffing
"{""ImportId"":""startDate"",""timeZone"":""America/Phoenix""}","{""ImportId"":""endDate"",""timeZone"":""America/Phoenix""}","{""ImportId"":""ipAddress""}","{""ImportId"":""duration""}","{""ImportId"":""finished""}","{""ImportId"":""recordedDate"",""timeZone"":""America/Phoenix""}","{""ImportId"":""QID231_1""}","{""ImportId"":""QID231_2""}","{""ImportId"":""QID231_3""}","{""ImportId"":""QID231_4""}","{""ImportId"":""QID231_5""}","{""ImportId"":""QID231_6""}","{""ImportId"":""QID231_7""}","{""ImportId"":""QID231_8""}","{""ImportId"":""QID231_9""}","{""ImportId"":""QID231_10""}","{""ImportId"":""QID232_1""}","{""ImportId"":""QID232_2""}","{""ImportId"":""QID232_3""}","{""ImportId"":""QID232_4""}","{""ImportId"":""QID232_5""}","{""ImportId"":""QID232_6""}","{""ImportId"":""QID232_7""}","{""ImportId"":""QID232_8""}","{""ImportId"":""QID232_9""}","{""ImportId"":""QID232_10""}",,"{""ImportId"":""QID236_2""}","{""ImportId"":""QID236_3""}","{""ImportId"":""QID236_4""}","{""ImportId"":""QID236_5""}",,"{""ImportId"":""QID234_1""}","{""ImportId"":""QID234_2""}","{""ImportId"":""QID234_3""}","{""ImportId"":""QID234_4""}","{""ImportId"":""QID234_5""}",,"{""ImportId"":""QID235_1""}","{""ImportId"":""QID235_2""}","{""ImportId"":""QID235_3""}","{""ImportId"":""QID235_4""}","{""ImportId"":""QID235_5""}",,"{""ImportId"":""QID194_1""}","{""ImportId"":""QID194_2""}","{""ImportId"":""QID194_3""}","{""ImportId"":""QID194_4""}","{""ImportId"":""QID194_5""}","{""ImportId"":""QID194_6""}","{""ImportId"":""QID194_7""}",,"{""ImportId"":""QID1211630755_1""}","{""ImportId"":""QID1211630755_2""}","{""ImportId"":""QID1211630755_3""}","{""ImportId"":""QID1211630755_4""}","{""ImportId"":""QID1211630755_5""}",,"{""ImportId"":""QID178_1""}","{""ImportId"":""QID178_8""}","{""ImportId"":""QID178_3""}","{""ImportId"":""QID178_4""}","{""ImportId"":""QID178_9""}","{""ImportId"":""QID178_5""}","{""ImportId"":""QID178_6""}",,"{""ImportId"":""QID179_1""}","{""ImportId"":""QID179_9""}","{""ImportId"":""QID179_10""}","{""ImportId"":""QID179_11""}","{""ImportId"":""QID179_12""}","{""ImportId"":""QID179_13""}","{""ImportId"":""QID179_14""}","{""ImportId"":""QID179_15""}","{""ImportId"":""QID179_16""}","{""ImportId"":""QID179_2""}","{""ImportId"":""QID179_3""}","{""ImportId"":""QID179_4""}","{""ImportId"":""QID179_5""}","{""ImportId"":""QID179_17""}","{""ImportId"":""QID179_6""}","{""ImportId"":""QID179_7""}","{""ImportId"":""QID179_8""}","{""ImportId"":""QID179_18""}",,"{""ImportId"":""QID1211630768_1""}","{""ImportId"":""QID1211630768_2""}","{""ImportId"":""QID1211630768_3""}","{""ImportId"":""QID1211630768_4""}","{""ImportId"":""QID1211630768_5""}",,"{""ImportId"":""QID1211630769_1""}","{""ImportId"":""QID1211630769_2""}","{""ImportId"":""QID1211630769_2""}","{""ImportId"":""QID1211630769_3""}","{""ImportId"":""QID1211630769_3""}","{""ImportId"":""QID1211630769_4""}","{""ImportId"":""QID1211630769_4""}","{""ImportId"":""QID1211630769_5""}","{""ImportId"":""QID1211630769_6""}","{""ImportId"":""QID1211630769_6""}","{""ImportId"":""QID1211630769_7""}",,"{""ImportId"":""QID1211630734_1""}","{""ImportId"":""QID1211630734_2""}","{""ImportId"":""QID1211630734_3""}","{""ImportId"":""QID1211630734_3""}","{""ImportId"":""QID1211630734_4""}","{""ImportId"":""QID1211630734_4""}",,"{""ImportId"":""QID1211630748_1""}","{""ImportId"":""QID1211630748_2""}","{""ImportId"":""QID1211630748_3""}",,"{""ImportId"":""QID1211630749_1""}","{""ImportId"":""QID1211630749_2""}","{""ImportId"":""QID1211630749_3""}","{""ImportId"":""QID1211630749_4""}","{""ImportId"":""QID1211630749_5""}","{""ImportId"":""QID1211630749_6""}","{""ImportId"":""QID1211630749_7""}",,"{""ImportId"":""QID1211630735_13""}","{""ImportId"":""QID1211630735_7""}","{""ImportId"":""QID1211630735_2""}","{""ImportId"":""QID1211630735_3""}","{""ImportId"":""QID1211630735_4""}","{""ImportId"":""QID1211630735_5""}","{""ImportId"":""QID1211630735_12""}","{""ImportId"":""QID1211630735_20""}",,"{""ImportId"":""QID113_1""}","{""ImportId"":""QID115_2""}","{""ImportId"":""QID115_3""}","{""ImportId"":""QID115_10""}",,"{""ImportId"":""QID116_1""}","{""ImportId"":""QID116_2""}","{""ImportId"":""QID116_3""}","{""ImportId"":""QID116_4""}",,"{""ImportId"":""QID228""}","{""ImportId"":""QID227""}","{""ImportId"":""QID226_1""}","{""ImportId"":""QID226_1""}","{""ImportId"":""QID226_2""}","{""ImportId"":""QID226_3""}","{""ImportId"":""QID226_4""}","{""ImportId"":""QID226_5""}","{""ImportId"":""QID226_6""}",,"{""ImportId"":""QID237_1""}","{""ImportId"":""QID237_2""}","{""ImportId"":""QID237_3""}","{""ImportId"":""QID237_4""}","{""ImportId"":""QID237_5""}","{""ImportId"":""QID237_5""}","{""ImportId"":""QID237_6""}","{""ImportId"":""QID237_6""}","{""ImportId"":""QID237_7""}","{""ImportId"":""QID237_8""}",,"{""ImportId"":""QID229_1""}","{""ImportId"":""QID229_1""}","{""ImportId"":""QID229_2""}","{""ImportId"":""QID229_3""}","{""ImportId"":""QID229_4""}","{""ImportId"":""QID229_5""}","{""ImportId"":""QID229_6""}",,"{""ImportId"":""QID230_1""}","{""ImportId"":""QID230_1""}","{""ImportId"":""QID230_2""}","{""ImportId"":""QID230_3""}","{""ImportId"":""QID230_4""}","{""ImportId"":""QID230_4""}","{""ImportId"":""QID230_5""}","{""ImportId"":""QID230_6""}","{""ImportId"":""QID230_7""}","{""ImportId"":""QID230_8""}",,"{""ImportId"":""QID224_1""}","{""ImportId"":""QID224_2""}","{""ImportId"":""QID224_3""}","{""ImportId"":""QID224_4""}","{""ImportId"":""QID224_5""}","{""ImportId"":""QID224_6""}","{""ImportId"":""QID224_7""}","{""ImportId"":""QID224_8""}","{""ImportId"":""QID224_9""}",,"{""ImportId"":""QID223_1""}","{""ImportId"":""QID223_2""}","{""ImportId"":""QID223_3""}",,"{""ImportId"":""QID220_1""}","{""ImportId"":""QID220_2""}","{""ImportId"":""QID220_3""}","{""ImportId"":""QID220_4""}","{""ImportId"":""QID220_5""}","{""ImportId"":""QID220_6""}","{""ImportId"":""QID220_7""}","{""ImportId"":""QID220_8""}","{""ImportId"":""QID220_9""}","{""ImportId"":""QID220_10""}",,"{""ImportId"":""QID222_1""}","{""ImportId"":""QID222_2""}","{""ImportId"":""QID222_3""}","{""ImportId"":""QID222_4""}",,"{""ImportId"":""QID1211630736_TEXT""}","{""ImportId"":""QID1211630739_1""}","{""ImportId"":""QID1211630740""}","{""ImportId"":""QID1211630741""}","{""ImportId"":""QID1211630742""}","{""ImportId"":""QID1211630743""}","{""ImportId"":""QID1211630745_1""}","{""ImportId"":""QID1211630746_TEXT""}","{""ImportId"":""QID188""}","{""ImportId"":""QID238""}","{""ImportId"":""QID239""}","{""ImportId"":""QID1211630730""}","{""ImportId"":""QID1211630729""}","{""ImportId"":""QID1211630727_1""}","{""ImportId"":""QID1211630789""}","{""ImportId"":""QID1211630790""}","{""ImportId"":""Q_BallotBoxStuffing""}"
4/23/2024 14:29,4/23/2024 14:51,205.185.98.23,1333,1,4/23/2024 14:52,2,5,2,5,3,3,3,3,1,5,2,4,3,4,2,2,3,4,2,5,3.15,3,6,3,4,4,6,5,6,5,6,5.6,5,4,6,6,5,5.2,14,17,15,14,14,17,13,14.85714286,2,2,2,2,1,1.8,1,2,2,5,3,2,1,2.285714286,4,3,5,3,2,1,4,3,3,3,2,4,3,2,5,2,3,4,3.111111111,6,6,7,6,7,6.4,5,4,2,4,2,3,3,2,4,2,2,2.571428571,4,2,4,2,4,2,2.5,4,1,1,2,1,1,1,1,1,1,1,1,6,4,3,3,3,1,8,1,3.625,121,2,2,4,2.666666667,85,121,401,60,166.75,2,,,,,,,,,#DIV/0!,,,,,,,,,,,#DIV/0!,,,,,,,,#DIV/0!,,,,,,,,,,,#DIV/0!,,,,,,,,,,#DIV/0!,,,,#DIV/0!,,,,,,,,,,,#DIV/0!,,,,,#DIV/0!,Alaura O'Brien,21,2,5,4,4,13,General Psychology,2,1,2,3,7,25,1,4,
4/23/2024 19:34,4/23/2024 20:00,192.225.189.130,1567,1,4/23/2024 20:00,5,3,6,2,2,5,5,6,2,4,6,2,6,2,4,6,2,2,5,2,3.85,5,5,7,2,4.75,4,6,6,6,6,5.6,6,6,6,6,6,6,13,13,13,13,18,13,13,13.71428571,3,1,4,4,3,3,3,2,5,7,6,5,1,4.142857143,5,5,3,5,4,3,4,3,4,4,3,3,4,3,2,2,2,5,3.555555556,5,5,2,3,3,3.6,3,3,3,4,2,4,2,4,4,2,3,2.714285714,5,4,3,3,2,4,4,5,5,5,5,4,2,4,4,3,3,3,3.285714286,2,1,1,4,1,1,6,1,2.125,31,5,1,1,2.333333333,31,0,222,0,63.25,2,,,,,,,,,#DIV/0!,,,,,,,,,,,#DIV/0!,,,,,,,,#DIV/0!,,,,,,,,,,,#DIV/0!,,,,,,,,,,#DIV/0!,,,,#DIV/0!,,,,,,,,,,,#DIV/0!,,,,,#DIV/0!,Mercedes Schiller,18,2,5,4,4,15,Psychology ,2,2,2,4,9,29,1,4,
4/23/2024 20:14,4/23/2024 20:44,216.128.237.133,1784,1,4/23/2024 20:44,3,4,4,2,1,3,4,5,1,1,4,3,5,3,6,3,5,2,4,1,3.2,7,7,7,7,7,7,7,7,7,7,7,7,6,7,7,7,6.8,13,15,13,13,13,14,13,13.42857143,1,3,1,1,1,1.4,1,1,1,1,6,1,1,1.714285714,4,1,4,2,3,1,5,5,1,5,1,1,5,1,5,1,5,2,2.888888889,7,7,7,7,7,7,1,5,1,5,1,5,1,1,5,1,1,1,2,1,5,1,5,1,1.25,1,1,1,1,2,3,4,5,5,5,1,3.571428571,4,4,2,1,5,4,7,6,4.125,90,2,1,1,1.333333333,90,0,500,20,152.5,1,2,1,7,6,6,7,6,5,6.166666667,2,2,6,6,4,4,6,2,2,4,3.5,7,1,1,1,1,1,1,1,1,7,1,5,2,6,7,1,2,7,4.5,6,4,7,4,6,5,5,7,6,5.555555556,5,5,5,5,1,1,1,1,1,1,1,1,1,1,1,1,1,1,1,1,Addisen Tucker,26,2,5,1,4,12,Psychology - General,2,1,2,3,2,24.5,1,4,
4/23/2024 20:22,4/23/2024 20:46,65.181.53.74,1461,1,4/23/2024 20:46,5,4,3,3,2,1,4,4,5,3,4,5,2,3,3,2,5,4,2,5,3.45,6,6,5,5,5.5,6,6,6,6,6,6,2,4,6,6,6,4.8,17,17,16,15,18,17,16,16.57142857,1,4,1,1,1,1.6,5,3,4,4,4,4,4,4,2,1,3,1,2,2,4,4,2,4,1,1,3,1,4,1,4,4,2.444444444,6,6,5,5,5,5.4,3,3,3,4,2,4,2,2,4,2,2,2.285714286,4,4,3,3,4,2,3.25,2,2,2,2,1,1,1,1,1,1,1,1,2,2,1,1,1,1,6,1,1.875,220,4,6,9,6.333333333,280,283,417,785,441.25,2,,,,,,,,,#DIV/0!,,,,,,,,,,,#DIV/0!,,,,,,,,#DIV/0!,,,,,,,,,,,#DIV/0!,,,,,,,,,,#DIV/0!,,,,#DIV/0!,,,,,,,,,,,#DIV/0!,,,,,#DIV/0!,Midajah Solar,21,2,7,4,4,15,Psychology- Psychology emphasis,2,2,2,2,2,13.1,1,4,
4/23/2024 21:14,4/23/2024 21:38,205.185.98.67,1442,1,4/23/2024 21:38,5,3,4,3,5,3,5,4,4,4,5,3,4,6,5,5,6,4,5,3,4.3,6,7,7,7,6.75,6,7,6,6,7,6.4,6,7,7,6,7,6.6,17,17,18,13,17,16,17,16.42857143,1,2,1,2,2,1.6,5,5,5,7,6,6,5,5.571428571,3,3,4,2,3,4,4,4,3,5,2,1,3,2,5,3,4,5,3.333333333,5,3,4,5,5,4.4,5,2,4,3,3,3,3,2,4,2,4,3.285714286,4,4,3,3,3,3,3.5,2,4,4,3.333333333,4,3,3,2,3,4,5,3.428571429,2,1,1,3,1,4,8,1,2.625,100,3,1,4,2.666666667,200,0,259,111,142.5,1,1,5,3,5,5,4,5,4,4.333333333,1,2,4,4,6,2,6,2,5,5,3.125,6,2,6,5,6,5,3,4.5,6,2,5,5,5,3,6,6,6,5,4.75,6,3,5,5,6,6,4,5,5,5,5,5,5,5,1,1,1,1,1,1,1,1,1,1,1,2,1,1,2,1.5,Audrey Bates,20,2,5,1,4,15,IO Psychology,2,2,2,3,5,20,1,4,
4/24/2024 10:24,4/24/2024 10:49,157.201.96.100,1547,1,4/24/2024 10:49,3,4,2,2,4,3,3,4,5,4,3,6,3,3,4,4,5,4,2,5,3.65,5,6,6,5,5.5,5,6,5,4,7,5.4,6,7,7,7,4,6.2,15,16,13,13,14,17,17,15,2,2,3,1,1,1.8,2,3,1,5,7,2,2,3.142857143,4,2,5,2,3,3,5,5,2,4,3,4,4,2,2,2,3,4,3.277777778,4,5,3,5,7,4.8,2,4,2,3,3,4,2,1,4,2,3,2.142857143,3,3,4,2,4,2,2.5,3,3,2,2.666666667,2,1,2,1,1,2,2,1.571428571,6,5,2,1,5,3,8,2,4,121,2,1,5,2.666666667,122,240,32,150,136,1,1,2,6,7,7,6,6,6,6.333333333,2,6,6,6,1,7,1,7,7,1,5.25,2,6,6,7,7,7,7,6.666666667,1,7,7,2,1,7,5,2,3,4,4.625,7,7,7,6,6,5,7,7,6,6.444444444,5,5,5,5,1,2,1,1,1,1,1,1,1,1,1.1,2,1,1,1,1.25,Erin Bueler,21,2,5,4,3,15,Psychology,1,2,2,3,6,4,1,4,
4/24/2024 10:23,4/24/2024 10:51,157.201.96.100,1684,1,4/24/2024 10:51,4,5,3,5,3,3,2,2,1,5,3,5,2,3,2,4,5,5,2,5,3.45,6,7,7,6,6.5,6,6,5,7,7,6.2,3,5,3,5,5,4.2,14,17,14,14,14,15,14,14.57142857,2,2,1,1,1,1.4,6,5,3,6,6,3,5,4.857142857,5,1,5,3,3,2,4,4,2,3,2,4,4,2,5,2,5,3,3.277777778,7,7,7,7,6,6.8,3,2,4,3,3,5,1,3,4,2,3,2.714285714,4,3,3,3,3,3,3.25,1,1,1,1,2,2,1,1,1,1,1,1.285714286,1,5,1,2,3,4,8,4,3.5,55,3,1,6,3.333333333,100,0,65,118,70.75,1,1,2,6,6,6,5,5,6,5.666666667,1,5,2,7,7,1,4,4,2,7,3.625,2,6,4,5,5,6,6,5.333333333,1,7,6,7,1,7,7,5,7,7,6.625,6,6,6,6,6,5,7,7,7,6.222222222,3,3,2,2.666666667,1,3,4,1,1,2,2,2,1,2,1.9,3,3,2,2,2.5,Trevor Kirkland,23,1,5,1,3,6,Health Psychology ,1,2,2,3,7,15.2,1,4,
4/24/2024 9:56,4/24/2024 11:27,146.70.45.83,5457,1,4/24/2024 11:27,4,3,2,5,2,4,3,3,2,5,4,4,3,4,4,4,5,4,3,4,3.6,4,5,5,3,4.25,5,5,5,5,5,5,4,3,3,5,4,3.8,17,18,15,17,17,17,15,16.57142857,2,2,2,1,2,1.8,3,3,3,5,5,3,3,3.571428571,3,2,3,3,2,2,3,2,1,3,1,1,3,1,3,1,2,2,2.111111111,5,5,3,6,3,4.4,3,3,3,2,4,3,3,3,3,3,4,3.285714286,3,3,3,3,3,3,3,2,3,3,2.666666667,2,2,2,2,2,2,3,2.142857143,3,4,2,4,3,4,8,2,3.75,119,5,4,1,3.333333333,119,0,241,0,90,1,1,3,5,5,5,4,5,4,4.666666667,2,5,3,5,3,5,3,5,2,3,3.75,5,3,3,3,3,5,3,3.333333333,2,6,3,5,3,5,5,5,5,6,5,5,4,5,4,4,3,3,4,4,4,4,4,4,4,1,2,1,1,1,1,1,2,1,1,1.2,3,1,1,1,1.5,Ben Ohlendorf,24,1,5,1,4,12,"Biology, emphasis in neuroscience",1,2,2,3,2,18,1,4,
4/24/2024 11:37,4/24/2024 12:01,157.201.98.1,1456,1,4/24/2024 12:01,5,4,3,5,2,3,4,3,1,5,2,4,2,4,2,1,3,4,2,5,3.2,5,6,5,4,5,5,6,6,6,7,6,3,2,5,3,6,3.8,18,18,14,14,19,17,19,17,2,3,1,2,4,2.4,2,1,2,6,6,4,2,3.285714286,4,3,4,4,2,2,3,3,2,5,2,2,3,2,4,1,2,5,2.944444444,5,6,5,7,3,5.2,4,1,5,4,2,3,3,3,2,4,2,3.285714286,5,5,3,3,2,4,4.25,1,3,3,2.333333333,2,2,3,3,2,2,3,2.428571429,2,4,1,1,2,3,7,5,3.125,355,6,3,3,4,415,27,127,35,151,2,,,8,,,,,,8,,,,,,,,,,,#DIV/0!,,,,,,,,#DIV/0!,,,,,,,,,,,#DIV/0!,,,,,,,,,,#DIV/0!,,,,#DIV/0!,,,,,,,,,,,#DIV/0!,,,,,#DIV/0!,Eliza Biggs,22,2,7,1,3,11,Applied Biology,1,2,2,3,5,6.5,1,4,
4/24/2024 11:37,4/24/2024 12:01,107.77.228.13,1454,1,4/24/2024 12:01,2,2,2,4,3,2,2,4,1,2,4,4,4,3,4,2,4,4,2,4,2.95,4,6,6,3,4.75,4,6,3,5,5,4.6,4,2,3,5,4,3.6,17,17,16,13,17,14,16,15.71428571,2,3,1,1,3,2,2,3,2,6,6,6,4,4.142857143,3,2,4,2,2,1,3,4,1,5,2,2,3,2,4,1,4,4,2.722222222,4,5,6,6,4,5,3,3,3,4,2,3,3,3,3,3,3,2.857142857,3,3,3,3,3,3,3,3,2,2,2.333333333,2,3,2,2,2,2,3,2.285714286,2,1,2,1,3,1,6,5,2.625,200,2,4,4,3.333333333,125,3,28,75,57.75,1,1,5,3,6,6,4,6,5,5,2,5,2,6,1,7,5,3,4,3,4,5,3,4,2,4,4,2,3.166666667,5,3,2,5,3,5,4,2,2,2,3.125,4,4,5,3,4,2,2,4,4,3.555555556,5,5,5,5,1,2,2,1,1,1,1,1,1,1,1.2,2,1,1,1,1.25,Kyra (Alex) Beck,22,2,5,4,4,13,Psychology,1,2,2,1,9,18.3,1,4,
4/24/2024 11:49,4/24/2024 12:14,24.117.94.170,1500,1,4/24/2024 12:14,3,4,2,5,2,3,2,4,1,5,1,3,2,3,4,5,5,4,1,5,3.2,7,7,7,6,6.75,7,7,7,7,7,7,6,6,5,7,5,5.8,14,17,14,15,19,18,17,16.28571429,1,2,1,2,1,1.4,2,5,2,1,4,1,5,2.857142857,5,2,4,3,4,2,5,5,2,5,1,3,5,1,4,1,4,3,3.277777778,6,7,6,5,4,5.6,2,5,1,5,1,4,2,3,5,1,3,1.857142857,3,3,4,2,4,2,2.5,2,3,3,2.666666667,2,2,2,3,2,3,3,2.428571429,3,4,2,4,2,4,6,1,3.25,80,8,1,7,5.333333333,300,0,121,90,127.75,1,1,6,2,4,1,3,4,3,2.833333333,1,2,1,7,5,3,5,3,2,3,2.75,7,1,1,1,1,2,3,1.5,6,2,1,2,2,6,1,1,2,3,2.25,2,2,6,3,2,1,2,3,3,2.666666667,5,5,4,4.666666667,1,2,1,2,1,1,2,1,1,1,1.3,4,5,5,5,4.75,Jordyn Reynolds,22,2,5,1,3,14,"Biology, Neuroscience ",1,2,2,6,2,20,1,4,
4/24/2024 13:00,4/24/2024 13:38,192.225.189.94,2257,1,4/24/2024 13:38,2,4,1,5,3,2,3,1,2,5,3,4,2,4,3,1,4,5,2,5,3.05,7,6,6,6,6.25,5,6,7,6,7,6.2,6,7,7,7,6,6.6,17,13,14,14,17,14,16,15,1,2,2,1,1,1.4,4,3,5,6,6,2,4,4.285714286,5,2,3,3,4,2,5,5,2,4,2,2,5,1,3,3,5,2,3.222222222,6,7,6,5,3,5.4,2,5,1,5,1,4,2,2,5,1,1,1.428571429,2,2,5,1,5,1,1.5,3,1,2,2,3,1,2,1,1,2,3,1.857142857,5,5,3,3,4,5,8,1,4.25,15,2,1,6,3,180,1,180,361,180.5,1,1,2,6,6,7,5,4,6,5.666666667,1,4,5,7,2,6,2,6,5,2,4.5,2,6,6,6,5,6,5,5.666666667,2,6,6,5,3,5,6,4,3,7,5.25,5,6,6,7,5,3,6,6,7,5.666666667,4,4,4,4,1,1,1,1,1,1,1,1,1,1,1,3,1,1,1,1.5,Mary Elizabeth Jarman,21,2,5,4,3,4,Health Psychology,1,2,2,3,5,20,1,4,
4/24/2024 14:34,4/24/2024 15:06,205.185.107.16,1950,1,4/24/2024 15:06,4,4,3,2,3,2,4,3,2,5,2,4,3,3,3,2,5,4,2,4,3.2,5,5,6,5,5.25,5,6,5,5,4,5,5,3,3,5,3,3.8,17,15,13,13,13,17,15,14.71428571,2,1,2,2,1,1.6,6,3,3,5,6,2,5,4.285714286,4,1,4,2,3,2,5,4,2,5,1,3,2,1,3,1,3,3,2.722222222,5,5,5,3,3,4.2,3,4,2,4,2,3,3,3,4,2,2,2.428571429,3,3,4,2,5,1,2.25,4,3,3,3.333333333,3,3,2,1,2,2,4,2.428571429,4,2,2,3,3,2,4,1,2.625,119,4,5,3,4,84,25,124,32,66.25,2,,,,,,,,,#DIV/0!,,,,,,,,,,,#DIV/0!,,,,,,,,#DIV/0!,,,,,,,,,,,#DIV/0!,,,,,,,,,,#DIV/0!,,,,#DIV/0!,,,,,,,,,,,#DIV/0!,,,,,#DIV/0!,Alyssa Chamberlain,22,2,5,4,3,12,"Psychology, with a general psychology emphasis",1,2,2,5,8,15,1,4,
4/24/2024 14:41,4/24/2024 15:08,205.185.105.21,1638,1,4/24/2024 15:08,6,2,3,5,2,4,2,5,2,5,6,4,6,2,3,2,6,1,3,2,3.55,7,7,7,7,7,7,7,7,7,7,7,6,5,7,7,6,6.2,13,13,13,13,17,14,13,13.71428571,2,1,2,1,1,1.4,5,2,1,6,6,1,1,3.142857143,5,3,5,3,5,2,3,5,1,5,2,1,5,3,5,2,5,3,3.5,6,6,6,7,7,6.4,3,3,3,5,1,4,2,1,4,2,1,1.857142857,2,3,4,2,4,2,2.25,1,1,2,1.333333333,5,3,4,4,2,2,4,3.428571429,8,4,2,2,7,5,8,7,5.375,216,4,2,5,3.666666667,100,11,263,156,132.5,2,,,,,,,,,#DIV/0!,,,,,,,,,,,#DIV/0!,,,,,,,,#DIV/0!,,,,,,,,,,,#DIV/0!,,,,,,,,,,#DIV/0!,,,,#DIV/0!,,,,,,,,,,,#DIV/0!,,,,,#DIV/0!,David Spalding,24,1,5,1,4,16,Biomedical Science: Pre-Requisites for Dental School,1,2,2,6,9,20.1,1,4,
4/24/2024 15:05,4/24/2024 15:32,192.187.62.4,1615,1,4/24/2024 15:32,4,3,3,4,5,4,4,4,1,3,4,3,4,3,5,5,5,5,2,4,3.75,6,5,6,3,5,5,6,5,5,6,5.4,5,4,3,4,2,3.6,15,18,14,17,19,18,17,16.85714286,2,1,3,2,2,2,1,2,2,6,5,6,2,3.428571429,3,4,4,3,2,3,3,3,4,3,3,4,2,2,3,4,2,4,3.111111111,3,3,6,5,5,4.4,4,3,3,3,3,3,3,4,3,3,4,3.428571429,4,4,3,3,3,3,3.5,3,3,3,3,4,2,4,2,3,4,5,3.428571429,4,5,3,3,4,1,8,6,4.25,300,5,1,7,4.333333333,242,0,472,100,203.5,2,,,,,,,,,#DIV/0!,,,,,,,,,,,#DIV/0!,,,,,,,,#DIV/0!,,,,,,,,,,,#DIV/0!,,,,,,,,,,#DIV/0!,,,,#DIV/0!,,,,,,,,,,,#DIV/0!,,,,,#DIV/0!,Katie Heiney,21,2,5,4,4,12,I/O Psychology,2,1,2,4,2,11,1,4,
4/24/2024 12:54,4/24/2024 16:14,217.147.184.10,11967,1,4/24/2024 16:14,3,4,5,5,3,4,3,5,2,4,3,4,3,4,4,4,4,4,4,3,3.75,5,6,5,6,5.5,6,6,6,5,7,6,7,6,6,7,6,6.4,17,17,17,16,19,14,14,16.28571429,2,1,2,2,1,1.6,5,2,5,6,7,7,2,4.857142857,5,2,3,3,4,2,4,4,5,5,2,3,5,2,5,1,4,5,3.555555556,5,5,4,5,5,4.8,4,5,1,5,1,5,1,2,5,1,2,1.714285714,5,5,3,3,3,3,4,2,3,3,2.666666667,3,2,2,2,2,3,3,2.428571429,5,4,1,2,4,4,8,2,3.75,65,2,1,1,1.333333333,90,0,265,0,88.75,2,,,,,,,,,#DIV/0!,,,,,,,,,,,#DIV/0!,,,,,,,,#DIV/0!,,,,,,,,,,,#DIV/0!,,,,,,,,,,#DIV/0!,,,,#DIV/0!,,,,,,,,,,,#DIV/0!,,,,,#DIV/0!,Kalise Walker,20,2,5,4,2,12,Psychology- health psychology ,1,2,2,4,2,10,1,,
4/24/2024 16:34,4/24/2024 17:06,205.185.107.32,1893,1,4/24/2024 17:06,3,5,3,4,4,4,3,4,2,4,3,4,2,3,3,6,4,4,2,4,3.55,5,5,5,5,5,5,5,5,6,6,5.4,6,5,6,6,6,5.8,15,17,14,14,14,14,14,14.57142857,1,1,1,1,1,1,5,3,2,4,4,2,2,3.142857143,4,3,2,3,3,2,2,4,4,2,1,2,3,1,5,1,3,4,2.722222222,5,5,5,3,5,4.6,3,4,2,3,3,3,3,3,4,2,3,2.714285714,4,4,3,3,3,3,3.5,2,2,4,2.666666667,3,1,2,1,1,1,2,1.571428571,3,4,1,3,2,6,6,1,3.25,1,2,2,2,2,39,1,151,1,48,1,1,5,3,2,5,5,5,3,3.833333333,1,2,5,6,3,5,3,5,3,3,3.75,3,5,3,5,3,4,3,3.833333333,3,5,3,3,5,3,3,4,5,3,3.625,5,3,5,3,3,4,4,5,5,4.111111111,4,4,4,4,1,1,1,2,1,1,1,1,1,1,1.1,3,1,1,1,1.5,Ian Blad,22,1,5,3,3,13,"Psychology, Industrial Organizational. ",2,2,2,6,7,13,1,4,
4/24/2024 16:41,4/24/2024 17:11,192.225.180.2,1814,1,4/24/2024 17:11,5,2,4,3,4,5,2,5,2,3,5,5,5,2,4,5,5,4,4,5,3.95,5,5,5,4,4.75,5,5,5,6,5,5.2,4,2,2,2,6,3.2,19,18,18,17,19,18,16,17.85714286,4,4,1,1,4,2.8,4,6,7,7,7,7,5,6.142857143,5,2,4,4,3,3,4,4,5,3,3,4,3,3,5,3,3,5,3.666666667,4,6,5,6,4,5,4,4,2,4,2,4,2,3,3,3,3,2.714285714,5,5,1,5,2,4,4.75,1,1,4,2,3,1,3,1,1,3,4,2.285714286,1,3,7,3,1,2,6,2,3.125,442,6,5,6,5.666666667,600,294,303,423,405,2,,,,,,,,,#DIV/0!,,,,,,,,,,,#DIV/0!,,,,,,,,#DIV/0!,,,,,,,,,,,#DIV/0!,,,,,,,,,,#DIV/0!,,,,#DIV/0!,,,,,,,,,,,#DIV/0!,,,,,#DIV/0!,Savannah Sundberg,22,2,5,1,4,9,"Psychology, emphasize general psych",3,2,1,4,2,30,1,4,
4/24/2024 12:57,4/24/2024 17:31,205.185.107.12,16450,1,4/24/2024 17:31,5,5,4,5,2,4,3,6,3,5,4,2,4,2,3,5,4,3,3,3,3.75,7,7,7,7,7,7,7,7,7,7,7,6,6,6,5,5,5.6,13,13,13,13,13,13,13,13,2,2,1,2,1,1.6,3,2,2,6,6,4,4,3.857142857,2,2,3,3,2,2,4,4,1,5,1,1,3,1,5,1,3,2,2.5,5,6,6,6,4,5.4,3,5,1,5,1,5,1,1,4,2,1,1.428571429,2,2,5,1,5,1,1.5,2,1,1,1.333333333,3,2,3,2,1,1,1,1.857142857,2,2,6,2,2,6,8,8,4.5,120,4,1,4,3,241,0,124,85,112.5,1,1,4,4,7,7,4,4,4,5,1,5,1,4,2,6,5,3,3,3,3.25,5,3,1,1,4,1,1,1.833333333,2,6,1,4,2,6,4,3,3,3,3.75,4,4,7,3,3,3,3,3,3,3.666666667,5,5,5,5,1,1,1,1,1,1,1,1,1,1,1,3,3,2,3,2.75,Melanie Wood,20,2,5,3,4,15,Health Psychology,1,2,2,5,8,20.1,1,4,
4/24/2024 17:06,4/24/2024 17:49,205.185.110.72,2610,1,4/24/2024 17:49,3,3,3,4,2,2,3,4,2,4,5,3,4,3,2,3,4,4,3,1,3.1,5,7,7,7,6.5,6,7,7,7,7,6.8,5,2,5,7,7,5.2,14,14,,17,14,13,14,14.33333333,1,4,1,1,2,1.8,2,2,3,4,3,2,2,2.571428571,3,2,4,2,1,2,4,3,1,4,2,2,3,1,4,1,5,3,2.611111111,6,6,4,5,6,5.4,2,4,2,5,1,4,2,1,5,1,1,1.428571429,3,2,4,2,4,2,2.25,1,2,3,2,1,2,3,2,1,2,3,2,7,4,1,3,4,5,8,6,4.75,300,4,4,4,4,307,120,241,120,197,2,,,,,,,,,#DIV/0!,,,,,,,,,,,#DIV/0!,,,,,,,,#DIV/0!,,,,,,,,,,,#DIV/0!,,,,,,,,,,#DIV/0!,,,,#DIV/0!,,,,,,,,,,,#DIV/0!,,,,,#DIV/0!,Olivia Adams,21,2,5,3,4,12,Psychology emphasis is general psychology,1,2,2,2,2,12,1,4,
4/24/2024 9:56,4/24/2024 18:57,205.185.98.51,32446,1,4/24/2024 18:57,6,3,2,6,4,2,5,3,1,5,4,6,6,2,1,5,6,2,4,2,3.75,7,7,7,7,7,7,7,6,7,7,6.8,5,4,5,6,2,4.4,15,15,15,14,14,17,14,14.85714286,1,2,1,1,1,1.2,6,2,3,6,5,3,3,4,4,2,3,2,1,2,5,4,1,4,1,2,5,3,5,1,5,2,2.888888889,7,7,7,7,7,7,5,5,1,5,1,5,1,2,4,2,2,2,1,1,5,1,5,1,1,1,3,1,1.666666667,1,2,2,2,3,3,3,2.285714286,5,5,5,2,6,4,6,2,4.375,189,4,4,6,4.666666667,503,197,600,306,401.5,1,1,4,4,4,4,4,4,4,4,2,4,2,2,2,6,4,4,4,1,3.125,3,5,6,6,5,5,6,5.5,2,6,6,6,1,7,1,1,1,1,3.625,4,4,4,4,4,4,4,4,4,4,4,4,4,4,1,2,1,1,1,1,1,1,1,1,1.1,2,1,1,1,1.25,brendan prince,23,1,5,1,3,14,"Psychology, Health Psychology",1,2,2,5,2,10.5,1,4,
4/24/2024 18:27,4/24/2024 19:00,192.225.180.2,2018,1,4/24/2024 19:00,6,2,4,4,1,5,3,5,3,3,6,3,6,3,4,2,4,3,6,3,3.8,5,5,5,6,5.25,4,5,6,5,6,5.2,6,3,3,6,5,4.6,14,14,14,14,14,18,14,14.57142857,2,1,2,1,2,1.6,2,2,5,2,5,2,1,2.714285714,4,2,4,2,4,4,4,3,2,5,1,2,5,2,4,2,4,3,3.166666667,5,5,5,5,2,4.4,2,4,2,4,2,4,2,2,4,2,2,2,3,3,4,2,4,2,2.5,4,3,3,3.333333333,3,3,4,4,2,2,3,3,4,3,3,3,2,4,6,6,3.875,0,6,5,5,5.333333333,63,0,414,211,172,1,2,5,3,5,6,2,5,3,4,2,7,3,3,1,7,3,5,5,2,4.25,,,,,,,,#DIV/0!,5,3,5,5,5,3,5,5,5,6,4.625,5,3,6,2,2,1,1,3,1,2.666666667,5,5,5,5,1,1,1,1,1,1,2,2,1,1,1.2,2,1,1,1,1.25,Aaron Matthew Sautter,24,1,5,1,4,12,General Psychology,1,2,2,3,6,7,1,4,
4/24/2024 19:22,4/24/2024 19:59,157.201.96.100,2247,1,4/24/2024 19:59,6,5,5,4,3,5,4,6,6,6,5,4,6,2,4,5,6,4,4,2,4.6,5,7,7,5,6,6,7,5,7,7,6.4,6,5,4,5,4,4.8,19,16,14,13,13,13,13,14.42857143,1,1,2,1,1,1.2,7,6,7,7,7,2,5,5.857142857,2,4,4,3,5,4,5,4,3,5,2,5,5,3,4,2,4,5,3.833333333,5,6,7,4,2,4.8,4,5,1,5,1,3,3,2,4,2,4,2.428571429,5,5,3,3,2,4,4.25,4,2,2,2.666666667,4,1,2,1,1,1,1,1.571428571,5,3,2,1,3,3,8,5,3.75,407,7,3,8,6,710,27,1000,369,526.5,1,1,3,5,6,6,4,2,5,4.666666667,2,4,5,5,2,6,5,3,4,2,3.875,6,2,6,2,2,4,4,3.333333333,7,1,2,5,2,6,7,6,3,4,4.25,6,6,6,4,5,5,6,5,4,5.222222222,5,5,5,5,1,1,1,1,1,1,1,1,1,1,1,1,1,1,1,1,Nefi Huerta,24,1,6,4,3,13,Exercise Physiology ,1,2,2,2,4,18,1,4,
4/24/2024 19:56,4/24/2024 20:33,134.50.162.97,2171,1,4/24/2024 20:33,5,3,4,3,1,5,2,4,1,4,4,2,5,4,4,4,5,3,3,3,3.45,4,5,5,6,5,4,3,4,5,5,4.2,7,4,5,7,7,6,15,15,15,15,15,15,15,15,1,1,1,1,1,1,1,1,1,1,1,1,1,1,5,2,4,2,1,2,2,3,2,4,1,2,4,2,4,1,2,1,2.444444444,4,4,4,4,4,4,2,4,2,4,2,2,4,2,3,3,3,2.571428571,1,2,2,4,2,4,2.75,4,2,3,3,1,2,3,3,3,3,3,2.571428571,3,2,1,2,3,4,8,1,3,25,4,4,3,3.666666667,100,0,60,0,40,1,2,4,4,4,5,5,5,5,4.666666667,5,4,5,3,3,5,3,5,5,3,4.375,3,5,5,5,5,5,7,5.333333333,1,7,1,1,1,7,1,2,2,7,3.5,6,6,6,6,6,6,6,6,6,6,4,4,4,4,1,1,1,1,1,1,1,1,1,1,1,2,2,1,1,1.5,Spencer Ford,25,1,5,1,4,12,"Psychology, general",2,2,2,4,6,12,1,4,
4/24/2024 19:42,4/24/2024 20:51,66.219.222.22,4149,1,4/24/2024 20:51,4,1,3,1,1,2,5,5,2,1,6,1,6,2,5,6,4,2,5,2,3.2,5,5,5,5,5,2,3,4,4,7,4,5,5,5,6,6,5.4,13,17,18,13,17,15,15,15.42857143,1,1,1,1,1,1,1,3,4,5,5,4,1,3.285714286,5,2,4,2,4,2,4,4,2,4,1,3,4,1,5,1,4,2,3,6,7,7,7,7,6.8,5,4,2,4,2,5,1,4,4,2,4,2.857142857,3,3,3,3,4,2,2.75,1,3,2,2,2,5,5,4,1,4,1,3.142857143,5,1,1,3,4,3,8,1,3.25,65,4,4,4,4,177,94,238,38,136.75,1,1,2,6,6,6,6,7,7,6.333333333,1,7,6,7,7,1,3,5,5,2,4.25,3,5,6,6,1,6,5,4.833333333,1,7,5,6,1,7,5,5,6,6,5.875,7,7,7,7,7,6,7,7,7,6.888888889,2,2,1,1.666666667,2,1,1,1,1,1,2,2,1,2,1.4,3,2,1,1,1.75,Samuel Solis,23,1,6,1,2,15,Psychology,2,2,2,3,6,19,1,4,
4/24/2024 20:22,4/24/2024 21:12,174.21.36.197,2975,1,4/24/2024 21:12,5,4,4,2,3,5,2,4,1,3,5,4,5,3,3,5,4,2,4,4,3.6,6,6,5,6,5.75,6,6,5,5,6,5.6,5,2,4,6,5,4.4,14,15,14,15,17,17,16,15.42857143,1,2,1,1,1,1.2,2,4,2,6,5,2,1,3.142857143,3,1,4,2,3,1,5,4,3,4,1,1,4,1,4,1,4,1,2.611111111,6,6,6,6,5,5.8,2,4,2,4,2,4,2,2,4,2,2,2,2,2,4,2,4,2,2,1,1,1,1,2,1,2,1,1,1,3,1.571428571,4,5,1,1,4,3,6,7,3.875,400,4,4,4,4,400,11,500,46,239.25,1,1,2,6,6,6,7,7,7,6.5,5,6,5,4,3,5,3,5,6,2,4.75,2,6,6,5,6,5,6,5.666666667,3,5,2,3,5,3,5,3,5,6,4,7,6,6,4,5,3,5,6,6,5.333333333,5,5,5,5,1,1,1,1,1,1,2,1,1,1,1.1,1,1,1,1,1,Tyler Coombs.,22,1,5,1,3,14,"Psychology, emphasis in Psychology",3,2,2,4,8,15,1,4,
4/24/2024 20:53,4/24/2024 21:16,75.174.233.76,1367,1,4/24/2024 21:16,3,6,1,5,3,2,3,5,1,5,5,4,3,3,1,3,5,5,2,4,3.45,6,6,6,3,5.25,5,5,6,6,6,5.6,6,4,4,5,7,5.2,17,17,17,14,13,17,13,15.42857143,1,1,1,1,1,1,5,6,5,4,7,4,7,5.428571429,3,3,3,2,2,1,4,4,4,4,1,2,5,1,5,1,5,2,2.888888889,3,3,5,5,5,4.2,3,3,3,3,3,3,3,3,3,3,3,3,3,3,3,3,3,3,3,2,2,2,2,3,3,3,3,3,3,3,3,4,4,4,4,4,4,4,4,4,6,2,2,2,2,158,94,407,380,259.75,1,2,5,3,4,4,3,3,4,3.5,4,4,4,4,4,4,4,4,4,4,4,4,4,4,4,4,4,4,4,4,4,4,4,4,4,4,4,4,4,4,4,4,4,4,4,4,4,4,4,4,4,4,4,4,1,1,1,1,1,1,1,1,1,1,1,1,1,1,1,1,Caleb Wiederhold,23,1,5,1,2,8,physcology IO minor; small bussiness management ,2,2,2,6,8,10,1,4,
4/25/2024 8:13,4/25/2024 8:49,157.201.96.100,2169,1,4/25/2024 8:49,5,4,4,3,3,4,4,4,2,4,5,4,5,3,4,2,5,4,5,4,3.9,5,6,6,6,5.75,6,6,6,6,6,6,5,4,4,5,5,4.6,17,18,17,14,15,17,15,16.14285714,1,1,2,1,1,1.2,2,3,5,4,6,4,4,4,2,3,4,2,1,1,5,4,2,4,1,2,4,1,4,2,4,2,2.666666667,5,5,5,5,5,5,4,3,3,3,3,3,3,3,3,3,4,3.285714286,3,3,3,3,3,3,3,2,1,1,1.333333333,3,1,3,3,2,3,3,2.571428571,5,2,4,2,5,5,6,2,3.875,71,4,4,4,4,114,31,170,174,122.25,1,1,4,4,6,6,5,6,6,5.5,5,6,5,5,4,4,3,5,5,4,4.875,3,5,4,4,5,5,5,4.666666667,3,5,4,5,3,5,5,4,5,4,4.625,6,6,6,5,5,3,5,6,5,5.222222222,5,5,5,5,1,2,1,1,1,1,1,2,1,1,1.2,2,1,2,2,1.75,Lucas Tierney,22,1,5,3,4,9,Bachelor of Science Emphasis in Psychology,1,2,2,3,2,16.3,1,4,
4/25/2024 8:14,4/25/2024 8:52,173.207.177.2,2299,1,4/25/2024 8:52,3,2,4,5,5,2,4,4,1,4,4,3,5,3,3,3,5,5,3,4,3.6,7,7,7,7,7,6,6,7,7,7,6.6,7,7,7,7,6,6.8,14,14,14,13,17,14,14,14.28571429,1,3,1,1,1,1.4,1,2,1,2,4,1,1,1.714285714,5,2,4,1,4,2,4,4,2,5,2,2,5,2,5,1,4,2,3.111111111,7,7,7,7,7,7,2,5,1,5,1,5,1,2,4,2,2,1.571428571,2,3,4,2,4,2,2.25,1,1,1,1,2,2,2,1,2,2,3,2,8,3,3,4,5,4,8,6,5.125,24,1,1,4,2,35,0,183,61,69.75,1,1,1,7,7,7,6,7,7,6.833333333,7,7,6,4,2,6,2,6,6,1,5.375,2,6,7,7,6,7,7,6.666666667,5,3,2,4,3,5,2,2,2,3,2.875,7,7,6,7,7,7,7,7,7,6.888888889,5,5,5,5,1,1,1,1,1,1,1,1,1,1,1,1,1,1,1,1,Verena Poole,46,2,5,1,4,7,General Psychology,1,2,2,3,7,15.5,1,4,
4/25/2024 11:13,4/25/2024 11:37,157.201.96.100,1471,1,4/25/2024 11:37,1,3,3,4,3,4,3,3,2,4,4,4,5,4,3,3,5,4,3,4,3.45,5,6,7,6,6,6,6,6,7,6,6.2,5,3,5,4,4,4.2,17,15,13,13,17,14,18,15.28571429,2,3,1,1,1,1.6,2,1,1,5,1,1,1,1.714285714,5,3,3,3,1,1,4,3,5,4,1,1,4,2,3,1,4,5,2.944444444,5,5,3,5,6,4.8,4,3,3,3,3,3,3,3,4,2,4,3.142857143,5,5,3,3,3,3,4,2,2,2,2,3,1,1,2,3,3,3,2.285714286,2,2,1,3,2,3,6,6,3.125,306,4,1,4,3,538,52,366,190,286.5,1,1,2,6,6,7,5,6,6,6,1,1,1,1,5,3,5,3,4,7,2.625,7,1,5,7,4,5,1,3.833333333,6,2,1,1,6,2,1,1,1,1,1.25,6,6,6,6,6,3,5,5,5,5.333333333,3,5,5,4.333333333,1,1,1,1,1,1,1,1,1,1,1,1,1,1,1,1,Emily-May Alexander,21,2,7,1,4,11,Psychology General,1,2,2,1,1,30,1,4,
4/25/2024 12:14,4/25/2024 12:46,66.219.222.22,1898,1,4/25/2024 12:46,2,4,3,5,3,5,3,4,1,4,3,5,3,5,4,3,3,5,3,4,3.6,6,6,6,5,5.75,5,6,5,6,6,5.6,7,5,4,5,5,5.2,15,14,14,17,17,14,13,14.85714286,1,1,2,2,1,1.4,2,1,5,7,7,2,1,3.571428571,2,2,4,3,1,1,4,4,2,4,2,3,4,1,4,2,4,2,2.722222222,3,5,5,3,2,3.6,3,5,1,4,2,3,3,2,3,3,2,2.285714286,4,3,3,3,3,3,3.25,3,2,1,2,3,2,3,4,4,4,1,3,5,2,2,3,4,3,6,2,3.375,140,4,1,4,3,209,0,150,100,114.75,2,,,,,,,,,#DIV/0!,,,,,,,,,,,#DIV/0!,,,,,,,,#DIV/0!,,,,,,,,,,,#DIV/0!,,,,,,,,,,#DIV/0!,,,,#DIV/0!,,,,,,,,,,,#DIV/0!,,,,,#DIV/0!,Taylor Holtermann,26,2,5,5,3,14,Psychology,1,2,2,4,8,7,1,4,
4/25/2024 12:57,4/25/2024 13:24,157.201.98.1,1659,1,4/25/2024 13:24,5,3,4,5,2,5,4,2,2,4,3,5,2,4,5,2,5,4,3,5,3.7,6,6,5,3,5,3,6,4,5,6,4.8,3,2,2,6,3,3.2,15,17,14,18,16,17,17,16.28571429,1,1,3,1,3,1.8,1,2,3,5,6,2,3,3.142857143,4,2,5,3,2,2,2,4,3,2,2,3,3,3,4,1,2,1,2.666666667,3,3,6,6,5,4.6,3,3,3,4,2,4,2,3,3,3,3,2.714285714,2,2,4,2,5,1,1.75,4,2,3,3,2,1,1,2,1,1,4,1.714285714,5,4,1,2,3,1,6,1,2.875,300,4,2,3,3,500,0,199,0,174.75,1,1,2,6,5,6,6,6,3,5.333333333,3,3,5,6,4,4,3,5,2,5,4.125,2,6,4,6,2,5,3,4.333333333,2,6,2,6,1,7,6,3,5,5,5,3,2,5,5,3,2,6,6,6,4.222222222,2,2,4,2.666666667,2,4,1,1,1,1,1,3,1,1,1.6,1,1,1,1,1,Jonathon Olsen,21,1,5,4,3,14,Health Psychology,2,2,2,3,2,16.1,1,4,
4/25/2024 12:18,4/25/2024 13:39,205.185.105.49,4880,1,4/25/2024 13:39,2,4,3,4,2,3,3,4,3,2,4,3,5,4,4,5,4,4,4,4,3.55,6,7,7,7,6.75,6,6,6,6,6,6,6,5,6,6,6,5.8,17,17,17,14,14,15,14,15.42857143,4,3,4,4,3,3.6,5,6,6,6,6,6,6,5.857142857,2,3,1,4,2,2,1,1,4,2,2,2,2,2,2,2,1,2,2.055555556,3,3,3,3,3,3,4,2,4,2,4,2,4,2,2,4,2,3.428571429,5,5,5,1,3,3,3.5,5,5,5,5,4,4,4,4,4,4,4,4,3,3,2,4,4,2,7,4,3.625,300,4,2,4,3.333333333,297,180,483,96,264,1,1,6,2,5,5,5,5,5,4.5,6,6,6,4,2,6,2,6,2,2,4.75,3,5,3,3,5,5,5,4.333333333,6,2,6,6,6,2,3,3,3,3,3.5,6,6,6,6,6,6,6,6,6,6,4,4,4,4,1,2,1,2,2,2,2,1,1,1,1.5,5,5,5,4,4.75,Guiller Bongalon,29,1,2,3,4,15,Industrial/Organizational,2,2,1,3,8,20,1,4,
4/25/2024 13:20,4/25/2024 13:48,192.187.62.4,1678,1,4/25/2024 13:48,5,5,4,3,3,2,3,5,3,3,4,5,3,3,4,2,5,4,2,4,3.6,6,6,6,6,6,6,6,6,6,6,6,6,6,6,6,5,5.8,17,17,14,14,15,13,14,14.85714286,2,2,2,1,1,1.6,5,5,2,5,5,3,3,4,4,3,4,3,3,3,4,4,3,4,3,2,4,2,4,1,4,3,3.222222222,5,5,5,5,7,5.4,3,4,2,4,2,4,2,2,4,2,2,2.142857143,3,3,4,2,4,2,2.5,4,3,3,3.333333333,2,2,2,2,1,1,2,1.714285714,5,5,1,4,4,6,6,2,4.125,200,4,3,3,3.333333333,200,0,241,30,117.75,2,,,,,,,,,#DIV/0!,,,,,,,,,,,#DIV/0!,,,,,,,,#DIV/0!,,,,,,,,,,,#DIV/0!,,,,,,,,,,#DIV/0!,,,,#DIV/0!,,,,,,,,,,,#DIV/0!,,,,,#DIV/0!,Connor Young,25,1,5,4,2,12,Biomedical Science,1,2,2,4,8,20,1,4,
4/24/2024 15:50,4/25/2024 15:10,157.201.64.29,84016,1,4/25/2024 15:11,3,2,2,4,3,4,3,4,1,4,3,2,3,3,3,5,6,4,2,4,3.25,5,6,6,5,5.5,2,5,6,6,6,5,5,5,5,5,3,4.6,17,18,14,14,14,15,15,15.28571429,2,1,2,1,2,1.6,2,1,5,6,5,3,2,3.428571429,3,2,3,3,2,3,4,3,3,4,2,3,4,2,5,2,4,2,3,5,7,6,6,5,5.8,4,3,3,4,2,3,3,3,3,3,2,2.857142857,3,3,4,2,4,2,2.5,3,2,3,2.666666667,2,3,2,2,1,2,4,2.285714286,7,6,2,2,6,3,7,6,4.875,93,4,3,5,4,145,10,15,10,45,1,2,5,3,7,7,6,7,6,6,5,7,6,3,2,6,2,6,6,2,5.125,2,6,5,6,6,6,6,5.833333333,2,6,6,6,3,5,5,3,5,6,5.25,6,7,5,3,3,5,3,3,3,4.222222222,5,5,5,5,4,3,1,2,1,1,3,2,4,5,2.6,1,1,1,1,1,Brevin Robertson,23,1,5,4,3,13,"Psychology, Industrial/Organizational",2,2,2,3,7,15,1,4,
4/25/2024 14:20,4/25/2024 15:16,174.27.199.30,3384,1,4/25/2024 15:16,3,4,2,5,3,3,3,3,2,4,3,5,3,4,3,3,4,4,4,3,3.4,5,6,5,5,5.25,4,4,5,5,5,4.6,5,4,4,5,4,4.4,18,17,15,17,18,17,15,16.71428571,3,1,1,2,1,1.6,3,3,3,5,4,3,3,3.428571429,4,2,3,3,2,3,3,3,3,4,2,2,4,2,5,1,3,4,2.944444444,3,5,4,4,3,3.8,4,3,3,3,3,3,3,3,3,3,3,3.142857143,4,4,3,3,3,3,3.5,3,3,2,2.666666667,2,2,3,2,1,2,3,2.142857143,3,4,1,2,2,1,6,5,3,345,1,1,5,2.333333333,233,26,180,49,122,1,1,6,2,4,6,4,5,3,4,2,4,3,4,3,5,5,3,3,3,3.375,3,5,2,3,2,2,3,2.833333333,2,6,3,5,7,1,6,6,6,5,4.75,5,4,5,3,3,2,3,4,3,3.555555556,4,4,4,4,1,2,1,1,1,1,1,1,1,1,1.1,3,2,1,1,1.75,Victoria Caldwell,21,2,5,4,4,12,General Psychology,1,2,2,1,6,16,1,4,
4/25/2024 16:57,4/25/2024 17:21,217.147.184.10,1444,1,4/25/2024 17:21,4,2,4,3,2,4,2,4,1,3,4,3,2,3,4,5,5,3,3,4,3.25,4,6,6,5,5.25,2,6,6,6,6,5.2,6,6,6,5,3,5.2,13,15,13,13,14,13,14,13.57142857,1,2,2,1,2,1.6,7,6,3,7,7,7,7,6.285714286,5,1,5,3,3,2,4,4,2,5,1,5,4,3,5,2,4,5,3.5,5,5,5,5,5,5,2,4,2,4,2,4,2,3,4,2,2,2.142857143,4,4,4,2,4,2,3,3,4,4,3.666666667,3,2,3,2,1,2,3,2.285714286,4,2,1,1,2,2,8,1,2.625,95,3,1,2,2,217,10,512,17,189,2,,,,,,,,,#DIV/0!,,,,,,,,,,,#DIV/0!,,,,,,,,#DIV/0!,,,,,,,,,,,#DIV/0!,,,,,,,,,,#DIV/0!,,,,#DIV/0!,,,,,,,,,,,#DIV/0!,,,,,#DIV/0!,Laurel James,18,2,5,4,2,9,"Psychology, Emphasis in Health Psychology",1,2,2,3,8,24,1,4,
4/24/2024 15:17,4/25/2024 19:17,205.185.110.73,100801,1,4/25/2024 19:17,2,1,5,4,4,4,3,5,4,4,4,3,4,2,4,4,5,5,3,3,3.65,6,5,6,5,5.5,6,6,5,5,6,5.6,6,4,5,4,6,5,14,13,13,13,13,14,13,13.28571429,1,1,1,1,1,1,7,1,1,1,7,4,2,3.285714286,2,3,5,3,1,3,2,5,4,5,2,2,4,4,5,2,4,3,3.277777778,5,5,6,6,6,5.6,5,5,1,5,1,3,3,5,2,4,5,3.428571429,3,4,4,2,4,2,2.75,1,1,1,1,3,3,2,1,3,1,2,2.142857143,1,2,2,2,3,3,8,6,3.375,120,9,1,1,3.666666667,152,0,242,121,128.75,1,1,5,3,6,6,4,4,4,4.5,2,5,3,5,2,6,2,6,5,2,4.25,3,5,6,7,6,7,6,6.166666667,3,5,7,5,1,7,7,7,7,6,6.375,3,5,6,3,5,2,5,2,1,3.555555556,5,5,4,4.666666667,3,3,1,1,1,2,1,1,1,1,1.5,1,1,1,1,1,Natsumi Sato,26,2,7,2,4,17,I/O Psych,2,2,1,3,4,15.3,1,4,
4/25/2024 18:44,4/25/2024 19:24,205.185.98.8,2416,1,4/25/2024 19:24,6,4,5,3,2,5,3,5,2,5,5,4,3,4,2,6,5,4,4,5,4.1,6,6,4,3,4.75,5,3,5,4,5,4.4,6,3,3,4,3,3.8,15,15,17,14,18,16,15,15.71428571,3,1,1,2,2,1.8,6,6,3,5,5,6,4,5,4,1,1,2,3,2,4,4,3,5,1,2,4,2,5,2,3,5,2.944444444,5,5,5,5,3,4.6,4,4,2,3,3,2,4,4,2,4,3,3.428571429,4,4,3,3,3,3,3.5,2,2,2,2,3,1,3,3,1,2,2,2.142857143,7,5,6,2,4,6,6,3,4.875,510,7,1,5,4.333333333,593,0,194,72,214.75,1,1,7,1,6,6,2,5,4,4,3,2,1,5,4,4,6,2,6,4,3.375,6,2,3,6,3,3,3,3.333333333,1,7,3,2,4,4,5,3,3,1,3.5,2,2,2,3,4,2,3,5,3,2.888888889,3,3,3,3,1,4,1,3,1,1,1,1,1,1,1.5,1,1,1,1,1,isidora zamora,23,2,6,3,4,17,Pscychology ,2,1,2,2,2,9,1,4,
4/25/2024 20:48,4/25/2024 21:32,205.185.110.169,2629,1,4/25/2024 21:32,5,4,3,4,4,5,4,4,2,4,2,4,2,4,2,2,2,2,4,4,3.35,5,6,5,5,5.25,4,5,6,6,6,5.4,6,5,4,5,6,5.2,14,14,13,18,17,16,17,15.57142857,2,1,1,2,1,1.4,4,5,5,7,6,5,5,5.285714286,3,2,3,4,2,3,2,2,3,4,4,3,4,2,4,1,3,2,2.833333333,2,2,2,1,2,1.8,4,3,3,4,2,3,3,4,2,4,4,3.428571429,2,4,2,4,3,3,3.25,4,4,5,4.333333333,1,1,4,3,1,5,5,2.857142857,4,1,1,1,1,1,6,1,2,48,1,1,5,2.333333333,54,55,588,140,209.25,1,2,1,7,3,7,5,6,6,5.666666667,4,3,4,7,6,2,6,2,3,6,3.875,2,6,5,6,2,6,4,4.833333333,1,7,7,7,1,7,6,6,6,7,6.625,6,5,5,4,4,4,5,7,7,5.222222222,4,4,4,4,2,1,1,2,1,1,1,1,1,1,1.2,3,1,1,1,1.5,Michelle Neser,56,2,5,5,4,3,"Communication, with an emphasis in strategic organization and a minor in industrial organizational psychology",2,2,2,3,4,3.7,1,4,
4/25/2024 21:43,4/25/2024 22:09,205.185.107.47,1548,1,4/25/2024 22:09,5,5,4,5,2,5,5,5,3,3,5,4,4,3,5,5,2,3,5,5,4.15,5,5,6,5,5.25,4,6,5,5,6,5.2,4,1,6,3,2,3.2,18,19,16,18,19,17,18,17.85714286,3,3,3,3,3,3,4,6,4,7,7,5,5,5.428571429,3,2,3,4,4,3,3,4,4,4,3,4,3,4,3,3,3,5,3.444444444,4,5,5,3,3,4,4,4,2,3,3,4,2,5,2,4,4,3.428571429,4,4,2,4,3,3,3.75,4,4,3,3.666666667,3,3,4,3,2,2,4,3,7,5,4,3,5,4,8,4,5,52,4,1,4,3,240,50,302,63,163.75,1,1,4,4,5,6,5,5,6,5.166666667,6,6,5,4,4,4,4,4,5,4,4.75,4,4,6,7,6,7,5,5.833333333,3,5,4,4,5,3,5,6,6,4,4.625,5,5,4,4,4,3,4,6,6,4.555555556,4,4,4,4,2,2,1,1,1,1,1,1,1,1,1.2,3,3,3,3,3,Brooke May ,22,2,5,4,4,13,"Psychology, General Psychology ",1,2,2,2,7,10.3,1,4,
4/25/2024 23:27,4/26/2024 0:09,172.56.151.144,2513,1,4/26/2024 0:09,2,5,4,5,4,4,4,3,1,5,2,5,2,5,3,4,5,5,5,4,3.85,7,7,7,6,6.75,6,6,6,7,7,6.4,7,6,7,7,7,6.8,17,17,14,13,14,15,15,15,1,1,1,1,2,1.2,6,5,2,2,7,1,5,4,4,2,5,2,4,3,5,5,2,5,2,1,5,1,5,1,5,2,3.277777778,7,7,7,7,7,7,2,5,1,5,1,5,1,3,4,2,2,1.714285714,2,2,5,1,5,1,1.5,1,2,2,1.666666667,2,2,2,2,1,2,3,2,5,4,5,3,4,4,6,5,4.5,124,1,5,4,3.333333333,150,50,150,121,117.75,1,1,1,7,7,7,7,7,7,7,2,5,1,7,1,7,2,6,6,1,4.375,3,5,3,1,5,5,5,4,6,2,5,2,2,6,3,3,2,3,3.25,7,7,7,7,7,5,7,7,7,6.777777778,5,5,5,5,1,2,1,2,1,1,1,1,1,1,1.2,2,1,2,1,1.5,Amelia Corry,24,2,5,1,3,11,Therapeutic Recreation,1,2,2,4,5,9.5,1,4,
4/26/2024 7:58,4/26/2024 8:25,157.201.96.100,1611,1,4/26/2024 8:25,6,4,4,4,3,5,3,5,2,3,5,2,5,2,4,5,3,2,5,2,3.7,2,2,3,3,2.5,2,2,4,2,3,2.6,,,,,,#DIV/0!,17,18,17,14,14,13,14,15.28571429,4,3,4,2,3,3.2,5,5,,,,,,5,4,3,2,4,1,4,2,2,4,2,1,3,1,3,2,3,2,5,2.666666667,2,2,3,3,2,2.4,4,2,4,3,3,2,4,3,2,4,4,3.714285714,4,4,2,4,2,4,4,5,4,5,4.666666667,2,2,3,2,1,2,4,2.285714286,3,1,2,2,1,1,6,1,2.125,301,6,1,5,4,301,0,153,0,113.5,1,2,3,5,2,6,2,2,1,3,1,1,1,1,6,2,6,2,1,6,1.875,6,2,1,1,1,3,1,1.5,1,7,6,6,1,7,6,6,6,6,6.25,1,1,3,1,1,2,1,5,6,2.333333333,4,3,3,3.333333333,1,2,2,1,1,1,1,2,1,2,1.4,3,2,1,1,1.75,Myranda Jayde Widener,25,2,5,4,3,9,Psychology Major Mandarin Minor ,1,2,2,2,2,7,1,4,
4/26/2024 8:10,4/26/2024 8:30,205.185.110.149,1191,1,4/26/2024 8:30,2,5,2,5,2,2,3,2,2,5,2,4,2,5,2,2,5,2,2,5,3.05,6,6,7,6,6.25,6,6,5,7,7,6.2,4,3,5,6,4,4.4,13,13,13,13,13,13,13,13,3,3,1,3,1,2.2,2,2,5,6,6,3,2,3.714285714,4,3,5,3,2,2,2,2,4,4,2,1,3,1,5,1,3,5,2.888888889,4,5,3,3,2,3.4,3,4,2,4,2,4,2,3,3,3,3,2.571428571,5,5,3,3,3,3,4,2,3,2,2.333333333,3,2,4,2,2,1,4,2.571428571,7,2,6,3,4,1,8,6,4.625,503,4,4,2,3.333333333,490,96,436,50,268,1,1,2,6,5,6,3,3,5,4.666666667,2,6,3,6,6,2,3,5,3,6,4.125,6,2,6,3,2,6,2,3.5,2,6,6,6,2,6,6,6,6,6,6,4,5,6,2,3,2,2,5,5,3.777777778,3,3,3,3,1,1,1,1,1,1,1,1,1,1,1,5,5,2,3,3.75,Cali Stancliffe ,22,2,5,4,4,13,General Psychology ,1,2,1,4,7,24.7,1,4,
4/26/2024 8:02,4/26/2024 8:33,199.19.116.47,1894,1,4/26/2024 8:33,6,4,4,2,2,5,3,5,1,3,4,4,3,3,4,3,4,3,3,2,3.4,4,5,5,4,4.5,3,5,5,5,5,4.6,6,6,3,3,3,4.2,13,13,13,13,13,15,13,13.28571429,1,3,1,1,1,1.4,1,1,1,5,2,1,1,1.714285714,4,3,3,4,4,2,2,2,1,4,2,2,4,1,4,3,3,2,2.777777778,3,3,5,2,3,3.2,2,3,3,3,3,5,1,3,4,2,2,2.285714286,3,2,4,2,4,2,2.25,2,3,2,2.333333333,2,2,3,3,1,1,3,2.142857143,6,4,1,1,3,1,6,1,2.875,53,3,1,2,2,360,0,507,32,224.75,1,1,4,4,2,3,2,5,2,3,1,2,1,6,2,6,2,6,3,1,3.25,6,2,6,6,5,6,7,5.333333333,6,2,4,1,6,2,1,2,1,1,1.75,5,3,3,3,3,3,3,5,3,3.444444444,4,4,4,4,1,1,1,1,1,1,1,1,1,1,1,1,1,1,1,1,Isabella Salazar,25,2,6,1,4,12,Comm,1,2,2,3,2,15.1,1,4,
4/26/2024 7:57,4/26/2024 8:41,205.185.98.57,2647,1,4/26/2024 8:41,4,3,4,3,2,3,2,5,1,2,5,3,4,3,3,4,4,4,4,3,3.3,6,7,7,6,6.5,6,7,7,7,7,6.8,6,4,5,3,7,5,13,13,13,13,13,16,13,13.42857143,3,3,3,1,3,2.6,3,6,2,5,6,5,2,4.142857143,4,2,4,3,3,3,4,4,3,5,2,2,5,3,5,2,4,4,3.444444444,4,6,5,7,4,5.2,3,3,3,3,3,3,3,3,3,3,3,3,5,5,3,3,3,3,4,4,3,4,3.666666667,2,1,1,1,1,1,2,1.285714286,4,3,1,3,4,1,1,1,2.25,94,9,9,9,9,517,304,308,831,490,2,,,,,,,,,#DIV/0!,,,,,,,,,,,#DIV/0!,,,,,,,,#DIV/0!,,,,,,,,,,,#DIV/0!,,,,,,,,,,#DIV/0!,,,,#DIV/0!,,,,,,,,,,,#DIV/0!,,,,,#DIV/0!,Dorinda McCleskey,39,2,5,4,3,15,Health Psychology with a minor in nutrition,1,2,2,2,4,30,1,4,
4/26/2024 9:23,4/26/2024 9:42,162.120.165.4,1162,1,4/26/2024 9:42,5,5,4,5,2,5,2,5,1,3,4,5,5,5,6,4,5,2,4,3,4,6,6,6,6,6,3,6,5,6,7,5.4,5,2,4,5,5,4.2,19,14,18,13,17,18,19,16.85714286,2,3,4,1,3,2.6,6,6,6,7,6,2,4,5.285714286,5,4,3,4,1,2,4,2,3,3,4,4,2,5,3,5,3,5,3.444444444,2,4,6,7,3,4.4,3,3,3,4,2,1,5,2,2,4,4,3.285714286,5,4,3,3,3,3,3.75,4,4,2,3.333333333,3,1,3,1,1,1,3,1.857142857,7,4,1,2,4,1,6,5,3.75,247,5,6,4,5,232,0,244,0,119,1,1,2,6,7,7,6,7,7,6.666666667,2,6,7,6,2,6,2,6,6,2,5.125,4,4,6,6,6,6,6,5.666666667,2,6,6,4,2,6,3,6,7,2,5,7,4,7,7,7,7,4,6,6,6.111111111,4,4,5,4.333333333,1,2,1,1,1,1,1,2,1,1,1.2,1,1,1,1,1,Anthony Cerdas,24,1,6,4,3,11,Psychology w/ Emphasis in I/O Psychology,2,2,2,3,2,9.9,1,4,
4/26/2024 9:43,4/26/2024 10:27,157.201.96.100,2648,1,4/26/2024 10:27,2,3,2,5,2,4,2,2,1,4,2,4,3,3,3,2,6,3,3,6,3.1,5,7,7,6,6.25,4,7,6,5,7,5.8,4,3,2,4,3,3.2,13,15,13,13,17,18,15,14.85714286,2,2,1,2,1,1.6,3,4,2,6,6,2,5,4,4,1,4,4,2,2,3,2,2,3,2,4,3,4,4,1,3,3,2.833333333,2,2,4,3,1,2.4,3,3,3,4,2,2,4,3,3,3,3,3,4,4,4,2,3,3,3.25,4,3,3,3.333333333,2,1,2,2,1,1,3,1.714285714,5,3,3,2,2,1,8,1,3.125,180,3,1,3,2.333333333,180,10,300,90,145,2,,,,,,,,,#DIV/0!,,,,,,,,,,,#DIV/0!,,,,,,,,#DIV/0!,,,,,,,,,,,#DIV/0!,,,,,,,,,,#DIV/0!,,,,#DIV/0!,,,,,,,,,,,#DIV/0!,,,,,#DIV/0!,Rose Hillyer ,22,2,5,4,4,12,General Psych,2,2,2,3,6,14,1,4,
4/26/2024 10:11,4/26/2024 10:43,157.201.96.100,1944,1,4/26/2024 10:43,5,5,2,5,1,2,4,3,1,5,4,5,2,5,1,6,5,5,4,5,3.75,6,7,6,6,6.25,6,7,7,7,6,6.6,7,4,7,6,7,6.2,18,14,14,13,16,18,13,15.14285714,2,1,2,1,1,1.4,2,2,6,2,6,5,2,3.571428571,3,2,4,2,3,2,5,5,1,5,2,2,4,3,5,1,4,4,3.166666667,7,6,6,5,7,6.2,3,4,2,4,2,3,3,4,4,2,4,2.857142857,4,4,3,3,4,2,3.25,5,3,3,3.666666667,2,2,2,2,2,1,3,2,5,2,3,2,3,4,7,6,4,132,6,3,3,4,214,0,300,62,144,1,1,2,6,6,6,6,7,7,6.333333333,6,6,6,3,2,6,2,6,6,1,5,6,2,6,6,6,6,7,5.5,7,1,6,5,2,6,6,6,6,6,5.25,6,7,7,5,6,6,6,7,7,6.333333333,5,5,5,5,1,2,1,1,1,1,1,1,2,2,1.3,1,1,1,1,1,Duncan Park,24,1,5,4,4,14,I/O Psychology,2,2,1,5,7,24,1,4,
4/26/2024 10:25,4/26/2024 10:43,157.201.96.100,1100,1,4/26/2024 10:43,5,4,4,4,3,4,3,4,2,3,4,4,4,3,4,3,5,3,3,3,3.6,6,6,6,6,6,6,6,6,6,6,6,6,5,6,6,6,5.8,15,14,14,14,15,17,15,14.85714286,1,1,1,1,1,1,6,3,5,4,6,4,5,4.714285714,4,1,4,2,3,1,4,4,1,4,1,1,4,1,4,1,4,2,2.555555556,6,6,6,6,6,6,2,4,2,4,2,4,2,2,4,2,2,2,2,2,4,2,3,3,2.25,2,2,2,2,2,2,2,2,2,2,2,2,7,5,3,5,6,3,6,7,5.25,60,4,4,4,4,100,1,121,69,72.75,2,,,,,,,,,#DIV/0!,,,,,,,,,,,#DIV/0!,,,,,,,,#DIV/0!,,,,,,,,,,,#DIV/0!,,,,,,,,,,#DIV/0!,,,,#DIV/0!,,,,,,,,,,,#DIV/0!,,,,,#DIV/0!,Collin Marsh,25,1,5,4,3,9,Psychology,2,1,2,4,6,9,1,4,
4/26/2024 10:24,4/26/2024 10:57,157.201.98.1,2002,1,4/26/2024 10:57,4,2,2,3,1,5,1,6,1,1,5,6,1,6,1,6,1,6,5,6,3.45,7,7,7,7,7,7,7,7,7,7,7,7,1,7,7,7,5.8,14,17,13,13,13,14,18,14.57142857,1,1,2,1,1,1.2,1,6,1,6,1,1,1,2.428571429,4,1,4,2,3,3,4,5,1,4,1,2,5,1,4,1,2,2,2.722222222,6,6,7,7,6,6.4,1,1,5,5,1,5,1,1,5,1,1,1.571428571,2,1,5,1,5,1,1.25,4,1,2,2.333333333,2,5,1,1,1,1,5,2.285714286,8,7,1,4,7,7,7,6,5.875,0,1,5,1,2.333333333,176,0,404,0,145,1,1,7,1,7,7,2,7,5,4.833333333,1,6,7,7,3,5,4,4,1,6,4.625,7,1,1,1,1,1,1,1,1,7,5,7,1,7,7,1,1,7,5.25,7,6,7,1,1,1,4,1,1,3.222222222,5,5,5,5,1,1,1,1,1,1,1,1,1,1,1,2,1,3,1,1.75,Brigham Forson,21,1,5,4,3,12,Bio Medical Science,1,2,2,4,5,12,1,4,
4/26/2024 11:14,4/26/2024 11:32,157.201.96.100,1074,1,4/26/2024 11:32,4,3,4,4,3,2,4,2,1,3,5,6,4,3,4,3,4,3,4,4,3.5,4,7,7,6,6,6,6,5,6,7,6,4,5,6,3,3,4.2,18,18,15,19,18,18,17,17.57142857,4,4,2,2,3,3,5,6,4,5,7,7,1,5,2,4,2,5,1,2,3,3,4,4,1,1,5,3,4,1,2,5,2.888888889,5,5,2,2,3,3.4,5,2,4,3,3,3,3,4,1,5,4,4,5,5,3,3,2,4,4.25,1,3,3,2.333333333,3,3,4,4,4,4,4,3.714285714,5,3,1,2,2,4,8,1,3.25,372,5,6,5,5.333333333,331,114,227,269,235.25,2,,,,,,,,,#DIV/0!,,,,,,,,,,,#DIV/0!,,,,,,,,#DIV/0!,,,,,,,,,,,#DIV/0!,,,,,,,,,,#DIV/0!,,,,#DIV/0!,,,,,,,,,,,#DIV/0!,,,,,#DIV/0!,Kaden Martin,24,1,5,1,4,15,General Psychology,1,2,2,4,2,21,1,4,
4/26/2024 11:39,4/26/2024 12:14,205.185.98.25,2045,1,4/26/2024 12:14,5,5,3,4,3,2,4,3,1,3,3,4,2,3,3,4,5,5,2,4,3.4,3,6,3,5,4.25,3,5,6,3,3,4,5,1,5,6,3,4,17,14,14,17,17,18,18,16.42857143,4,2,4,2,4,3.2,5,2,2,7,6,5,2,4.142857143,4,2,4,4,2,3,3,2,2,2,2,2,3,2,4,1,3,5,2.777777778,2,5,2,5,2,3.2,4,3,3,4,2,3,3,3,4,2,4,3,5,4,2,4,3,3,4,5,5,5,5,3,2,3,1,3,2,3,2.428571429,3,2,3,3,1,1,7,6,3.25,80,8,1,8,5.666666667,301,0,121,0,105.5,1,1,5,3,6,6,5,5,5,5,2,2,2,6,6,2,6,2,2,6,3,5,3,2,2,2,2,2,2.166666667,2,6,6,6,2,6,6,6,6,6,6,5,5,5,2,2,2,2,2,2,3,4,4,4,4,1,1,1,1,1,1,1,1,1,1,1,1,1,1,1,1,Allison McCracken,20,2,5,4,4,16,Psychology,1,2,2,3,7,12,1,4,
4/26/2024 11:54,4/26/2024 12:21,157.201.96.100,1637,1,4/26/2024 12:21,5,5,1,6,4,5,3,3,1,4,3,4,2,5,2,5,5,5,2,6,3.8,6,6,5,7,6,7,6,7,7,6,6.6,6,5,5,4,3,4.6,14,17,14,18,18,19,18,16.85714286,2,2,3,1,1,1.8,1,2,1,7,7,3,5,3.714285714,2,3,4,3,3,2,3,4,2,5,1,2,5,3,4,1,3,5,3.055555556,2,5,6,5,5,4.6,3,4,2,4,2,3,3,2,4,2,1,2.142857143,3,3,4,2,4,2,2.5,4,3,2,3,2,2,1,1,1,1,2,1.428571429,4,4,2,3,2,1,8,1,3.125,70,7,6,6,6.333333333,434,3,346,428,302.75,1,1,3,5,3,5,4,5,5,4.5,1,6,5,7,3,5,6,2,2,6,4.25,7,1,2,2,3,1,3,2,2,6,5,6,1,7,3,5,3,5,5,5,2,7,1,4,3,6,4,4,4,4,4,4,4,1,4,1,1,1,1,1,2,1,1,1.4,3,1,1,1,1.5,Daniel Blanscett,20,1,5,4,4,6,Psychology,2,1,2,4,5,13.3,1,4,
4/26/2024 12:01,4/26/2024 13:02,157.201.96.100,3699,1,4/26/2024 13:02,3,4,5,2,2,5,2,4,2,2,5,4,5,3,4,2,4,2,3,2,3.25,4,6,6,4,5,6,6,6,4,6,5.6,4,2,4,4,6,4,18,18,14,14,16,19,14,16.14285714,1,1,1,1,1,1,1,1,4,2,6,1,1,2.285714286,4,2,4,1,2,1,5,5,1,4,1,1,4,1,4,1,4,2,2.611111111,6,6,6,6,2,5.2,2,4,2,4,2,3,3,2,5,1,3,2.142857143,3,3,4,2,4,2,2.5,1,1,1,1,2,2,2,3,3,2,3,2.428571429,4,1,1,6,4,4,8,1,3.625,205,4,2,5,3.666666667,401,19,722,307,362.25,1,2,2,6,6,6,6,4,6,5.666666667,2,6,1,6,2,6,2,6,2,2,3.875,6,2,3,2,6,2,2,2.833333333,1,7,2,5,5,3,4,2,1,1,3.125,6,6,6,4,4,1,5,5,5,4.666666667,2,2,2,2,1,1,3,1,1,1,1,1,1,1,1.2,2,1,1,1,1.25,Joe Merritt,24,1,5,1,4,12,"Biology, Emphasis in Neuroscience ",1,2,2,2,7,17.1,1,4,
4/26/2024 12:53,4/26/2024 13:39,174.204.70.126,2750,1,4/26/2024 13:39,5,5,5,4,3,4,2,3,1,2,4,6,4,2,4,4,3,4,4,3,3.6,5,6,5,6,5.5,4,6,5,5,5,5,6,5,4,3,5,4.6,17,16,16,13,17,15,13,15.28571429,2,1,2,1,2,1.6,2,2,3,4,6,4,3,3.428571429,4,2,2,3,2,1,4,3,3,3,1,1,4,2,5,1,3,4,2.666666667,4,5,4,4,7,4.8,3,3,3,4,2,4,2,5,2,4,4,3.285714286,4,3,3,3,3,3,3.25,3,3,3,3,2,3,2,1,2,2,2,2,6,3,4,4,4,1,6,2,3.75,180,5,4,2,3.666666667,251,0,424,0,168.75,1,2,1,7,7,7,7,7,7,7,7,7,6,4,1,7,1,7,7,1,5.75,2,6,7,7,7,7,4,6.333333333,5,3,5,7,5,3,4,4,4,2,4,7,7,7,7,7,7,7,7,7,7,5,5,5,5,1,1,1,1,1,1,1,1,1,1,1,1,1,1,1,1,Jaden Justin Miller ,21,1,5,4,3,12,Industrial Organizational Psychology ,2,2,2,4,8,30,1,4,
4/26/2024 12:35,4/26/2024 13:41,157.201.98.1,3997,1,4/26/2024 13:41,4,3,2,5,5,2,3,3,1,6,4,3,2,5,3,4,3,5,1,4,3.4,6,7,7,6,6.5,6,7,6,7,7,6.6,7,7,6,7,6,6.6,13,13,14,13,14,13,13,13.28571429,1,2,2,1,1,1.4,1,1,2,5,7,6,5,3.857142857,4,2,3,3,3,2,5,5,1,4,1,1,3,1,4,1,5,4,2.888888889,6,6,6,6,6,6,4,3,3,4,2,4,2,3,4,2,3,2.714285714,3,3,4,2,4,2,2.5,5,2,4,3.666666667,1,1,2,2,1,1,3,1.571428571,3,4,2,2,2,1,1,6,2.625,48,2,1,3,2,100,4,200,51,88.75,2,,,,,,,,,#DIV/0!,,,,,,,,,,,#DIV/0!,,,,,,,,#DIV/0!,,,,,,,,,,,#DIV/0!,,,,,,,,,,#DIV/0!,,,,#DIV/0!,,,,,,,,,,,#DIV/0!,,,,,#DIV/0!,Arden Lott,23,2,5,4,3,10,Biology with emphasis in Microbiology,1,2,2,4,2,15,1,4,
4/26/2024 13:58,4/26/2024 14:40,172.56.150.55,2534,1,4/26/2024 14:40,5,4,4,3,2,3,3,3,1,3,3,3,2,4,2,6,4,4,3,3,3.25,5,5,6,2,4.5,4,6,5,6,7,5.6,5,2,3,4,7,4.2,17,17,17,14,15,14,16,15.71428571,1,1,2,1,1,1.2,4,2,1,3,4,2,1,2.428571429,4,3,4,3,4,2,5,4,3,4,2,5,4,4,5,3,5,4,3.777777778,4,6,6,5,5,5.2,3,2,4,2,4,3,3,2,4,2,2,2.857142857,4,4,4,2,4,2,3,2,4,4,3.333333333,1,1,1,1,1,1,1,1,5,1,1,2,4,4,7,5,3.625,120,5,1,5,3.666666667,120,0,180,120,105,1,1,2,6,6,6,6,3,5,5.333333333,2,6,3,6,3,5,3,5,6,2,4.375,1,7,7,7,7,7,6,6.833333333,6,2,4,3,2,6,6,1,1,1,3,6,6,5,4,5,3,6,6,6,5.222222222,5,5,5,5,1,1,1,1,1,1,1,1,1,1,1,1,1,1,1,1,Victoria (Tori) Nielson,23,2,5,1,3,11,Psychology (General),2,2,2,3,6,5.8,1,4,
4/26/2024 13:54,4/26/2024 14:44,157.201.96.100,2960,1,4/26/2024 14:44,5,5,2,3,4,3,2,5,1,2,5,4,4,2,3,5,5,4,4,2,3.5,2,3,5,4,3.5,6,3,4,5,4,4.4,5,3,5,3,6,4.4,15,14,16,13,17,14,14,14.71428571,2,2,1,1,1,1.4,6,6,4,6,6,5,6,5.571428571,1,3,1,4,1,2,3,3,4,4,1,1,3,1,5,1,4,5,2.611111111,5,6,5,5,3,4.8,1,3,3,3,3,3,3,4,3,3,3,2.857142857,4,4,3,3,3,3,3.5,1,2,2,1.666666667,3,1,3,2,1,1,1,1.714285714,3,2,1,4,4,4,1,1,2.5,203,6,1,6,4.333333333,500,239,265,68,268,1,1,7,1,2,2,2,4,2,2.166666667,5,3,5,6,3,5,3,5,5,5,4.875,3,5,2,6,5,6,6,5,6,2,5,6,2,6,6,6,6,6,5.375,2,2,5,2,2,2,2,2,2,2.333333333,5,5,5,5,1,1,2,1,1,1,1,1,1,1,1.1,4,3,2,2,2.75,Ana Luisa Lacava Baldan ,24,2,5,1,4,12,I/O Psychology ,2,2,2,4,2,15,1,4,
4/26/2024 15:19,4/26/2024 15:42,185.228.19.233,1379,1,4/26/2024 15:42,4,2,5,1,1,5,1,5,2,1,6,2,6,1,2,3,3,3,4,2,2.95,4,5,6,5,5,6,6,6,6,7,6.2,7,3,5,6,7,5.6,17,16,15,18,19,15,16,16.57142857,3,4,4,2,2,3,6,3,2,6,6,2,1,3.714285714,3,4,3,4,3,4,4,3,4,5,3,5,5,4,5,3,2,5,3.833333333,2,2,4,2,6,3.2,5,3,3,4,2,3,3,4,4,2,3,3.142857143,5,5,3,3,3,3,4,3,3,4,3.333333333,3,1,3,3,1,2,3,2.285714286,6,5,3,2,4,1,8,6,4.375,180,5,1,1,2.333333333,180,38,290,10,129.5,1,1,7,1,2,5,1,4,5,3,1,2,5,4,5,3,3,5,1,7,3.5,5,3,4,6,1,6,2,3.666666667,2,6,3,4,7,1,2,7,6,2,3.875,2,2,5,1,2,1,3,3,3,2.444444444,5,4,5,4.666666667,4,2,1,1,1,1,1,2,1,1,1.5,3,3,4,3,3.25,Kayla Toy,21,2,5,4,3,21,Psychology,1,2,2,5,5,30,1,4,
4/26/2024 15:43,4/26/2024 16:16,38.43.27.44,1989,1,4/26/2024 16:16,5,3,4,2,3,2,4,6,2,4,4,5,5,1,3,2,2,5,4,4,3.5,3,5,6,7,5.25,4,4,6,7,6,5.4,5,1,4,2,2,2.8,15,18,16,15,18,17,15,16.28571429,3,4,2,1,4,2.8,2,2,3,4,5,3,2,3,3,2,3,4,1,2,3,3,2,3,1,1,3,2,4,1,3,4,2.5,3,4,3,5,2,3.4,4,3,3,3,3,3,3,4,3,3,4,3.428571429,5,4,3,3,3,3,3.75,3,2,3,2.666666667,2,1,1,1,2,1,3,1.571428571,5,4,1,2,5,3,8,1,3.625,225,5,2,1,2.666666667,467,188,632,146,358.25,2,,,,,,,,,#DIV/0!,,,,,,,,,,,#DIV/0!,,,,,,,,#DIV/0!,,,,,,,,,,,#DIV/0!,,,,,,,,,,#DIV/0!,,,,#DIV/0!,,,,,,,,,,,#DIV/0!,,,,,#DIV/0!,Tsuki (Maddison porter),21,2,5,1,4,12,psychology,2,2,2,4,2,9.2,1,4,
4/26/2024 15:17,4/26/2024 16:31,24.117.169.95,4406,1,4/26/2024 16:31,5,3,3,3,2,4,5,4,2,3,4,3,5,4,5,5,4,3,4,2,3.65,6,7,6,6,6.25,4,5,5,6,7,5.4,6,2,5,6,7,5.2,13,16,14,16,17,17,14,15.28571429,3,1,1,1,3,1.8,3,2,2,4,2,2,2,2.428571429,4,3,3,2,1,2,3,2,1,3,4,3,3,3,4,4,3,3,2.833333333,5,5,4,5,5,4.8,3,4,2,4,2,3,3,2,3,3,1,2.285714286,3,2,3,3,3,3,2.75,1,2,3,2,2,2,2,2,3,2,4,2.428571429,6,2,5,3,4,4,8,1,4.125,180,2,1,5,2.666666667,352,0,120,120,148,2,,,,,,,,,#DIV/0!,,,,,,,,,,,#DIV/0!,,,,,,,,#DIV/0!,,,,,,,,,,,#DIV/0!,,,,,,,,,,#DIV/0!,,,,#DIV/0!,,,,,,,,,,,#DIV/0!,,,,,#DIV/0!,Ammon Byers,24,1,5,1,3,12,Health Psychology,1,2,2,4,7,5,1,4,
4/26/2024 16:32,4/26/2024 16:51,192.225.180.30,1130,1,4/26/2024 16:51,2,2,2,2,2,2,2,2,2,2,3,3,3,2,3,3,4,5,3,3,2.6,5,5,5,5,5,4,4,4,4,4,4,4,4,4,4,4,4,18,14,14,13,17,14,14,14.85714286,2,4,2,2,2,2.4,,,,,,,,#DIV/0!,2,3,3,3,3,3,3,3,3,3,2,4,3,3,4,2,2,5,3,,,,,,#DIV/0!,4,3,3,3,3,3,3,4,3,3,4,3.428571429,,,,,,,#DIV/0!,3,3,3,3,2,2,2,2,2,2,2,2,,,,,,,,,#DIV/0!,194,4,4,1,3,187,87,372,11,164.25,1,1,2,6,4,4,4,4,4,4.333333333,2,4,4,4,4,4,4,4,4,4,3.75,4,4,4,4,4,4,4,4,4,4,4,4,4,4,4,4,4,4,4,4,4,4,4,4,4,4,4,4,4,3,3,3,3,1,1,1,1,1,1,1,1,1,1,1,2,2,2,2,2,Mila Flamini,38,2,5,4,4,7,Professional Studies,1,2,2,1,4,8.8,1,4,
4/26/2024 16:34,4/26/2024 17:05,205.185.105.19,1870,1,4/26/2024 17:05,2,2,2,4,2,5,4,6,6,3,6,3,5,3,3,6,5,4,3,4,3.9,6,6,6,5,5.75,6,6,6,6,6,6,5,5,5,5,2,4.4,14,17,13,14,14,18,14,14.85714286,1,2,2,1,1,1.4,6,6,6,2,6,2,1,4.142857143,4,2,5,2,3,1,4,4,2,4,1,4,4,4,4,3,4,2,3.166666667,6,6,7,5,3,5.4,4,3,3,2,4,4,2,2,4,2,2,2.714285714,2,2,4,2,4,2,2,1,3,2,2,2,2,2,1,1,1,2,1.571428571,2,2,2,1,3,3,8,2,2.875,31,5,1,4,3.333333333,135,0,360,45,135,1,1,4,4,6,6,5,4,5,5,3,6,3,6,,,3,5,3,3,4.142857143,5,3,5,5,7,5,7,5.333333333,7,1,2,2,2,6,2,2,2,3,2.5,5,5,5,4,5,4,5,5,5,4.777777778,3,3,3,3,1,1,1,1,1,1,2,1,1,1,1.1,1,1,1,1,1,Christopher Miller,23,1,5,1,4,16,Psych and I/O,1,2,1,2,8,30,1,4,
4/26/2024 12:45,4/26/2024 18:42,216.128.237.134,21386,1,4/26/2024 18:42,2,5,2,4,2,2,4,2,2,5,3,4,4,5,3,4,5,4,2,4,3.4,6,6,6,6,6,5,6,6,6,6,5.8,5,4,5,5,4,4.6,17,15,16,14,17,14,14,15.28571429,1,2,3,1,1,1.6,2,2,2,3,4,3,2,2.571428571,2,2,3,2,2,3,5,4,3,4,1,3,4,1,5,1,4,4,2.944444444,3,5,6,5,2,4.2,1,3,3,4,2,4,2,2,3,3,1,2,4,4,3,3,4,2,3.25,3,3,3,3,2,1,2,1,1,1,1,1.285714286,4,4,1,3,5,1,8,5,3.875,246,5,2,5,4,246,20,255,120,160.25,2,,,,,,,,,#DIV/0!,,,,,,,,,,,#DIV/0!,,,,,,,,#DIV/0!,,,,,,,,,,,#DIV/0!,,,,,,,,,,#DIV/0!,,,,#DIV/0!,,,,,,,,,,,#DIV/0!,,,,,#DIV/0!,Daniela Montiel,19,2,6,4,2,14,Accounting,1,2,2,3,6,22,1,4,
4/26/2024 20:07,4/26/2024 20:56,205.185.107.45,2984,1,4/26/2024 20:56,4,4,3,3,4,4,3,4,4,4,5,4,4,6,4,4,4,3,4,3,3.9,5,5,7,5,5.5,4,5,4,6,7,5.2,5,5,6,6,6,5.6,15,17,17,14,16,14,16,15.57142857,1,3,2,1,2,1.8,4,5,5,4,5,5,2,4.285714286,5,2,2,2,1,1,1,3,2,4,2,3,4,2,4,2,4,4,2.666666667,5,5,4,3,1,3.6,4,3,3,4,2,3,3,3,3,3,3,3,3,5,3,3,3,3,3.5,1,3,3,2.333333333,3,1,2,1,1,1,3,1.714285714,6,2,5,4,4,4,6,1,4,60,4,2,1,2.333333333,60,0,300,29,97.25,1,1,4,4,5,6,5,5,4,4.833333333,2,2,2,5,3,5,3,5,4,3,3.5,6,2,6,5,3,3,5,4,7,1,7,7,7,1,7,4,7,7,5.125,6,4,6,5,6,4,5,5,5,5.111111111,3,3,4,3.333333333,1,1,1,1,1,1,1,1,1,1,1,2,1,1,1,1.25,Paulo Guzman,28,1,6,1,3,18,IO Psychology,2,2,2,5,1,20.9,1,4,
4/26/2024 20:32,4/26/2024 20:59,205.185.110.134,1576,1,4/26/2024 20:59,2,4,3,4,3,2,5,3,1,4,4,5,2,4,2,4,5,4,4,5,3.5,6,5,7,5,5.75,6,7,6,7,7,6.6,6,6,5,5,6,5.6,18,17,16,18,19,15,14,16.71428571,1,2,3,1,2,1.8,4,4,3,4,5,5,4,4.142857143,3,2,5,3,3,1,2,2,1,5,2,2,4,1,3,2,3,2,2.555555556,4,5,5,6,7,5.4,4,4,2,4,2,5,1,3,4,2,2,2.285714286,3,3,3,3,3,3,3,5,5,5,5,3,2,3,2,1,1,3,2.142857143,4,5,2,4,2,1,8,2,3.5,359,7,3,4,4.666666667,571,0,414,95,270,1,1,5,3,7,7,7,7,7,6.333333333,6,7,6,6,3,5,3,5,5,2,5.25,6,2,6,6,5,5,2,4.333333333,6,2,2,2,2,6,4,3,1,1,2.625,6,6,6,6,6,5,5,7,7,6,5,4,4,4.333333333,1,2,1,1,1,1,1,1,1,1,1.1,2,1,2,2,1.75,"Jerusha ""Ru"" Wilson",30,2,5,4,4,16,Health Psychology,1,2,2,5,2,10,1,4,
4/26/2024 20:03,4/26/2024 21:17,205.185.98.13,4414,1,4/26/2024 21:17,2,3,5,4,2,3,3,3,2,4,4,3,4,3,4,4,4,4,3,3,3.35,6,6,6,5,5.75,3,5,5,5,5,4.6,6,2,5,6,6,5,13,13,13,13,13,13,13,13,1,1,1,1,1,1,3,2,3,4,6,3,4,3.571428571,2,1,5,2,5,2,1,4,2,5,2,2,4,1,5,1,4,2,2.777777778,7,7,7,7,7,7,2,3,3,4,2,4,2,1,4,2,2,2,2,2,4,2,4,2,2,1,2,1,1.333333333,2,2,2,2,2,2,3,2.142857143,4,4,1,1,1,5,1,3,2.5,30,2,1,1,1.333333333,351,0,249,200,200,1,1,1,7,6,6,6,5,5,5.833333333,2,5,3,6,3,5,2,6,6,2,4.375,2,6,6,5,6,6,6,5.833333333,2,6,6,6,2,6,6,6,6,6,6,6,6,6,6,6,5,6,6,5,5.777777778,5,5,5,5,1,1,1,2,1,1,1,1,1,1,1.1,1,1,2,1,1.25,Haydon DeClerk,22,1,5,3,2,12,"Psychology, Health",1,2,2,2,2,14.5,1,4,
4/26/2024 20:01,4/26/2024 21:18,205.185.98.103,4598,1,4/26/2024 21:18,4,5,4,5,4,3,4,4,2,4,4,5,4,4,3,3,5,4,3,4,3.9,5,6,6,5,5.5,5,5,6,5,6,5.4,6,5,5,5,6,5.4,17,17,15,17,14,17,17,16.28571429,1,2,1,1,1,1.2,5,3,3,5,6,3,5,4.285714286,3,1,2,1,1,2,3,4,2,4,1,2,2,1,3,1,4,2,2.166666667,5,5,6,6,6,5.6,2,4,2,4,2,4,2,3,4,2,2,2.142857143,2,2,4,2,4,2,2,2,3,2,2.333333333,2,2,3,2,2,2,3,2.285714286,4,3,1,7,2,1,8,1,3.375,456,7,1,1,3,253,57,518,10,209.5,2,,,,,,,,,#DIV/0!,,,,,,,,,,,#DIV/0!,,,,,,,,#DIV/0!,,,,,,,,,,,#DIV/0!,,,,,,,,,,#DIV/0!,,,,#DIV/0!,,,,,,,,,,,#DIV/0!,,,,,#DIV/0!,Spencer Christensen,23,1,5,4,3,12,General Psychology ,1,2,2,3,5,17,1,4,
4/26/2024 21:02,4/26/2024 21:23,205.185.110.150,1288,1,4/26/2024 21:23,4,4,5,2,1,1,5,4,1,3,3,4,4,2,5,4,3,3,4,2,3.2,2,1,1,1,1.25,3,5,3,1,1,2.6,2,1,1,1,3,1.6,19,19,16,17,18,19,14,17.42857143,3,2,4,2,2,2.6,1,7,5,7,3,6,7,5.142857143,5,4,4,4,1,5,1,2,5,2,1,4,1,4,1,2,1,5,2.888888889,1,1,5,6,2,3,5,1,5,1,5,1,5,5,1,5,5,5,5,5,2,4,1,5,4.75,5,5,5,5,1,1,1,1,1,1,2,1.142857143,7,2,3,3,2,1,7,3,3.5,222,2,3,6,3.666666667,250,0,122,205,144.25,1,1,2,6,7,7,5,4,4,5.5,3,3,6,6,2,6,1,7,6,2,4.875,2,6,6,7,6,6,6,6.166666667,1,7,7,5,2,6,6,5,4,4,5.5,6,6,3,1,1,3,3,3,4,3.333333333,3,3,4,3.333333333,1,1,1,1,2,1,1,2,1,1,1.2,2,1,2,2,1.75,Lucas R Jorgensen,22,1,5,4,3,14,sociology,1,2,2,4,6,9,1,4,
4/26/2024 20:05,4/26/2024 21:56,205.185.98.8,6637,1,4/26/2024 21:56,4,4,5,3,2,2,2,4,5,1,5,5,4,2,4,5,4,3,5,1,3.5,6,7,6,6,6.25,6,6,6,7,7,6.4,7,7,7,7,7,7,17,15,17,13,14,13,16,15,1,2,2,1,1,1.4,6,5,6,6,6,5,6,5.714285714,3,3,5,3,1,4,4,4,5,5,2,4,4,4,5,1,4,5,3.666666667,3,5,4,6,2,4,3,4,2,4,2,3,3,3,4,2,2,2.428571429,4,4,4,2,4,2,3,4,4,4,4,3,2,3,3,2,3,3,2.714285714,6,4,1,2,2,1,8,1,3.125,190,1,1,5,2.333333333,292,1,292,80,166.25,2,,,,,,,,,#DIV/0!,,,,,,,,,,,#DIV/0!,,,,,,,,#DIV/0!,,,,,,,,,,,#DIV/0!,,,,,,,,,,#DIV/0!,,,,#DIV/0!,,,,,,,,,,,#DIV/0!,,,,,#DIV/0!,Ava Betzing,18,2,5,4,3,17,Health Psychology ,1,2,2,4,2,21.1,1,4,
4/26/2024 21:22,4/26/2024 21:58,205.185.98.8,2167,1,4/26/2024 21:58,3,5,3,5,4,4,5,3,2,5,5,4,3,5,3,3,5,5,2,5,3.95,7,7,6,6,6.5,6,6,6,6,7,6.2,5,4,6,5,5,5,17,17,14,14,14,16,14,15.14285714,1,3,1,1,1,1.4,2,3,2,5,6,5,5,4,3,2,4,3,4,3,4,4,3,4,2,2,4,3,4,2,4,2,3.166666667,6,6,6,6,6,6,3,4,2,4,2,4,2,2,3,3,2,2.285714286,3,2,2,4,3,3,3,2,2,2,2,2,2,2,2,2,2,3,2.142857143,2,4,1,2,4,4,8,1,3.25,45,5,1,1,2.333333333,120,0,300,0,105,1,1,2,6,6,6,5,4,4,5.166666667,1,2,2,4,4,4,4,4,2,4,2.875,4,4,4,4,4,5,2,3.833333333,2,6,6,6,2,6,6,5,4,4,5.375,6,4,5,4,4,4,5,5,6,4.777777778,4,4,4,4,1,1,1,1,1,1,1,1,1,1,1,1,1,1,1,1,Kevin Barnes,25,1,5,2,4,15,Psychology,1,1,2,3,5,15,1,4,
4/26/2024 10:35,4/26/2024 22:02,66.219.222.22,41208,1,4/26/2024 22:02,4,3,4,5,4,3,3,4,2,4,5,3,3,4,4,2,5,5,5,5,3.85,6,5,6,4,5.25,3,6,6,6,6,5.4,6,6,3,3,5,4.6,15,14,13,13,13,13,13,13.42857143,1,1,1,1,2,1.2,2,1,5,2,7,1,3,3,3,2,5,2,5,1,5,5,1,5,1,2,5,1,5,2,5,2,3.166666667,7,7,7,5,5,6.2,2,4,2,4,2,4,2,2,4,2,2,2,3,3,5,1,5,1,2,2,1,3,2,2,1,3,2,1,1,1,1.571428571,5,2,1,2,2,5,7,1,3.125,124,4,4,6,4.666666667,118,0,184,394,174,1,1,7,1,3,6,2,6,2,3.333333333,2,2,1,6,3,5,3,5,2,2,3.125,7,1,1,1,3,1,5,2,7,1,1,2,5,3,6,6,7,2,3.5,3,2,5,2,2,1,6,2,2,2.777777778,2,2,2,2,1,1,1,2,1,1,1,1,1,1,1.1,3,3,1,2,2.25,Matt Headrick,24,1,5,1,4,16,IO psych,2,2,2,3,7,14,1,4,
4/26/2024 21:59,4/26/2024 22:34,205.185.98.41,2123,1,4/26/2024 22:34,4,5,3,4,2,2,4,4,3,5,4,5,3,3,4,5,5,4,3,2,3.7,7,7,7,5,6.5,5,7,6,7,7,6.4,6,4,5,5,6,5.2,17,14,13,13,13,13,16,14.14285714,4,1,4,2,3,2.8,1,1,5,7,7,5,6,4.571428571,3,3,4,5,1,1,3,3,3,2,1,3,3,4,2,1,2,4,2.666666667,2,4,2,1,1,2,4,3,3,4,2,3,3,4,2,4,4,3.428571429,4,4,3,3,3,3,3.5,5,5,4,4.666666667,2,3,3,3,2,1,1,2.142857143,6,4,3,4,5,1,5,6,4.25,121,5,4,4,4.333333333,363,0,118,145,156.5,1,1,6,2,2,4,1,1,4,2.333333333,1,2,1,6,6,2,7,1,1,2,2,6,2,2,2,2,2,6,2.666666667,4,4,2,2,2,6,5,5,4,4,4,1,1,5,6,6,1,3,6,5,3.777777778,1,1,1,1,1,4,4,1,1,1,1,1,1,1,1.6,5,3,2,2,3,Jeffrey Hale,23,1,5,4,3,12,Industrial/Organizational Psychology,2,1,2,4,7,7.5,1,4,
4/26/2024 22:19,4/26/2024 22:41,205.185.107.40,1339,1,4/26/2024 22:41,2,3,2,4,3,4,4,5,2,5,6,6,6,4,3,2,5,5,3,3,3.85,5,6,7,6,6,6,6,6,6,6,6,7,3,5,6,6,5.4,14,17,14,15,15,16,17,15.42857143,1,1,1,1,1,1,5,6,5,7,6,5,5,5.571428571,3,2,3,1,4,3,4,5,3,5,1,2,4,1,3,1,4,5,3,6,6,6,5,6,5.8,3,3,3,4,2,4,2,3,3,3,4,2.857142857,4,4,4,2,4,2,3,2,2,3,2.333333333,2,3,3,2,1,2,4,2.428571429,5,5,3,5,5,5,6,5,4.875,54,2,1,4,2.333333333,99,1,131,85,79,1,1,3,5,6,6,5,6,6,5.666666667,6,6,6,6,2,6,2,6,3,5,5.5,6,2,6,6,6,6,5,5.166666667,2,6,5,5,2,6,4,3,6,4,4.875,4,5,5,2,3,1,4,5,5,3.777777778,5,5,5,5,1,1,1,1,1,1,1,1,1,1,1,2,1,2,2,1.75,Charlie Haglund,22,1,5,1,2,15,Health Psychology,1,2,2,6,2,12,1,4,
4/29/2024 11:01,4/29/2024 11:19,205.185.107.32,1065,1,4/29/2024 11:19,4,4,4,3,4,2,5,3,4,5,4,5,5,4,2,4,4,4,4,4,3.9,6,6,6,6,6,5,6,6,6,6,5.8,6,4,5,5,6,5.2,17,17,15,16,17,16,15,16.14285714,2,1,2,1,1,1.4,3,5,5,5,6,5,6,5,3,2,3,3,1,2,4,4,3,4,2,2,2,2,2,2,3,4,2.666666667,5,5,4,4,3,4.2,2,2,4,3,3,2,4,2,3,3,3,3,4,4,3,3,3,3,3.5,3,3,3,3,3,2,2,2,2,2,2,2.142857143,5,5,1,4,6,1,8,6,4.5,80,4,1,5,3.333333333,200,0,122,88,102.5,1,1,3,5,5,5,4,4,4,4.5,2,4,4,5,4,4,5,3,4,5,3.875,5,3,5,5,5,5,4,4.5,3,5,4,3,4,4,5,5,5,5,4.5,4,5,5,4,5,4,4,4,4,4.333333333,4,4,4,4,1,2,1,1,1,1,1,1,1,1,1.1,2,1,1,1,1.25,Katie Thomas,20,2,5,4,4,14,Major: psychology emphasis: health psychology ,1,2,2,5,7,11.3,1,4,
4/29/2024 12:41,4/29/2024 13:12,192.225.180.2,1850,1,4/29/2024 13:12,4,3,2,5,4,1,3,4,1,5,2,3,4,5,3,2,5,5,2,4,3.35,6,7,5,6,6,6,7,7,7,7,6.8,7,3,5,4,3,4.4,18,14,18,13,13,16,15,15.28571429,2,3,3,2,1,2.2,3,2,3,6,5,2,3,3.428571429,5,3,4,3,2,2,5,4,4,3,1,5,5,2,5,2,4,5,3.555555556,5,5,5,7,5,5.4,5,3,3,4,2,3,3,2,4,2,3,2.857142857,5,4,2,4,3,3,4,4,5,5,4.666666667,1,1,1,1,1,1,2,1.142857143,2,2,1,3,1,2,8,1,2.5,15,3,6,5,4.666666667,431,0,341,301,268.25,2,,,,,,,,,#DIV/0!,,,,,,,,,,,#DIV/0!,,,,,,,,#DIV/0!,,,,,,,,,,,#DIV/0!,,,,,,,,,,#DIV/0!,,,,#DIV/0!,,,,,,,,,,,#DIV/0!,,,,,#DIV/0!,Catherine DeDen,21,2,5,1,4,17,"Psychology, General psychology",1,2,2,4,7,20.8,1,4,
4/29/2024 22:00,4/29/2024 22:20,31.222.254.74,1195,1,4/29/2024 22:20,5,5,6,2,1,3,1,5,2,2,5,2,6,1,6,6,2,1,6,1,3.4,6,7,6,6,6.25,6,6,6,6,7,6.2,6,3,5,5,3,4.4,17,17,14,14,14,17,13,15.14285714,1,1,1,1,1,1,1,2,6,6,6,4,2,3.857142857,4,4,3,3,2,2,3,3,4,3,2,1,4,3,1,4,3,4,2.944444444,3,3,3,2,1,2.4,3,3,3,4,2,3,3,3,3,3,2,2.714285714,4,4,3,3,3,3,3.5,5,4,4,4.333333333,3,3,3,3,1,2,4,2.714285714,4,2,1,2,3,1,8,4,3.125,77,3,1,3,2.333333333,105,0,108,105,79.5,1,1,2,6,6,6,6,6,6,6,2,4,2,6,6,2,6,2,4,6,3.5,6,2,6,3,4,2,6,3.833333333,2,6,2,6,2,6,6,7,7,7,5.875,6,6,6,5,6,5,6,6,6,5.777777778,4,4,5,4.333333333,1,2,1,1,1,1,1,1,1,1,1.1,1,1,1,1,1,Joshua Briggs ,23,1,5,4,3,14,"Psychology, emphasis in Health Psychology ",1,1,2,4,4,9,1,4,
4/30/2024 18:01,4/30/2024 18:30,192.225.189.130,1735,1,4/30/2024 18:30,5,3,2,4,5,3,5,3,2,5,3,5,2,3,1,2,3,5,4,4,3.45,5,5,6,5,5.25,5,4,4,5,6,4.8,6,4,5,6,5,5.2,17,17,16,14,16,16,16,16,1,2,1,2,3,1.8,3,3,4,5,5,6,4,4.285714286,4,3,4,2,3,2,4,3,2,4,2,2,3,1,4,1,3,3,2.777777778,4,4,4,4,4,4,3,4,2,4,2,3,3,3,3,3,3,2.714285714,3,3,3,3,3,3,3,2,2,2,2,3,2,2,2,2,2,2,2.142857143,6,5,5,5,4,5,6,4,5,180,6,2,5,4.333333333,220,10,90,220,135,1,1,4,4,4,5,4,4,4,4.166666667,2,3,2,3,4,4,5,3,2,4,2.875,5,3,3,3,3,3,2,2.833333333,5,3,2,2,5,3,4,2,2,3,2.625,4,4,5,4,4,3,4,4,4,4,5,5,5,5,1,1,2,1,2,1,1,1,1,1,1.2,2,2,2,2,2,Skylar McAnally,22,2,5,3,2,12,Theater performance ,1,1,2,2,2,8,1,4,
5/2/2024 11:01,5/2/2024 11:54,157.201.98.1,3179,1,5/2/2024 11:54,6,3,4,4,3,4,3,4,3,3,4,3,4,3,4,3,4,3,4,3,3.6,6,6,7,3,5.5,4,6,6,7,6,5.8,6,3,6,5,6,5.2,13,17,13,17,17,17,17,15.85714286,3,1,2,1,1,1.6,1,1,1,6,5,4,1,2.714285714,2,3,4,4,2,4,4,3,4,4,3,4,4,4,4,2,3,3,3.388888889,5,6,6,6,3,5.2,5,3,3,3,3,2,4,4,3,3,4,3.714285714,4,4,4,2,4,2,3,4,4,4,4,3,2,4,4,2,3,4,3.142857143,3,4,1,3,2,4,8,7,4,92,7,5,7,6.333333333,300,176,259,363,274.5,1,,7,1,2,6,3,4,5,3.5,1,1,2,4,6,2,6,2,1,6,2.375,3,5,1,3,2,2,5,3,2,6,5,6,6,2,5,5,5,5,4.875,3,3,5,4,3,3,3,6,6,4,4,4,4,4,1,1,2,1,1,1,1,1,1,1,1.1,2,2,1,1,1.5,Branden Johnsen,24,1,5,1,3,12,Health Psychology,1,2,2,3,8,10.4,1,4,
5/3/2024 20:27,5/3/2024 20:53,24.116.73.42,1513,1,5/3/2024 20:53,4,4,3,4,4,5,3,4,5,4,4,3,4,3,4,3,3,4,2,5,3.75,6,5,5,6,5.5,6,5,6,5,5,5.4,3,4,5,5,5,4.4,17,15,19,17,17,14,18,16.71428571,2,2,1,1,2,1.6,5,2,2,5,4,4,3,3.571428571,3,2,1,2,1,1,3,3,2,4,1,2,4,1,4,1,4,3,2.333333333,2,2,3,2,4,2.6,3,4,2,4,2,3,3,3,4,2,3,2.571428571,3,3,3,3,3,3,3,2,2,2,2,2,2,3,2,2,2,2,2.142857143,4,2,2,3,2,1,6,1,2.625,400,1,1,1,1,400,6,601,10,254.25,2,,,,,,,,,#DIV/0!,,,,,,,,,,,#DIV/0!,,,,,,,,#DIV/0!,,,,,,,,,,,#DIV/0!,,,,,,,,,,#DIV/0!,,,,#DIV/0!,,,,,,,,,,,#DIV/0!,,,,,#DIV/0!,Mayra A Delgado,24,2,6,4,3,14,Psychology ,1,2,2,1,4,13,1,4,
5/3/2024 11:44,5/3/2024 11:46,157.201.98.1,110,0,5/4/2024 13:43,,,,,,,,,,,,,,,,,,,,,#DIV/0!,,,,,#DIV/0!,,,,,,#DIV/0!,,,,,,#DIV/0!,,,,,,,,#DIV/0!,,,,,,#DIV/0!,,,,,,,,#DIV/0!,,,,,,,,,,,,,,,,,,,#DIV/0!,,,,,,#DIV/0!,,,,,,,,,,,,#DIV/0!,,,,,,,#DIV/0!,,,,#DIV/0!,,,,,,,,#DIV/0!,,,,,,,,,#DIV/0!,,,,,#DIV/0!,,,,,#DIV/0!,,,,,,,,,,#DIV/0!,,,,,,,,,,,#DIV/0!,,,,,,,,#DIV/0!,,,,,,,,,,,#DIV/0!,,,,,,,,,,#DIV/0!,,,,#DIV/0!,,,,,,,,,,,#DIV/0!,,,,,#DIV/0!,,,,,,,,,,,,,,,,,
5/3/2024 19:10,5/3/2024 19:10,157.97.134.150,11,0,5/4/2024 13:43,,,,,,,,,,,,,,,,,,,,,#DIV/0!,,,,,#DIV/0!,,,,,,#DIV/0!,,,,,,#DIV/0!,,,,,,,,#DIV/0!,,,,,,#DIV/0!,,,,,,,,#DIV/0!,,,,,,,,,,,,,,,,,,,#DIV/0!,,,,,,#DIV/0!,,,,,,,,,,,,#DIV/0!,,,,,,,#DIV/0!,,,,#DIV/0!,,,,,,,,#DIV/0!,,,,,,,,,#DIV/0!,,,,,#DIV/0!,,,,,#DIV/0!,,,,,,,,,,#DIV/0!,,,,,,,,,,,#DIV/0!,,,,,,,,#DIV/0!,,,,,,,,,,,#DIV/0!,,,,,,,,,,#DIV/0!,,,,#DIV/0!,,,,,,,,,,,#DIV/0!,,,,,#DIV/0!,,,,,,,,,,,,,,,,,
5/3/2024 11:15,5/3/2024 11:15,65.129.90.46,24,0,5/4/2024 13:43,,,,,,,,,,,,,,,,,,,,,#DIV/0!,,,,,#DIV/0!,,,,,,#DIV/0!,,,,,,#DIV/0!,,,,,,,,#DIV/0!,,,,,,#DIV/0!,,,,,,,,#DIV/0!,,,,,,,,,,,,,,,,,,,#DIV/0!,,,,,,#DIV/0!,,,,,,,,,,,,#DIV/0!,,,,,,,#DIV/0!,,,,#DIV/0!,,,,,,,,#DIV/0!,,,,,,,,,#DIV/0!,,,,,#DIV/0!,,,,,#DIV/0!,,,,,,,,,,#DIV/0!,,,,,,,,,,,#DIV/0!,,,,,,,,#DIV/0!,,,,,,,,,,,#DIV/0!,,,,,,,,,,#DIV/0!,,,,#DIV/0!,,,,,,,,,,,#DIV/0!,,,,,#DIV/0!,,,,,,,,,,,,,,,,,
9/17/2024 17:42,9/17/2024 18:15,199.19.117.11,1965,1,9/17/2024 18:15,3,4,3,4,3,4,2,5,1,2,3,3,2,4,2,5,3,4,2,4,3.15,5,7,5,6,5.75,6,6,6,6,6,6,5,5,3,6,5,4.8,15,17,15,17,17,18,18,16.71428571,1,2,2,1,1,1.4,5,2,3,5,6,2,3,3.714285714,4,1,3,3,3,2,4,3,3,4,2,2,4,2,4,1,4,3,2.888888889,6,6,6,6,6,6,2,4,2,4,2,4,2,2,4,2,2,2,3,3,4,2,4,2,2.5,3,3,3,3,3,2,2,2,1,1,3,2,5,5,2,3,5,5,6,2,4.125,154,5,1,6,4,220,0,121,125,116.5,1,2,3,5,6,6,6,6,6,5.833333333,3,6,3,6,2,6,3,5,5,2,4.5,6,2,6,6,6,6,6,5.333333333,3,5,6,6,6,2,6,3,,4,4.571428571,6,6,6,5,5,6,6,6,6,5.777777778,4,4,4,4,1,2,1,1,1,1,1,2,1,1,1.2,2,2,2,2,2,Natalie Stucki,21,2,5,3,3,16,Psychology - Industrial Organization,2,1,2,3,5,10.1,1,4,
9/17/2024 21:38,9/17/2024 21:58,205.185.98.59,1210,1,9/17/2024 21:58,3,4,3,4,2,2,3,4,1,4,4,4,3,3,4,4,5,3,4,2,3.3,3,5,2,4,3.5,3,4,5,2,5,3.8,5,2,5,5,5,4.4,15,15,16,15,17,16,14,15.42857143,1,1,1,1,1,1,6,2,1,4,4,2,1,2.857142857,5,3,4,2,3,2,4,3,2,4,1,1,4,1,5,2,4,3,2.944444444,5,6,6,5,4,5.2,3,3,3,4,2,3,3,3,3,3,4,3,3,2,4,2,3,3,2.5,3,2,2,2.333333333,2,1,2,1,1,1,2,1.428571429,3,5,3,4,3,3,8,2,3.875,122,1,1,4,2,122,0,316,62,125,1,1,4,4,6,6,5,5,5,5.166666667,2,5,5,6,1,7,1,7,5,1,4.75,5,3,4,3,5,5,4,4,6,2,3,2,5,3,4,2,5,2,2.875,5,5,6,5,6,5,7,5,5,5.444444444,5,5,5,5,1,2,1,1,1,1,1,1,1,1,1.1,1,1,1,1,1,Tyler Knorpp,27,1,5,1,3,16,"Psychology, Behavioral Intervention",2,2,2,3,8,12.1,1,4,
9/18/2024 9:46,9/18/2024 9:57,157.201.96.100,614,1,9/18/2024 9:57,5,3,4,5,3,5,4,5,3,4,4,3,5,4,5,4,3,5,4,2,4,6,5,3,4,4.5,5,6,5,4,6,5.2,7,5,4,6,4,5.2,18,16,18,16,17,18,18,17.28571429,2,3,2,1,2,2,3,4,3,5,4,3,4,3.714285714,2,3,4,3,4,3,3,4,4,3,2,2,3,4,3,2,3,3,3.055555556,5,4,5,5,3,4.4,3,4,2,2,4,4,2,4,3,3,4,3.142857143,4,4,3,3,3,3,3.5,2,4,3,3,3,4,3,3,4,2,3,3.142857143,1,1,2,2,2,2,1,1,1.5,59,5,1,4,3.333333333,59,87,80,124,87.5,1,1,5,3,5,5,4,4,5,4.333333333,5,4,5,4,4,4,5,3,6,5,4.5,5,3,5,4,4,5,6,4.5,5,3,4,5,4,4,4,5,5,6,4.5,5,5,4,5,3,5,6,4,4,4.555555556,4,4,4,4,1,1,1,1,1,1,1,1,1,1,1,2,1,1,1,1.25,Audrey Bates,21,2,5,1,4,17,I/0 psych,2,2,1,3,5,12.2,1,4,
9/18/2024 11:18,9/18/2024 11:44,38.43.28.139,1600,1,9/18/2024 11:44,5,2,4,3,2,5,5,4,1,3,6,4,3,2,1,4,5,5,3,4,3.55,6,6,6,7,6.25,6,7,7,7,7,6.8,3,2,2,5,4,3.2,18,17,14,18,19,17,15,16.85714286,3,1,2,1,2,1.8,2,1,1,6,7,2,5,3.428571429,3,3,4,3,2,2,4,4,2,5,1,2,5,2,5,1,4,4,3.111111111,7,7,6,7,6,6.6,3,3,3,4,2,4,2,3,4,2,3,2.571428571,5,5,4,2,4,2,3.5,2,3,3,2.666666667,3,1,3,3,2,3,3,2.571428571,5,5,3,2,5,5,6,4,4.375,119,5,5,4,4.666666667,119,10,60,60,62.25,1,1,2,6,6,5,6,6,6,5.833333333,1,5,6,6,2,6,1,7,6,1,4.75,1,7,7,7,7,6,3,6.166666667,1,7,6,3,5,3,2,6,6,6,4.875,6,7,7,3,4,4,3,6,5,5,5,5,5,5,1,1,1,1,1,1,1,1,1,1,1,2,2,1,2,1.75,Michelle Lyons,22,2,5,1,4,12,Psychology,1,2,2,6,2,12,1,4,
9/18/2024 12:02,9/18/2024 12:29,157.201.98.1,1655,1,9/18/2024 12:29,5,3,3,3,4,3,4,4,4,3,4,4,3,3,4,4,3,4,3,4,3.6,6,7,7,6,6.5,7,7,7,7,7,7,6,5,6,5,6,5.6,17,15,15,15,17,16,15,15.71428571,1,2,1,1,2,1.4,3,4,4,6,6,4,4,4.428571429,4,3,3,2,2,2,4,4,3,5,2,2,5,2,5,2,5,2,3.166666667,7,7,7,7,5,6.6,2,3,3,4,2,4,2,3,5,1,3,2.285714286,3,3,5,1,5,1,2,2,2,2,2,2,2,2,2,3,3,3,2.428571429,6,5,6,2,5,5,4,3,4.5,313,4,4,5,4.333333333,287,316,713,327,410.75,1,1,3,5,6,6,6,5,6,5.666666667,4,6,6,5,1,7,2,6,6,2,5.25,6,2,4,4,6,6,6,4.666666667,4,4,4,4,6,2,4,4,4,4,3.75,6,6,6,5,6,5,6,6,6,5.777777778,3,4,4,3.666666667,1,1,1,1,1,1,1,1,1,1,1,1,3,1,3,2,Josie Puckett,20,2,4,3,4,16,Psychology,1,2,2,3,2,30,1,4,
9/18/2024 11:27,9/18/2024 12:32,157.201.96.100,3912,1,9/18/2024 12:32,2,2,4,3,2,4,3,5,2,3,4,3,5,3,3,4,4,4,3,3,3.3,5,6,6,5,5.5,4,6,6,5,5,5.2,6,4,5,5,5,5,13,13,13,13,13,15,13,13.28571429,2,1,2,1,1,1.4,2,4,1,6,2,1,1,2.428571429,5,3,4,2,2,3,4,3,2,3,2,2,1,3,4,4,3,3,2.944444444,3,5,7,6,2,4.6,3,4,2,4,2,3,3,2,4,2,3,2.428571429,3,3,4,2,4,2,2.5,3,3,4,3.333333333,2,2,2,2,1,1,2,1.714285714,4,4,1,3,2,3,8,5,3.75,53,2,4,5,3.666666667,90,0,65,90,61.25,1,1,5,3,6,6,6,6,6,5.5,6,5,6,6,3,5,4,4,3,5,5,5,3,4,5,6,6,,4.8,6,2,3,3,3,5,2,5,5,2,3.375,4,5,4,4,4,4,4,3,3,3.888888889,5,5,5,5,1,1,1,1,1,1,1,1,1,1,1,2,1,1,1,1.25,Mitchell Rider,27,1,5,1,3,12,Major: Psychology; Emphasis: General,1,2,2,4,4,15.2,1,4,
9/18/2024 12:11,9/18/2024 12:43,157.201.96.100,1918,1,9/18/2024 12:43,2,3,3,4,3,4,3,4,1,4,4,3,4,3,3,5,3,4,4,3,3.35,6,7,6,7,6.5,7,6,6,7,7,6.6,7,4,5,5,6,5.4,17,17,17,17,17,15,15,16.42857143,2,2,3,2,2,2.2,2,2,1,7,5,3,2,3.142857143,5,2,2,4,3,2,2,2,3,3,2,2,4,3,4,3,2,4,2.888888889,2,5,5,3,2,3.4,4,4,2,3,3,2,4,4,3,3,3,3.285714286,4,4,3,3,3,3,3.5,5,3,4,4,3,3,4,4,1,3,5,3.285714286,2,4,2,2,1,2,4,1,2.25,245,7,3,5,5,555,30,32,90,176.75,2,,,,,,,,,#DIV/0!,,,,,,,,,,,#DIV/0!,,,,,,,,#DIV/0!,,,,,,,,,,,#DIV/0!,,,,,,,,,,#DIV/0!,,,,#DIV/0!,,,,,,,,,,,#DIV/0!,,,,,#DIV/0!,Anthony Pirillo,30,1,5,4,4,11,Health Psychology,1,2,2,3,7,20,1,4,
9/18/2024 12:59,9/18/2024 13:35,157.201.64.22,2154,1,9/18/2024 13:35,2,3,2,5,1,2,4,2,1,4,2,2,1,4,5,2,3,3,1,2,2.55,5,5,6,6,5.5,5,4,6,6,6,5.4,3,3,6,5,3,4,17,15,15,13,15,18,14,15.28571429,1,1,2,1,1,1.2,3,4,2,5,2,3,1,2.857142857,4,3,4,4,1,2,3,3,1,4,1,4,4,4,2,4,2,3,2.944444444,2,4,3,5,4,3.6,2,4,2,4,2,2,4,2,4,2,1,2.142857143,3,3,3,3,3,3,3,4,2,2,2.666666667,2,2,3,1,1,1,3,1.857142857,6,3,5,2,5,3,8,7,4.875,80,5,5,3,4.333333333,300,0,120,0,105,1,1,5,3,5,5,3,2,3,3.5,4,2,2,6,2,6,5,3,2,2,3.375,2,6,1,1,6,2,6,3.666666667,1,7,5,6,2,6,6,6,6,6,6,2,2,6,1,1,1,4,5,1,2.555555556,5,5,5,5,1,4,3,1,1,1,1,1,1,1,1.5,1,1,1,1,1,Connor Vickers,22,1,5,4,2,14,Psychology ,1,2,2,4,7,12.5,1,4,
9/18/2024 13:04,9/18/2024 13:41,205.185.98.52,2206,1,9/18/2024 13:41,5,3,2,5,2,4,3,5,1,3,4,4,3,3,4,4,3,5,2,3,3.4,5,6,6,6,5.75,5,4,5,6,6,5.2,4,3,1,3,4,3,15,18,15,15,16,15,16,15.71428571,3,2,3,3,1,2.4,1,3,1,7,6,6,2,3.714285714,2,2,1,4,1,3,2,2,5,5,1,4,3,4,5,1,3,3,2.833333333,2,3,3,2,3,2.6,3,2,4,2,4,3,3,4,3,3,4,3.571428571,5,5,2,4,3,3,4.25,4,3,2,3,1,1,1,1,1,1,1,1,5,3,1,3,1,1,8,1,2.875,249,3,1,6,3.333333333,311,70,169,410,240,2,,,,,,,,,#DIV/0!,,,,,,,,,,,#DIV/0!,,,,,,,,#DIV/0!,,,,,,,,,,,#DIV/0!,,,,,,,,,,#DIV/0!,,,,#DIV/0!,,,,,,,,,,,#DIV/0!,,,,,#DIV/0!,Ivania Monterroso,19,2,6,4,2,16,Psychology emphasis in health,1,2,2,1,4,15,1,4,
9/18/2024 13:36,9/18/2024 14:07,157.201.98.1,1815,1,9/18/2024 14:07,3,4,5,4,5,2,4,6,3,3,5,2,6,3,5,3,5,4,4,3,3.95,5,5,6,5,5.25,5,6,6,5,5,5.4,5,3,5,6,5,4.8,18,18,17,18,17,19,19,18,3,2,3,2,1,2.2,5,6,1,5,5,1,3,3.714285714,4,4,3,3,1,3,2,2,1,2,2,4,2,4,2,5,2,5,2.833333333,6,5,6,5,3,5,4,2,4,4,2,3,3,4,2,4,4,3.571428571,4,3,3,3,3,3,3.25,2,3,2,2.333333333,4,5,5,5,2,5,5,4.428571429,6,1,1,3,4,3,8,1,3.375,184,5,4,5,4.666666667,176,0,181,181,134.5,1,2,1,7,5,5,2,3,2,4,5,5,2,6,7,1,3,5,7,7,4.75,3,5,3,5,6,1,7,4.5,2,6,5,7,1,7,5,2,6,5,5.375,2,1,3,1,1,1,5,7,7,3.111111111,2,4,4,3.333333333,1,3,1,1,1,1,1,3,1,1,1.4,1,1,1,1,1,Chandler Bree,23,1,5,1,4,8,Psychology,2,2,2,4,2,9,1,4,
9/18/2024 13:43,9/18/2024 14:07,205.185.107.40,1445,1,9/18/2024 14:07,2,4,5,3,1,3,4,3,2,3,3,4,5,4,2,4,4,3,2,,3.210526316,6,6,6,6,6,6,6,6,6,6,6,6,6,5,6,5,5.6,15,15,15,14,15,15,14,14.71428571,2,1,1,1,2,1.4,3,2,3,5,5,1,3,3.142857143,4,2,4,2,3,2,5,4,1,3,3,1,3,1,4,1,4,2,2.722222222,6,6,6,6,3,5.4,2,5,1,5,1,4,2,2,4,2,2,1.714285714,2,2,5,1,4,2,1.75,1,1,1,1,3,1,2,2,2,2,3,2.142857143,5,4,3,5,4,5,8,7,5.125,45,4,4,1,3,107,0,273,123,125.75,2,,,,,,,,,#DIV/0!,,,,,,,,,,,#DIV/0!,,,,,,,,#DIV/0!,,,,,,,,,,,#DIV/0!,,,,,,,,,,#DIV/0!,,,,#DIV/0!,,,,,,,,,,,#DIV/0!,,,,,#DIV/0!,Trevor Barney,22,1,5,1,3,14,Psychology,2,2,2,3,2,20,1,4,
9/18/2024 11:23,9/18/2024 14:17,205.185.107.33,10481,1,9/18/2024 14:17,4,5,4,2,1,2,3,4,1,4,5,2,4,2,4,4,2,4,5,2,3.2,6,7,7,6,6.5,4,6,6,7,7,6,6,5,6,7,7,6.2,17,15,14,14,14,15,17,15.14285714,1,1,1,1,2,1.2,5,1,1,5,5,2,1,2.857142857,4,2,3,1,3,2,4,4,2,5,1,1,5,2,5,2,4,3,2.944444444,5,6,7,6,6,6,2,4,2,4,2,3,3,2,4,2,3,2.285714286,3,4,3,3,3,3,3.25,2,2,1,1.666666667,2,3,2,3,3,2,2,2.428571429,1,4,3,2,2,4,8,1,3.125,30,3,1,1,1.666666667,211,0,108,0,79.75,1,2,3,5,4,5,5,6,4,4.833333333,4,5,5,3,4,4,3,5,6,2,4.25,3,5,5,4,5,3,6,4.666666667,5,3,6,7,7,1,5,3,5,6,4.5,5,3,6,5,4,4,6,6,6,5,4,4,4,4,1,1,1,1,1,1,1,1,1,1,1,2,1,1,1,1.25,Leon F. Correa ,33,1,6,1,4,12,Psychology with an emphasis in Health ,1,2,2,3,1,15,1,4,
9/18/2024 14:07,9/18/2024 14:27,184.155.236.45,1189,1,9/18/2024 14:27,5,5,3,3,3,3,4,3,3,3,5,5,5,3,3,3,5,4,4,3,3.75,6,6,5,5,5.5,4,6,6,6,6,5.6,3,2,4,4,4,3.4,14,16,14,14,15,16,15,14.85714286,3,3,3,1,2,2.4,4,4,4,4,5,4,4,4.142857143,5,4,3,3,1,1,3,2,4,4,2,1,2,1,2,2,1,4,2.5,3,5,5,5,4,4.4,4,3,3,3,3,3,3,2,3,3,3,3,4,4,3,3,3,3,3.5,3,4,4,3.666666667,2,1,3,2,2,3,3,2.285714286,6,4,1,3,1,3,3,1,2.75,190,5,5,5,5,248,21,234,208,177.75,1,1,6,2,2,5,2,4,4,3.166666667,3,5,3,3,7,1,3,5,3,7,3.75,4,4,6,2,4,4,6,4.333333333,1,7,6,6,2,6,6,6,6,6,6.125,2,2,5,2,2,2,2,2,2,2.333333333,4,4,4,4,1,1,1,1,1,1,1,1,1,1,1,2,2,1,1,1.5,Graham Hannon,21,1,5,1,3,12,Psychology with Health Psychology Emphasis,1,2,2,4,4,11.8,1,4,
9/18/2024 14:01,9/18/2024 14:46,205.185.107.47,2698,1,9/18/2024 14:46,5,4,5,5,1,4,5,5,2,1,6,4,5,4,5,6,4,2,5,2,4,1,6,7,5,4.75,4,6,6,6,7,5.8,3,2,1,1,1,1.6,17,17,13,15,17,16,19,16.28571429,1,1,3,1,2,1.6,7,7,6,5,7,7,5,6.285714286,2,3,2,4,1,1,5,5,2,4,2,1,3,1,2,1,4,4,2.611111111,6,6,6,7,3,5.6,1,5,1,4,2,5,1,1,5,1,2,1.285714286,4,4,3,3,5,1,3,5,4,5,4.666666667,2,1,2,1,1,1,1,1.285714286,4,4,3,1,2,1,6,2,2.875,130,6,1,6,4.333333333,80,0,30,200,77.5,2,,,,,,,,,#DIV/0!,,,,,,,,,,,#DIV/0!,,,,,,,,#DIV/0!,,,,,,,,,,,#DIV/0!,,,,,,,,,,#DIV/0!,,,,#DIV/0!,,,,,,,,,,,#DIV/0!,,,,,#DIV/0!,"Lacey, Boyer",19,2,5,4,2,16,Health Psychology,1,2,2,5,2,4,1,4,
9/18/2024 14:19,9/18/2024 15:04,157.201.96.100,2688,1,9/18/2024 15:04,2,3,2,5,3,2,3,2,1,5,3,5,3,5,2,2,4,4,2,5,3.15,5,7,6,6,6,6,6,5,5,7,5.8,6,3,6,6,6,5.4,18,17,13,17,13,15,13,15.14285714,2,4,2,1,1,2,2,5,3,7,7,5,5,4.857142857,3,2,3,3,1,1,4,3,1,3,2,2,4,1,4,2,3,3,2.5,5,6,7,7,2,5.4,3,3,3,2,4,2,4,2,2,4,5,3.571428571,2,1,3,3,3,3,2.25,4,4,4,4,2,2,2,2,2,2,2,2,6,5,5,4,5,4,8,7,5.5,60,4,5,1,3.333333333,119,0,360,0,119.75,2,,,,,,,,,#DIV/0!,,,,,,,,,,,#DIV/0!,,,,,,,,#DIV/0!,,,,,,,,,,,#DIV/0!,,,,,,,,,,#DIV/0!,,,,#DIV/0!,,,,,,,,,,,#DIV/0!,,,,,#DIV/0!,Kaden M Owens,21,1,5,3,3,18,Psychology emphasis in industrial organization,1,2,2,2,8,25.1,1,4,
9/18/2024 15:08,9/18/2024 16:06,192.225.189.130,3487,1,9/18/2024 16:06,2,4,1,5,1,3,2,5,2,4,4,5,2,3,3,5,5,2,2,4,3.2,2,3,5,3,3.25,2,5,6,5,5,4.6,2,2,5,6,5,4,17,15,17,13,15,13,14,14.85714286,2,3,1,1,3,2,2,5,2,3,7,5,2,3.714285714,3,4,4,4,2,3,3,4,4,3,2,3,3,2,4,4,3,4,3.277777778,5,6,5,2,7,5,3,4,2,3,3,5,1,3,4,2,3,2.428571429,4,3,3,3,5,1,2.75,4,2,3,3,2,1,2,2,1,1,3,1.714285714,6,5,1,2,6,2,8,4,4.25,351,5,2,4,3.666666667,579,0,198,97,218.5,1,1,7,1,3,5,1,5,4,3.166666667,1,2,5,6,6,2,3,5,5,2,3.5,5,3,6,6,3,6,5,4.833333333,5,3,5,3,5,3,5,2,2,6,3.625,1,1,5,1,1,1,6,5,5,2.888888889,5,5,5,5,1,3,1,5,2,1,1,1,1,1,1.7,4,3,1,1,2.25,Alina Keele ,23,2,5,4,3,12,Psychology General ,1,2,2,3,7,27.8,1,4,
9/18/2024 15:16,9/18/2024 16:12,205.185.107.50,3378,1,9/18/2024 16:12,2,5,4,4,1,2,2,3,1,5,4,4,2,5,1,1,5,4,2,5,3.1,6,6,5,5,5.5,3,6,6,5,5,5,5,6,3,6,5,5,17,18,14,14,15,16,14,15.42857143,1,2,1,1,1,1.2,2,5,3,2,5,5,3,3.571428571,4,2,4,3,4,2,4,4,3,4,2,3,4,2,3,1,4,3,3.111111111,6,6,6,6,5,5.8,3,4,2,4,2,4,2,3,3,3,3,2.571428571,3,3,4,2,4,2,2.5,4,2,2,2.666666667,2,2,2,2,1,1,3,1.857142857,6,4,1,2,3,4,7,4,3.875,24,3,3,5,3.666666667,196,0,245,154,148.75,2,,,,,,,,,#DIV/0!,,,,,,,,,,,#DIV/0!,,,,,,,,#DIV/0!,,,,,,,,,,,#DIV/0!,,,,,,,,,,#DIV/0!,,,,#DIV/0!,,,,,,,,,,,#DIV/0!,,,,,#DIV/0!,Heidi Warner,21,2,5,4,3,14,Psychology with a Health Emphasis,1,2,2,3,7,25,1,4,
9/18/2024 15:51,9/18/2024 16:17,205.185.107.47,1591,1,9/18/2024 16:17,2,4,4,4,2,4,4,4,3,4,4,3,3,4,3,2,4,3,3,3,3.35,4,6,6,4,5,6,6,6,6,6,6,5,6,5,4,4,4.8,17,17,15,17,16,17,14,16.14285714,1,2,2,1,1,1.4,3,2,3,5,6,2,4,3.571428571,2,2,5,2,2,2,3,3,1,3,1,1,3,1,4,1,4,4,2.444444444,4,3,3,5,6,4.2,4,3,3,2,4,2,4,3,3,3,3,3.428571429,4,2,3,3,3,3,3,4,3,3,3.333333333,3,2,3,2,1,1,3,2.142857143,2,2,2,1,2,1,2,1,1.625,399,6,1,5,4,343,10,181,70,151,1,1,5,3,5,5,5,5,5,4.666666667,1,5,3,5,3,5,2,6,5,2,4,3,5,3,4,4,4,4,4,5,3,3,3,6,2,5,5,6,5,4,5,4,6,5,5,5,6,6,6,5.333333333,4,4,4,4,1,2,1,2,1,1,1,2,1,2,1.4,2,1,1,1,1.25,Ally Robinson,19,2,5,4,2,13,Health Psychology,1,2,2,6,8,15.2,1,4,
9/18/2024 16:50,9/18/2024 17:16,205.185.98.23,1579,1,9/18/2024 17:16,4,3,4,2,2,3,4,6,2,3,5,5,6,2,5,6,5,2,5,2,3.8,7,6,7,6,6.5,5,5,6,7,7,6,7,2,6,6,5,5.2,15,17,14,14,17,14,14,15,3,4,4,3,2,3.2,3,3,5,6,4,5,2,4,4,3,3,4,1,2,2,3,3,5,1,3,4,3,4,4,4,5,3.222222222,3,6,6,6,2,4.6,3,4,2,4,2,3,3,4,3,3,4,3,5,4,3,3,3,3,3.75,4,5,5,4.666666667,5,4,5,5,4,2,3,4,4,1,2,3,1,1,6,1,2.375,521,8,6,6,6.666666667,413,27,573,163,294,2,,,,,,,,,#DIV/0!,,,,,,,,,,,#DIV/0!,,,,,,,,#DIV/0!,,,,,,,,,,,#DIV/0!,,,,,,,,,,#DIV/0!,,,,#DIV/0!,,,,,,,,,,,#DIV/0!,,,,,#DIV/0!,Connor Cates,22,1,5,4,2,13,Psychology ,1,2,2,4,7,13.2,1,4,
9/18/2024 12:11,9/18/2024 17:17,216.128.237.136,18371,1,9/18/2024 17:17,2,3,4,2,1,4,1,4,5,1,4,3,5,2,5,4,2,3,3,2,3,3,4,3,6,4,5,5,4,6,4,4.8,4,3,4,2,3,3.2,17,16,15,15,18,16,16,16.14285714,4,2,3,2,3,2.8,3,5,4,6,4,3,4,4.142857143,2,2,3,5,2,4,1,2,1,2,3,2,1,2,4,3,2,5,2.555555556,2,2,2,1,5,2.4,4,2,4,2,4,3,3,4,2,4,4,3.857142857,5,5,3,3,3,3,4,3,3,5,3.666666667,3,2,4,4,3,4,4,3.428571429,2,1,1,3,1,1,7,1,2.125,527,9,9,9,9,737,0,890,0,406.75,2,,,,,,,,,#DIV/0!,,,,,,,,,,,#DIV/0!,,,,,,,,#DIV/0!,,,,,,,,,,,#DIV/0!,,,,,,,,,,#DIV/0!,,,,#DIV/0!,,,,,,,,,,,#DIV/0!,,,,,#DIV/0!,Brigham Walston,21,1,5,3,4,6,Health Psychology,1,2,2,4,6,7.4,1,4,
9/18/2024 9:22,9/18/2024 17:40,157.201.96.100,29888,1,9/18/2024 17:40,5,5,4,4,3,3,4,5,2,4,2,4,2,4,3,2,3,4,3,4,3.5,5,6,7,6,6,5,6,6,6,6,5.8,5,2,4,4,4,3.8,15,17,15,14,18,15,16,15.71428571,2,2,1,1,2,1.6,6,4,3,5,5,5,4,4.571428571,3,3,4,3,2,2,3,3,2,4,2,1,2,1,4,1,3,4,2.611111111,6,6,5,6,4,5.4,2,3,3,4,2,3,3,3,4,2,3,2.571428571,4,3,4,2,3,3,3,1,3,3,2.333333333,3,3,3,2,2,3,3,2.714285714,3,3,2,3,3,3,8,2,3.375,180,3,4,4,3.666666667,120,1,120,59,75,1,1,2,6,5,5,5,5,5,5.166666667,5,5,3,4,3,5,3,5,4,4,4.375,4,4,6,5,5,5,3,4.666666667,1,7,5,6,2,6,5,5,5,1,5,6,4,5,5,5,5,5,5,5,5,4,4,4,4,1,2,1,1,1,1,1,1,1,1,1.1,1,1,1,3,1.5,Erin Storer ,21,2,6,1,4,10,Psychology,2,2,2,4,8,3,1,4,
9/18/2024 18:10,9/18/2024 18:42,174.247.152.152,1915,1,9/18/2024 18:42,4,2,3,4,4,3,,4,2,4,3,4,2,2,2,3,3,4,2,3,3.052631579,5,7,7,5,6,5,7,7,7,7,6.6,6,3,6,6,6,5.4,15,17,16,13,14,16,14,15,2,2,2,1,1,1.6,1,5,1,4,4,3,1,2.714285714,4,1,2,3,2,2,2,3,2,3,1,1,2,1,4,1,4,3,2.277777778,6,6,6,7,2,5.4,2,4,2,5,1,5,1,1,5,1,2,1.428571429,4,2,4,2,4,2,2.5,3,2,3,2.666666667,2,2,1,3,2,3,4,2.428571429,3,2,1,1,4,4,5,1,2.625,10,2,1,4,2.333333333,138,0,227,77,110.5,1,1,4,4,5,6,5,6,5,5.166666667,2,6,5,6,2,6,2,6,6,1,4.75,2,6,6,6,6,6,2,5.333333333,7,1,6,2,6,2,2,2,2,2,2.375,5,6,7,2,5,5,4,3,4,4.555555556,4,4,4,4,1,4,1,1,2,1,1,2,1,1,1.5,1,1,2,1,1.25,Tanner Mecham,24,1,5,1,4,9,Health Psychology,1,2,2,2,7,5.9,1,4,
9/18/2024 18:56,9/18/2024 19:26,205.185.107.38,1785,1,9/18/2024 19:26,3,4,4,6,4,2,4,3,1,5,1,5,1,1,2,1,6,5,1,6,3.25,6,7,7,5,6.25,7,7,7,7,7,7,7,5,4,7,7,6,13,15,17,13,13,13,13,13.85714286,1,1,2,1,1,1.2,1,1,1,4,7,1,1,2.285714286,5,3,5,2,3,1,5,5,1,5,1,1,4,1,5,1,5,2,3.055555556,7,7,7,7,2,6,2,5,1,5,1,4,2,3,4,2,1,1.714285714,3,3,5,1,5,1,2,2,1,1,1.333333333,3,1,3,4,3,3,3,2.857142857,7,5,6,4,6,6,6,6,5.75,31,4,4,1,3,59,62,0,15,34,1,1,2,6,7,7,6,7,7,6.666666667,3,7,7,1,1,7,1,7,7,1,5,6,2,2,2,5,5,2,3,7,1,1,1,7,1,3,3,5,5,2.5,7,7,7,5,5,7,7,7,6,6.444444444,5,5,5,5,1,1,1,1,1,1,1,1,1,1,1,2,1,1,1,1.25,Eliza DeTemple,21,2,5,3,3,14,Health Psychology,1,2,2,6,8,20,1,4,
9/18/2024 19:16,9/18/2024 19:45,69.51.98.140,1710,1,9/18/2024 19:45,3,4,2,5,5,2,4,3,2,5,3,5,4,4,3,2,4,4,2,5,3.55,5,6,5,5,5.25,5,5,5,4,5,4.8,6,5,5,6,5,5.4,16,15,14,14,15,15,15,14.85714286,1,3,1,1,2,1.6,4,3,3,5,4,3,2,3.428571429,4,2,3,2,1,2,3,3,2,3,1,2,3,1,4,1,3,3,2.388888889,5,5,4,6,6,5.2,2,4,2,4,2,4,2,2,4,2,3,2.142857143,4,3,3,3,3,3,3.25,1,1,1,1,2,2,2,2,2,2,2,2,2,2,5,4,2,2,6,1,3,82,4,1,1,2,63,0,101,0,41,2,,,,,,,,,#DIV/0!,,,,,,,,,,,#DIV/0!,,,,,,,,#DIV/0!,,,,,,,,,,,#DIV/0!,,,,,,,,,,#DIV/0!,,,,#DIV/0!,,,,,,,,,,,#DIV/0!,,,,,#DIV/0!,Tara l Wood,55,2,5,1,4,6,psychology,1,2,2,5,2,24.6,1,4,
9/18/2024 10:37,9/18/2024 20:12,157.201.96.100,34514,1,9/18/2024 20:12,4,4,4,5,3,4,4,4,2,4,3,4,2,3,3,4,4,4,3,4,3.6,6,6,6,5,5.75,5,6,6,6,7,6,5,3,3,5,3,3.8,15,14,15,13,17,15,16,15,1,3,1,1,1,1.4,6,4,5,6,6,3,4,4.857142857,5,2,5,2,4,3,5,5,2,4,2,1,5,1,5,3,4,2,3.333333333,5,7,7,6,5,6,3,4,2,5,1,4,2,3,4,2,3,2.285714286,2,3,4,2,4,2,2.25,3,4,2,3,2,1,2,2,1,2,3,1.857142857,6,6,3,2,6,3,8,4,4.75,638,3,2,3,2.666666667,120,0,110,55,71.25,1,1,5,3,5,5,4,5,4,4.333333333,4,4,5,5,3,5,3,5,5,3,4.5,5,3,6,6,6,6,6,5.5,2,6,3,4,5,3,4,5,5,3,4.125,5,5,6,4,3,4,6,5,5,4.777777778,5,5,5,5,1,2,1,1,1,1,1,2,1,1,1.2,3,1,1,1,1.5,Mary Christensen,20,2,5,4,3,12,Psychology - Industrial Organizational Psychology,2,2,2,6,6,6,1,4,
9/18/2024 16:18,9/18/2024 20:35,205.185.107.32,15366,1,9/18/2024 20:35,3,5,3,5,5,4,5,3,1,4,3,5,2,5,1,2,3,6,2,4,3.55,6,5,6,6,5.75,6,6,4,6,6,5.6,6,5,5,6,7,5.8,19,18,17,15,14,16,16,16.42857143,2,2,3,2,1,2,3,3,5,5,6,2,3,3.857142857,3,2,4,2,3,2,4,4,1,5,2,2,3,2,5,1,4,2,2.833333333,6,5,5,6,2,4.8,3,5,1,4,2,2,4,2,3,3,2,2.428571429,3,4,3,3,5,1,2.75,3,3,3,3,2,1,3,2,2,2,3,2.142857143,4,2,3,2,4,3,8,1,3.375,393,3,4,3,3.333333333,495,8,488,46,259.25,2,,,,,,,,,#DIV/0!,,,,,,,,,,,#DIV/0!,,,,,,,,#DIV/0!,,,,,,,,,,,#DIV/0!,,,,,,,,,,#DIV/0!,,,,#DIV/0!,,,,,,,,,,,#DIV/0!,,,,,#DIV/0!,Adelia Allison Meyer,19,2,5,4,2,16,"Psychology, Health",1,2,2,3,6,18.1,1,4,
9/18/2024 20:09,9/18/2024 21:07,65.129.63.170,3503,1,9/18/2024 21:07,4,4,2,3,3,3,4,3,3,3,4,5,4,3,3,3,4,2,4,3,3.35,4,5,5,5,4.75,4,4,5,5,4,4.4,5,3,4,4,4,4,15,17,15,17,17,16,15,16,1,1,1,1,1,1,5,5,3,4,5,4,5,4.428571429,3,3,3,3,2,2,4,4,3,4,2,1,4,1,4,1,4,3,2.833333333,6,5,6,6,6,5.8,4,3,3,3,3,4,2,3,3,3,2,2.857142857,3,3,3,3,3,3,3,2,3,2,2.333333333,2,2,2,2,1,1,2,1.714285714,3,4,2,2,2,6,6,2,3.375,69,1,1,5,2.333333333,177,64,135,46,105.5,1,1,5,3,4,6,3,5,3,4,2,4,2,6,3,5,6,2,2,6,3.625,5,3,2,2,1,2,1,1.833333333,2,6,3,3,6,2,5,3,5,1,3.5,3,3,4,3,3,2,2,2,2,2.666666667,4,4,4,4,1,4,1,1,1,1,1,1,1,1,1.3,3,2,1,1,1.75,Tori Caldwell,21,2,5,3,4,13,"Psych major, minor in sociology",2,1,2,1,6,8.6,1,4,
9/19/2024 8:11,9/19/2024 8:39,157.201.96.100,1684,1,9/19/2024 8:39,4,4,3,3,4,3,3,4,2,3,4,4,3,3,4,3,4,3,4,3,3.4,5,4,6,4,4.75,4,5,5,5,4,4.6,4,3,3,5,3,3.6,17,17,17,15,15,16,17,16.28571429,3,3,3,2,2,2.6,4,5,4,5,5,5,4,4.571428571,2,2,4,3,1,2,4,4,3,3,2,2,3,2,4,2,4,4,2.833333333,5,5,4,4,3,4.2,4,3,3,3,3,3,3,3,3,3,2,3,4,4,4,2,4,2,3,2,2,2,2,2,2,2,4,4,4,2,2.857142857,6,6,4,3,6,6,1,5,4.625,100,4,4,4,4,131,0,134,67,83,1,1,2,6,5,5,6,6,6,5.666666667,2,6,6,2,2,6,2,6,7,2,4.625,3,5,5,5,4,5,5,4.833333333,3,5,3,4,4,4,4,3,3,5,3.875,6,6,6,6,6,6,6,6,6,6,4,5,5,4.666666667,1,2,1,2,1,2,1,1,1,2,1.4,2,2,1,2,1.75,Annie MacKay,21,2,5,3,4,17,Psychology ,1,2,2,3,5,12.2,1,4,
9/19/2024 10:32,9/19/2024 11:07,205.185.107.28,2094,1,9/19/2024 11:07,2,4,2,2,4,3,3,3,1,4,3,3,5,4,4,3,4,3,3,2,3.1,4,6,6,6,5.5,5,6,6,6,6,5.8,4,4,5,5,4,4.4,14,14,14,14,14,14,14,14,1,4,1,1,1,1.6,4,3,6,4,5,4,4,4.285714286,4,2,3,2,3,1,2,3,2,3,1,2,3,1,3,2,3,4,2.444444444,5,6,5,5,6,5.4,2,4,2,3,3,3,3,3,4,2,2,2.428571429,5,4,3,3,3,3,3.75,2,2,2,2,2,2,2,2,2,2,4,2.285714286,5,2,1,2,4,4,6,3,3.375,92,4,1,4,3,404,1,231,227,215.75,1,1,3,5,4,5,5,4,5,4.666666667,1,2,2,4,3,5,5,3,4,3,3,6,2,3,3,2,2,2,2.333333333,3,5,3,2,2,6,2,2,2,2,3,5,4,6,3,4,5,5,5,4,4.555555556,4,4,4,4,1,4,1,1,1,1,1,1,1,1,1.3,2,1,1,1,1.25,Ethan Woodward,23,1,5,1,4,13,IOPSYCH,2,2,2,3,8,8.2,1,4,
9/19/2024 11:08,9/19/2024 11:32,157.201.96.100,1498,1,9/19/2024 11:32,2,5,4,3,2,2,1,4,1,6,4,5,4,2,5,4,4,5,2,5,3.5,5,7,6,5,5.75,6,7,6,7,7,6.6,6,4,5,3,5,4.6,13,15,13,14,15,13,14,13.85714286,2,2,2,1,1,1.6,5,6,1,7,6,2,3,4.285714286,4,2,4,2,3,3,4,4,2,5,1,3,4,2,4,1,4,5,3.166666667,4,3,7,1,2,3.4,4,4,2,4,2,4,2,3,3,3,4,2.857142857,5,5,4,2,4,2,3.5,4,3,4,3.666666667,3,3,3,3,2,1,5,2.857142857,2,3,1,6,3,2,7,3,3.375,51,4,2,3,3,120,6,114,31,67.75,2,,,,,,,,,#DIV/0!,,,,,,,,,,,#DIV/0!,,,,,,,,#DIV/0!,,,,,,,,,,,#DIV/0!,,,,,,,,,,#DIV/0!,,,,#DIV/0!,,,,,,,,,,,#DIV/0!,,,,,#DIV/0!,Jake Johnson,22,1,5,4,2,14,Psychology,1,2,2,4,7,15,1,4,
9/19/2024 11:13,9/19/2024 11:53,172.56.151.223,2379,1,9/19/2024 11:53,4,4,4,4,3,4,3,4,1,3,4,4,3,4,4,5,5,4,4,4,3.75,7,7,7,6,6.75,6,6,6,7,7,6.4,5,5,5,6,5,5.2,14,14,14,15,18,15,14,14.85714286,2,3,2,2,2,2.2,1,3,2,5,6,2,3,3.142857143,3,3,3,3,2,2,4,3,2,3,2,2,3,2,4,1,4,3,2.722222222,5,6,6,6,5,5.6,3,4,2,4,2,4,2,3,3,3,3,2.571428571,3,3,4,2,4,2,2.5,2,3,2,2.333333333,3,2,4,1,1,2,3,2.285714286,5,5,4,3,4,4,6,6,4.625,90,3,1,2,2,182,79,251,0,128,1,1,6,2,3,6,2,3,4,3.333333333,1,2,2,5,5,3,6,2,2,5,2.75,5,3,5,5,5,5,3,4.333333333,3,5,2,5,5,3,5,3,3,5,3.875,4,2,4,3,3,1,4,5,4,3.333333333,5,5,5,5,1,3,2,1,1,1,1,1,1,1,1.3,2,2,1,1,1.5,Ava Bogan,20,2,7,1,3,14,General psychology,2,2,2,3,5,20,1,4,
9/19/2024 12:31,9/19/2024 13:20,205.185.105.19,2960,1,9/19/2024 13:20,2,4,3,4,3,2,2,4,1,5,3,4,3,4,2,2,5,4,3,5,3.25,6,4,5,7,5.5,3,2,6,4,6,4.2,6,5,5,6,4,5.2,13,15,14,13,17,15,16,14.71428571,2,1,2,2,1,1.6,1,2,1,5,6,4,3,3.142857143,3,2,3,2,1,3,3,3,3,4,1,4,3,2,5,1,3,4,2.777777778,5,6,4,6,4,5,5,3,3,3,3,2,4,3,3,3,4,3.571428571,5,4,3,3,3,3,3.75,1,1,1,1,1,2,3,1,1,2,4,2,4,1,1,4,4,4,8,7,4.125,31,7,3,5,5,207,0,280,180,166.75,1,1,7,1,2,6,3,5,4,3.5,1,3,6,6,4,4,4,4,4,5,4.125,6,2,2,6,2,2,5,3.166666667,1,7,5,6,6,2,7,7,7,7,6,5,2,5,3,3,4,2,5,4,3.666666667,3,4,4,3.666666667,2,3,3,1,2,1,1,3,1,1,1.8,5,4,1,4,3.5,Kaleb Cox,24,1,5,1,3,13,Healthcare Psychology,1,2,2,6,9,16,1,4,
9/19/2024 10:53,9/19/2024 13:40,204.8.62.218,10005,1,9/19/2024 13:40,6,5,3,4,2,5,4,5,4,1,5,4,3,4,4,2,6,4,3,,3.894736842,6,5,7,6,6,6,,3,2,6,4.25,6,3,4,6,6,5,14,18,17,16,17,16,16,16.28571429,1,2,1,1,1,1.2,2,2,7,2,4,2,3,3.142857143,5,2,3,2,2,2,5,5,3,5,2,2,4,2,4,2,5,4,3.277777778,5,6,6,5,6,5.6,3,5,1,5,1,4,2,2,4,2,2,1.857142857,4,4,4,2,4,2,3,3,1,1,1.666666667,4,1,4,4,1,4,4,3.142857143,5,4,6,5,5,4,1,1,3.875,302,7,5,6,6,202,2,21,401,156.5,1,2,2,6,5,4,6,6,6,5.5,6,4,5,4,3,5,4,4,2,2,4,2,6,7,4,5,6,4,5.333333333,1,7,3,2,4,4,5,4,4,6,4.375,5,5,6,5,5,5,6,6,6,5.444444444,4,4,4,4,1,1,1,2,1,1,1,5,1,1,1.5,2,1,2,1,1.5,Nicholle Ward,28,2,4,4,4,9,Psychology,2,1,2,1,1,3.9,1,4,
9/19/2024 14:39,9/19/2024 15:15,205.185.107.42,2164,1,9/19/2024 15:15,3,3,3,4,3,2,4,3,1,3,3,2,4,4,2,3,3,2,3,2,2.85,5,6,7,5,5.75,3,7,6,6,7,5.8,6,1,3,6,1,3.4,15,17,19,15,18,15,13,16,4,1,4,1,2,2.4,3,3,7,7,5,3,1,4.142857143,2,2,2,4,2,3,2,3,3,3,2,3,2,3,2,1,2,4,2.5,2,5,3,6,7,4.6,4,4,2,4,2,2,4,3,3,3,3,3,3,4,2,4,2,4,3.75,4,3,2,3,3,1,2,3,3,3,4,2.714285714,2,3,2,2,3,2,6,1,2.625,141,4,1,5,3.333333333,239,0,79,0,79.5,1,2,3,5,5,5,5,5,5,5,3,6,5,2,1,7,2,6,6,5,5,3,5,5,5,5,5,3,4.666666667,2,6,2,7,2,6,7,1,1,5,4.375,6,6,7,6,6,2,5,5,3,5.111111111,5,4,5,4.666666667,1,2,1,2,1,1,1,1,1,2,1.3,2,1,1,1,1.25,Celina Adams,24,2,5,4,4,9,"Exercise Physiology, Rehabilitation and Strengthening",1,2,2,5,6,5,1,4,
9/19/2024 15:31,9/19/2024 17:04,205.185.107.16,5584,1,9/19/2024 17:04,6,5,3,6,4,5,5,6,1,6,5,5,4,2,3,2,6,5,5,4,4.4,5,6,7,5,5.75,6,6,7,6,6,6.2,2,3,5,4,4,3.6,15,17,18,14,17,17,16,16.28571429,1,1,1,1,1,1,5,5,4,3,7,1,5,4.285714286,2,3,4,2,1,2,5,5,2,5,1,2,5,2,5,1,4,2,2.944444444,5,5,4,5,4,4.6,3,3,3,3,3,4,2,2,3,3,1,2.428571429,2,3,4,2,5,1,2,3,4,2,3,2,1,2,2,1,2,4,2,6,6,6,4,4,1,6,5,4.75,60,1,1,4,2,243,1,70,49,90.75,2,,,,,,,,,#DIV/0!,,,,,,,,,,,#DIV/0!,,,,,,,,#DIV/0!,,,,,,,,,,,#DIV/0!,,,,,,,,,,#DIV/0!,,,,#DIV/0!,,,,,,,,,,,#DIV/0!,,,,,#DIV/0!,Olivia Waites,21,2,5,3,3,12,Exercise physiology,1,2,2,4,5,30,1,4,
9/19/2024 17:01,9/19/2024 17:26,157.201.98.1,1495,1,9/19/2024 17:26,5,3,5,2,5,2,2,5,1,4,6,3,2,2,1,4,2,4,5,4,3.35,6,7,7,6,6.5,5,6,6,7,7,6.2,6,7,7,7,6,6.6,13,17,18,13,17,13,13,14.85714286,1,1,2,1,1,1.2,1,5,5,6,7,3,5,4.571428571,4,2,4,3,3,2,5,4,2,5,1,3,4,2,5,1,5,3,3.222222222,6,6,7,7,7,6.6,1,4,2,4,2,4,2,3,4,2,2,2,3,3,4,2,4,2,2.5,3,4,3,3.333333333,4,3,3,4,2,2,2,2.857142857,5,5,1,4,4,1,6,6,4,92,3,1,3,2.333333333,245,0,128,47,105,1,1,1,7,6,6,6,6,6,6.166666667,2,6,5,6,1,7,1,7,6,1,5,2,6,6,7,6,7,6,6.333333333,1,7,7,5,7,1,2,6,7,7,5.25,7,7,7,6,6,6,6,6,6,6.333333333,5,5,5,5,1,1,1,1,1,1,1,1,1,1,1,3,1,1,1,1.5,Jessica South ,20,2,5,4,2,13,Health Psychology ,1,2,2,3,7,25.2,1,4,
9/19/2024 18:07,9/19/2024 18:34,192.225.180.2,1611,1,9/19/2024 18:34,2,5,3,4,3,3,3,3,2,5,2,5,3,3,4,5,2,4,2,3,3.3,5,5,6,5,5.25,5,5,6,5,4,5,3,5,4,4,2,3.6,17,15,15,13,13,13,13,14.14285714,1,3,2,1,1,1.6,2,3,3,4,7,3,3,3.571428571,1,2,4,4,3,1,2,3,2,4,3,1,4,1,4,1,3,2,2.5,1,4,3,5,1,2.8,3,3,3,3,3,3,3,3,3,3,3,3,3,3,3,3,3,3,3,4,3,3,3.333333333,3,1,1,1,1,1,1,1.285714286,3,1,1,1,3,1,8,1,2.375,392,5,1,5,3.666666667,489,210,224,224,286.75,2,,,,,,,,,#DIV/0!,,,,,,,,,,,#DIV/0!,,,,,,,,#DIV/0!,,,,,,,,,,,#DIV/0!,,,,,,,,,,#DIV/0!,,,,#DIV/0!,,,,,,,,,,,#DIV/0!,,,,,#DIV/0!,Emma Fife,28,2,5,4,4,16,Psychology,3,2,2,4,6,20.9,1,4,
9/19/2024 18:54,9/19/2024 19:26,67.60.209.162,1943,1,9/19/2024 19:26,4,5,4,4,4,3,4,3,6,6,5,5,4,5,2,3,5,5,5,5,4.35,4,7,7,7,6.25,7,7,7,7,7,7,7,5,5,6,5,5.6,13,13,13,13,13,14,13,13.14285714,1,1,1,1,2,1.2,1,1,1,2,6,1,1,1.857142857,3,1,4,3,4,3,5,5,1,5,2,2,5,1,5,1,4,1,3.055555556,4,4,5,5,3,4.2,3,3,3,3,3,4,2,1,5,1,2,2.142857143,2,4,5,1,5,1,2,1,3,3,2.333333333,2,2,3,2,2,2,2,2.142857143,6,5,1,1,4,4,6,4,3.875,351,1,1,1,1,70,0,55,0,31.25,1,1,3,5,5,5,5,5,5,5,1,5,1,6,4,4,5,3,3,5,3.5,6,2,5,5,2,2,2,3,6,2,6,6,3,5,6,6,6,5,5.25,6,6,6,6,6,2,6,6,6,5.555555556,4,4,4,4,1,1,1,1,1,1,1,1,1,1,1,2,1,1,2,1.5,Emily Haas,20,2,5,3,3,13,Marketing ,1,2,2,1,2,8,1,4,
9/19/2024 19:02,9/19/2024 19:49,24.117.113.170,2845,1,9/19/2024 19:49,4,6,4,4,2,2,3,2,2,3,2,4,3,5,5,3,4,4,2,2,3.3,6,6,7,5,6,4,5,6,6,7,5.6,5,2,4,5,4,4,17,16,14,14,17,17,16,15.85714286,1,1,1,1,2,1.2,2,1,2,5,6,2,2,2.857142857,4,1,4,2,1,2,4,5,1,4,1,1,5,1,4,1,4,1,2.555555556,3,6,5,6,3,4.6,3,4,2,4,2,3,3,3,3,3,3,2.714285714,1,3,4,2,4,2,2,2,2,2,2,1,3,1,1,1,1,1,1.285714286,5,2,1,1,2,4,6,1,2.75,120,5,3,3,3.666666667,135,0,20,46,50.25,1,1,4,4,6,6,3,4,4,4.5,1,1,1,5,2,6,6,2,2,2,2.5,6,2,3,2,3,3,2,2.5,1,7,3,4,2,6,6,2,3,4,4.375,5,2,6,5,6,4,7,6,6,5.222222222,4,4,4,4,1,3,1,1,1,1,1,2,1,1,1.3,4,3,2,2,2.75,Daniel Hardin ,24,1,5,1,4,8,Exercise Physiology ,1,2,2,6,2,4,1,4,
9/19/2024 19:54,9/19/2024 20:48,205.185.105.14,3243,1,9/19/2024 20:48,4,4,4,4,3,2,3,4,2,4,4,4,4,3,4,3,5,4,4,3,3.6,5,6,6,5,5.5,5,5,4,5,5,4.8,5,3,4,4,4,4,16,18,17,15,17,16,15,16.28571429,1,2,1,2,1,1.4,4,3,3,5,4,4,3,3.714285714,4,3,4,3,3,3,5,4,3,4,3,3,4,3,4,3,4,3,3.5,3,5,4,4,5,4.2,3,3,3,3,3,3,3,2,3,3,3,2.857142857,3,4,3,3,4,2,3,4,3,3,3.333333333,3,2,3,3,3,3,3,2.857142857,8,4,4,4,5,1,7,6,4.875,300,9,1,9,6.333333333,601,37,601,824,515.75,1,1,3,5,4,5,5,5,4,4.666666667,2,4,4,4,3,5,3,5,4,3,3.875,3,5,2,5,5,5,4,4.333333333,5,3,3,5,3,5,5,3,2,3,3.625,5,5,5,4,4,4,4,4,4,4.333333333,4,4,4,4,1,1,1,1,1,1,1,1,1,1,1,2,2,1,1,1.5,Evelin Magana,23,2,6,4,4,12,Psychology,2,2,2,1,1,15,1,4,
9/19/2024 20:40,9/19/2024 21:04,205.185.110.131,1432,1,9/19/2024 21:04,4,2,5,3,1,2,2,5,1,1,6,4,6,2,4,6,6,3,6,2,3.55,5,5,6,2,4.5,3,5,6,6,7,5.4,1,1,3,2,7,2.8,17,18,14,17,19,13,13,15.85714286,4,2,4,1,3,2.8,2,6,5,7,7,6,2,5,3,4,5,5,1,3,2,2,5,2,4,3,1,5,2,5,3,3,3.222222222,1,2,5,2,1,2.2,5,2,4,3,3,1,5,4,1,5,5,4.428571429,4,5,2,4,3,3,4,5,5,5,5,5,3,5,4,1,3,5,3.714285714,4,4,2,1,3,1,7,2,3,128,4,1,2,2.333333333,94,0,201,10,76.25,1,1,2,6,6,7,6,7,7,6.5,3,6,6,5,2,6,6,2,6,2,4.5,7,1,2,5,2,2,7,3.166666667,5,3,6,5,7,1,5,6,7,1,4.25,6,7,7,5,5,2,7,6,7,5.777777778,5,5,4,4.666666667,1,3,1,2,1,1,1,1,1,1,1.3,3,1,1,1,1.5,Jordon Viola,25,1,5,4,3,13,Psychology (I/O emphasis),2,2,2,4,9,18,1,4,
9/19/2024 20:41,9/19/2024 21:21,192.225.189.130,2361,1,9/19/2024 21:21,2,5,3,4,4,2,5,4,2,4,4,3,4,4,2,2,6,4,4,4,3.6,7,7,7,7,7,6,7,6,7,7,6.6,7,6,5,7,5,6,15,15,14,16,17,17,14,15.42857143,1,1,1,1,1,1,2,1,2,4,7,2,4,3.142857143,4,2,5,1,4,3,5,5,2,5,1,1,5,1,5,1,5,1,3.111111111,7,7,7,7,7,7,2,4,2,5,1,4,2,1,5,1,1,1.428571429,2,2,4,2,5,1,1.75,1,1,1,1,1,1,1,2,2,2,3,1.714285714,6,4,4,3,7,7,8,7,5.75,30,1,1,1,1,45,1,90,59,48.75,1,1,1,7,7,7,6,7,7,6.833333333,5,7,4,6,7,1,1,7,7,1,4.75,1,7,6,6,7,6,7,6.5,7,1,7,7,2,6,7,3,2,4,4.625,7,7,7,7,7,5,7,7,4,6.444444444,5,5,5,5,1,1,1,1,1,1,1,1,1,1,1,1,1,1,1,1,Ella Taggart,20,2,5,3,3,13,Health Psychology,1,2,2,2,2,3,1,4,
9/19/2024 20:52,9/19/2024 21:24,129.222.102.15,1923,1,9/19/2024 21:24,4,2,3,2,1,2,6,5,4,4,4,3,4,3,6,5,4,2,5,2,3.55,6,7,7,6,6.5,6,7,7,7,7,6.8,6,3,3,7,7,5.2,17,18,17,13,17,15,17,16.28571429,1,2,1,1,1,1.2,1,1,1,1,7,1,3,2.142857143,2,2,3,2,3,1,4,5,1,5,2,1,4,1,4,1,4,3,2.666666667,7,7,7,7,7,7,1,5,1,5,1,5,1,1,3,3,1,1.285714286,3,1,4,2,5,1,1.75,1,1,1,1,1,1,1,1,1,1,1,1,2,1,1,1,1,2,2,1,1.375,307,1,1,4,2,397,10,183,221,202.75,2,,,,,,,,,#DIV/0!,,,,,,,,,,,#DIV/0!,,,,,,,,#DIV/0!,,,,,,,,,,,#DIV/0!,,,,,,,,,,#DIV/0!,,,,#DIV/0!,,,,,,,,,,,#DIV/0!,,,,,#DIV/0!,Aubri Rowe,30,2,5,1,4,7,Health Psychology,1,2,1,4,8,8.7,1,4,
9/19/2024 20:59,9/19/2024 21:39,205.185.107.44,2385,1,9/19/2024 21:39,4,2,2,5,2,4,2,5,1,2,2,2,1,2,2,2,2,5,3,4,2.7,6,7,7,5,6.25,6,4,6,6,7,5.8,6,2,7,6,6,5.4,15,14,13,14,17,18,16,15.28571429,2,1,1,1,1,1.2,1,3,6,6,7,3,2,4,5,3,3,4,3,2,4,5,4,5,3,2,4,3,5,4,4,5,3.777777778,5,6,7,7,7,6.4,2,4,2,4,2,5,1,2,3,3,1,1.857142857,5,5,3,3,4,2,3.75,1,2,1,1.333333333,2,1,2,3,1,1,3,1.857142857,7,5,5,1,4,5,8,4,4.875,75,4,1,1,2,76,0,331,101,127,2,,,,,,,,,#DIV/0!,,,,,,,,,,,#DIV/0!,,,,,,,,#DIV/0!,,,,,,,,,,,#DIV/0!,,,,,,,,,,#DIV/0!,,,,#DIV/0!,,,,,,,,,,,#DIV/0!,,,,,#DIV/0!,Audrey Cluff,21,2,5,1,4,15,Health Psychology,1,2,2,6,8,25,1,4,
9/19/2024 21:30,9/19/2024 22:11,174.230.200.150,2446,1,9/19/2024 22:11,2,3,2,5,1,4,3,4,1,2,4,5,3,5,5,1,4,4,2,5,3.25,5,7,7,6,6.25,5,7,6,6,7,6.2,5,4,3,5,3,4,13,13,19,13,17,13,13,14.42857143,1,2,3,1,2,1.8,2,2,2,6,5,5,3,3.571428571,2,2,3,2,3,4,3,3,2,4,2,2,4,4,3,3,3,3,2.888888889,5,5,6,6,6,5.6,3,3,3,3,3,3,3,3,4,2,2,2.714285714,3,2,4,2,4,2,2.25,4,3,4,3.666666667,3,2,3,2,2,2,3,2.428571429,4,4,1,3,4,1,1,1,2.375,59,4,2,4,3.333333333,194,0,327,34,138.75,2,,,,,,,,,#DIV/0!,,,,,,,,,,,#DIV/0!,,,,,,,,#DIV/0!,,,,,,,,,,,#DIV/0!,,,,,,,,,,#DIV/0!,,,,#DIV/0!,,,,,,,,,,,#DIV/0!,,,,,#DIV/0!,Jack Hatch,24,1,5,4,3,14,Psychology with an emphasis in I/O Psych,2,2,2,4,8,30,1,4,
9/19/2024 21:26,9/19/2024 22:17,205.185.98.2,3101,1,9/19/2024 22:17,2,5,4,3,2,3,4,6,2,2,5,3,2,2,2,4,5,4,5,3,3.4,5,7,5,7,6,6,5,6,7,7,6.2,5,4,2,6,4,4.2,15,18,16,14,13,18,13,15.28571429,3,3,4,4,2,3.2,2,2,6,7,7,7,4,5,3,4,2,5,3,2,3,2,5,4,5,5,4,5,5,5,4,5,3.944444444,2,3,2,2,1,2,5,4,2,4,2,2,4,3,4,2,4,3.142857143,5,5,4,2,4,2,3.5,3,5,5,4.333333333,5,1,3,1,1,1,4,2.285714286,5,5,6,3,4,1,1,3,3.5,441,6,1,7,4.666666667,455,11,318,14,199.5,1,1,4,4,6,6,4,5,5,5,2,4,1,1,5,3,7,1,4,5,2.625,5,3,2,1,2,3,1,2,2,6,2,2,7,1,7,6,6,7,4.625,4,5,6,3,3,6,6,6,4,4.777777778,4,4,5,4.333333333,1,4,1,1,1,1,1,5,1,1,1.7,4,5,2,3,3.5,Sereana Vitinavulagi,23,2,3,3,2,13,"Psychology, Health Emphasis",1,2,2,3,2,19,1,4,
9/19/2024 21:42,9/19/2024 22:17,157.201.98.1,2105,1,9/19/2024 22:17,3,4,3,4,2,4,3,4,1,3,3,3,4,3,5,2,5,3,4,4,3.35,6,6,6,5,5.75,6,6,6,6,6,6,5,3,4,3,4,3.8,14,15,14,14,15,16,14,14.57142857,3,1,3,2,4,2.6,6,2,3,5,6,2,3,3.857142857,3,1,4,3,2,2,3,4,2,3,1,4,3,3,3,1,2,2,2.555555556,5,5,6,6,3,5,3,3,3,3,3,3,3,3,2,4,2,3,3,2,3,3,3,3,2.75,3,3,3,3,2,2,2,2,2,2,3,2.142857143,6,5,2,2,3,3,5,2,3.5,70,4,4,4,4,240,23,174,77,128.5,1,1,3,5,6,7,6,6,6,6,3,6,6,6,2,6,2,6,6,2,5.125,2,6,6,6,6,6,5,5.833333333,5,3,5,5,3,5,5,2,2,3,3.75,6,6,6,6,6,5,5,5,5,5.555555556,3,3,3,3,1,2,1,1,1,1,1,1,1,1,1.1,2,1,2,1,1.5,True Searle,22,1,5,3,3,12,Industrial Organizational Psychology,2,2,2,4,7,12,1,4,
9/20/2024 7:35,9/20/2024 8:37,157.201.96.100,3714,1,9/20/2024 8:37,4,2,4,3,4,4,3,4,4,2,4,2,4,3,3,3,2,4,4,4,3.35,6,6,7,7,6.5,5,6,6,6,6,5.8,6,5,5,6,6,5.6,16,15,,14,14,16,14,14.83333333,1,2,1,1,1,1.2,6,4,4,4,5,4,6,4.714285714,4,2,4,2,2,2,4,4,2,5,2,2,4,1,5,1,4,4,3,3,5,5,5,5,4.6,3,4,2,4,2,4,2,3,3,3,3,2.571428571,4,4,3,3,3,3,3.5,3,2,3,2.666666667,3,2,2,2,2,2,3,2.285714286,2,2,1,2,1,2,3,1,1.75,65,4,1,3,2.666666667,307,14,294,11,156.5,1,1,2,6,6,6,6,6,6,6,3,5,6,4,2,6,2,6,5,2,4.625,2,6,6,7,6,6,6,6.166666667,7,1,6,4,4,4,4,4,4,4,3.875,6,6,7,5,5,5,4,5,5,5.333333333,4,4,4,4,1,3,1,1,1,1,1,1,1,1,1.2,1,1,1,1,1,Addison Palmer,21,2,5,1,4,13,IO Psych ,1,2,1,5,6,14.6,1,4,
9/20/2024 9:20,9/20/2024 9:44,157.201.96.100,1403,1,9/20/2024 9:44,5,5,2,5,5,4,3,2,2,5,2,5,5,5,4,5,6,5,2,3,4,6,6,6,6,6,6,6,6,6,6,6,3,3,3,6,6,4.2,17,14,14,13,16,13,13,14.28571429,2,1,2,2,1,1.6,3,1,6,5,7,7,7,5.142857143,3,1,1,2,1,1,3,3,1,4,1,1,4,1,4,1,1,3,2,5,5,5,6,7,5.6,4,4,2,4,2,4,2,2,3,3,2,2.428571429,3,2,3,3,3,3,2.75,2,1,2,1.666666667,3,1,1,2,1,1,1,1.428571429,7,4,4,4,4,4,8,6,5.125,97,4,1,4,3,93,0,202,0,73.75,2,,,,,,,,,#DIV/0!,,,,,,,,,,,#DIV/0!,,,,,,,,#DIV/0!,,,,,,,,,,,#DIV/0!,,,,,,,,,,#DIV/0!,,,,#DIV/0!,,,,,,,,,,,#DIV/0!,,,,,#DIV/0!,Brynn Butler,22,2,5,3,3,15,Health Psychology,1,2,2,3,6,15.1,1,4,
9/20/2024 9:20,9/20/2024 9:45,157.201.96.100,1529,1,9/20/2024 9:45,3,4,2,6,2,2,3,2,2,5,3,2,3,3,3,2,4,4,2,5,3.1,4,6,5,6,5.25,5,6,6,6,7,6,6,4,4,5,4,4.6,14,14,14,14,14,14,14,14,2,2,1,1,1,1.4,3,3,6,6,6,3,6,4.714285714,4,1,4,2,1,2,4,4,2,4,1,1,4,1,4,1,4,3,2.611111111,6,6,5,6,6,5.8,2,4,2,3,3,3,3,3,4,2,2,2.428571429,3,2,4,2,4,2,2.25,3,3,3,3,2,2,2,2,1,1,1,1.571428571,7,4,4,2,5,2,1,7,4,405,1,1,3,1.666666667,262,0,327,53,160.5,1,1,3,5,6,6,6,4,6,5.5,2,6,2,4,2,6,5,3,2,2,3.375,2,6,6,6,6,6,3,5.5,6,2,6,6,6,2,6,6,6,6,5,6,6,6,4,4,2,6,6,6,5.111111111,4,4,4,4,1,1,1,1,1,1,1,1,1,1,1,1,1,1,1,1,Alyssa Brown,22,2,5,4,3,14,Healh Psychology,1,2,2,4,8,20,1,4,
9/20/2024 9:16,9/20/2024 9:47,157.201.98.1,1846,1,9/20/2024 9:47,5,3,4,5,5,4,4,5,2,3,4,5,4,2,2,4,3,4,3,4,3.75,4,5,5,5,4.75,5,5,5,5,5,5,4,5,3,5,4,4.2,16,17,19,14,15,16,13,15.71428571,2,3,1,1,1,1.6,5,5,6,3,5,5,5,4.857142857,2,2,4,2,3,2,3,3,3,3,1,1,3,1,2,1,4,4,2.444444444,5,5,5,5,4,4.8,2,4,2,3,3,4,2,1,4,2,1,1.857142857,3,4,4,2,5,1,2.5,2,3,1,2,2,1,2,2,1,2,3,1.857142857,4,2,1,5,2,1,8,4,3.375,304,7,1,5,4.333333333,404,8,474,77,240.75,2,,,,,,,,,#DIV/0!,,,,,,,,,,,#DIV/0!,,,,,,,,#DIV/0!,,,,,,,,,,,#DIV/0!,,,,,,,,,,#DIV/0!,,,,#DIV/0!,,,,,,,,,,,#DIV/0!,,,,,#DIV/0!,Darlene Acosta,20,2,6,4,3,13,Psychology,1,2,2,1,4,20.9,1,4,
9/20/2024 9:52,9/20/2024 10:19,157.201.96.100,1611,1,9/20/2024 10:19,2,4,4,4,2,4,2,2,2,4,4,2,4,2,2,2,2,2,4,4,2.9,6,6,6,6,6,6,6,6,6,6,6,5,3,5,5,5,4.6,17,17,17,15,18,17,15,16.57142857,1,2,1,1,1,1.2,2,2,2,6,6,2,2,3.142857143,4,3,4,3,2,2,4,4,3,3,4,2,4,2,4,2,4,3,3.166666667,5,5,5,5,5,5,3,4,2,4,2,4,2,3,4,2,3,2.428571429,3,3,4,2,4,2,2.5,3,3,3,3,2,2,3,3,3,2,3,2.571428571,1,4,1,4,1,1,6,1,2.375,50,5,3,1,3,148,7,66,38,64.75,1,2,1,7,7,7,6,6,7,6.666666667,6,6,6,3,2,6,3,5,6,2,5,3,5,3,6,7,7,5,5.5,5,3,3,3,3,5,5,3,3,5,3.75,6,6,6,6,6,6,6,6,6,6,4,4,4,4,1,3,1,1,1,1,1,1,1,1,1.2,1,1,1,1,1,Jeremy Sellaro,25,1,5,1,3,12,Psychology general emphasis,1,2,2,4,6,8.9,1,4,
9/20/2024 9:23,9/20/2024 10:42,67.60.196.13,4750,1,9/20/2024 10:42,2,2,3,4,3,3,2,2,1,2,3,4,6,2,3,4,5,5,2,2,3,5,7,6,6,6,4,7,7,7,7,6.4,5,2,5,2,6,4,15,17,17,18,18,15,14,16.28571429,4,3,4,4,4,3.8,3,5,1,7,7,6,3,4.571428571,2,4,2,5,1,2,1,1,4,3,3,4,3,4,3,1,1,5,2.722222222,1,1,1,2,2,1.4,3,1,5,2,4,1,5,5,1,5,5,4.571428571,5,5,2,4,3,3,4.25,3,4,5,4,3,1,4,2,2,2,3,2.428571429,3,1,3,1,1,1,7,1,2.25,296,4,1,5,3.333333333,425,0,300,0,181.25,1,1,6,2,5,6,4,4,4,4.166666667,1,2,1,7,1,7,7,1,1,4,3,2,6,2,2,1,2,3,2.666666667,1,7,4,7,1,7,3,3,7,7,5.625,4,4,4,4,4,3,4,4,4,3.888888889,4,3,3,3.333333333,1,1,1,1,1,1,1,1,1,1,1,1,2,1,1,1.25,Macey Bunnell,22,2,5,3,3,12,Health Psychology,1,2,2,3,5,30,1,4,
9/20/2024 10:24,9/20/2024 11:04,157.201.98.1,2408,1,9/20/2024 11:04,5,5,4,4,4,3,3,4,1,4,3,5,3,4,2,2,5,4,4,4,3.65,7,7,7,7,7,7,7,7,7,7,7,6,6,6,7,6,6.2,17,17,14,16,17,16,16,16.14285714,1,2,1,1,1,1.2,5,2,5,4,6,3,5,4.285714286,5,2,5,2,3,3,5,5,1,5,1,1,5,1,5,1,5,3,3.222222222,6,6,6,6,7,6.2,3,4,2,5,1,4,2,2,4,2,2,2,3,3,4,2,4,2,2.5,2,2,1,1.666666667,3,1,2,2,2,3,3,2.285714286,8,7,6,4,6,5,8,7,6.375,163,4,1,5,3.333333333,122,0,180,65,91.75,2,,,,,,,,,#DIV/0!,,,,,,,,,,,#DIV/0!,,,,,,,,#DIV/0!,,,,,,,,,,,#DIV/0!,,,,,,,,,,#DIV/0!,,,,#DIV/0!,,,,,,,,,,,#DIV/0!,,,,,#DIV/0!,Nathan Moses,22,1,5,4,2,17,Psychology,1,2,2,4,6,15,1,4,
9/20/2024 10:28,9/20/2024 11:19,157.201.98.1,3068,1,9/20/2024 11:19,5,4,4,4,2,3,2,3,4,3,4,4,3,3,4,3,4,4,4,4,3.55,6,6,6,6,6,6,6,6,6,6,6,6,6,6,6,6,6,18,18,18,16,16,15,14,16.42857143,2,3,3,1,3,2.4,5,4,4,4,4,4,4,4.142857143,5,3,2,3,2,2,2,4,2,4,2,4,3,3,4,3,3,3,3,6,6,6,6,6,6,4,3,3,3,3,3,3,3,3,3,3,3.142857143,4,4,2,4,2,4,4,3,4,4,3.666666667,3,3,3,3,2,3,3,2.857142857,1,1,1,1,1,2,6,1,1.75,491,5,5,5,5,403,410,413,148,343.5,1,1,4,4,4,4,4,4,4,4,5,4,4,4,4,4,4,4,4,4,4.125,4,4,4,4,4,4,4,4,4,4,4,4,4,4,4,4,4,4,4,5,5,5,5,5,5,5,5,5,5,4,4,4,4,1,1,1,1,1,1,1,1,1,1,1,1,1,1,1,1,Kayden Parker,26,1,5,1,4,12,Psychology Emphasis in Behavioral interventions,2,2,2,2,5,24.9,1,4,
9/20/2024 11:32,9/20/2024 12:17,157.201.96.100,2653,1,9/20/2024 12:17,4,6,5,5,2,4,4,5,1,5,3,5,1,3,1,2,3,6,2,5,3.6,4,7,6,5,5.5,7,7,7,6,7,6.8,5,6,7,5,6,5.8,13,13,13,13,13,17,13,13.57142857,2,2,2,3,1,2,6,6,4,5,7,4,5,5.285714286,4,3,4,3,2,2,4,5,3,4,1,1,5,2,4,1,5,4,3.166666667,7,7,7,7,2,6,5,5,1,5,1,3,3,2,4,2,4,2.571428571,4,4,5,1,5,1,2.5,1,1,1,1,1,1,3,4,4,3,2,2.571428571,7,4,2,2,6,6,8,6,5.125,200,4,2,3,3,196,0,324,0,130,1,1,1,7,7,7,7,7,7,7,3,6,6,4,1,7,1,7,7,1,5.125,2,6,7,2,7,7,7,6,7,1,2,2,1,7,7,3,6,7,4.375,7,7,7,7,7,7,7,7,7,7,1,1,1,1,1,1,1,2,1,1,1,2,1,1,1.2,1,1,1,1,1,Savannah Cordray,23,2,5,5,2,14,General Psychology,1,2,2,4,7,17.1,1,4,
9/20/2024 11:51,9/20/2024 12:27,157.201.96.100,2162,1,9/20/2024 12:27,2,3,2,5,2,4,3,3,1,3,4,2,5,3,3,5,5,3,4,2,3.2,6,7,7,7,6.75,3,6,7,7,7,6,5,5,4,5,5,4.8,14,18,17,14,18,15,14,15.71428571,1,2,1,1,1,1.2,1,2,4,7,6,5,4,4.142857143,3,3,4,2,1,2,2,3,2,3,1,3,3,3,3,3,2,3,2.555555556,3,3,6,4,1,3.4,3,3,3,3,3,3,3,4,3,3,3,3.142857143,3,4,3,3,3,3,3.25,3,3,3,3,2,2,2,2,2,2,2,2,5,4,3,3,4,4,6,6,4.375,70,4,6,4,4.666666667,535,265,207,90,274.25,1,1,6,2,5,6,5,6,5,4.833333333,1,6,1,6,1,7,2,6,5,1,4.125,2,6,6,6,6,6,6,6,3,5,4,4,3,5,5,2,5,1,3.875,5,4,4,3,3,5,5,2,1,3.555555556,5,5,5,5,4,2,1,1,1,1,1,1,1,1,1.4,2,2,1,1,1.5,Dallin Smith ,24,1,5,1,4,9,Psychology,2,1,2,4,2,12.2,1,4,
9/18/2024 12:42,9/20/2024 12:32,157.201.96.100,172220,1,9/20/2024 12:32,4,5,3,5,4,2,3,4,1,3,3,2,4,4,2,6,4,5,4,4,3.6,4,5,4,4,4.25,3,4,5,4,5,4.2,4,3,5,4,3,3.8,18,15,15,13,16,17,14,15.42857143,2,1,1,2,1,1.4,3,3,2,6,4,2,2,3.142857143,1,4,1,4,2,3,4,3,2,3,1,1,4,1,4,1,4,4,2.611111111,2,2,2,5,4,3,3,2,4,3,3,2,4,3,3,3,2,3.142857143,4,4,3,3,3,3,3.5,3,3,3,3,3,2,3,3,3,3,2,2.714285714,3,3,1,1,5,1,7,4,3.125,23,2,1,1,1.333333333,94,0,370,0,116,2,,,,,,,,,#DIV/0!,,,,,,,,,,,#DIV/0!,,,,,,,,#DIV/0!,,,,,,,,,,,#DIV/0!,,,,,,,,,,#DIV/0!,,,,#DIV/0!,,,,,,,,,,,#DIV/0!,,,,,#DIV/0!,Eliza Pineda ,23,2,6,4,4,14,Psychology I/O,2,2,2,1,2,21,1,4,
9/20/2024 12:11,9/20/2024 12:49,172.56.148.236,2289,1,9/20/2024 12:49,6,2,5,4,2,2,5,5,1,2,2,5,5,2,1,4,5,5,6,4,3.65,2,2,2,3,2.25,2,5,5,5,5,4.4,5,7,2,2,6,4.4,14,14,13,15,17,13,14,14.28571429,2,1,4,2,1,2,5,6,6,6,6,6,6,5.857142857,4,1,4,4,5,4,5,5,5,5,1,1,5,1,4,1,4,4,3.5,3,3,6,2,2,3.2,5,4,2,2,4,5,1,4,3,3,3,3.142857143,4,4,5,1,2,4,3.25,3,4,4,3.666666667,2,1,2,2,2,3,3,2.142857143,3,2,1,3,4,1,8,5,3.375,153,3,1,1,1.666666667,292,0,597,0,222.25,2,,,,,,,,,#DIV/0!,,,,,,,,,,,#DIV/0!,,,,,,,,#DIV/0!,,,,,,,,,,,#DIV/0!,,,,,,,,,,#DIV/0!,,,,#DIV/0!,,,,,,,,,,,#DIV/0!,,,,,#DIV/0!,libby peterson,21,2,5,4,3,13,health psych,1,2,2,4,4,14.5,1,4,
9/20/2024 8:14,9/20/2024 12:57,205.185.107.19,16932,1,9/20/2024 12:57,6,3,3,2,3,3,2,5,3,2,5,2,5,2,5,5,4,5,5,2,3.6,2,5,6,3,4,3,2,2,5,3,3,6,5,3,3,2,3.8,15,15,14,13,17,16,13,14.71428571,1,1,1,1,1,1,,,,,,,,#DIV/0!,2,3,3,3,3,3,3,3,3,4,3,3,3,3,3,3,3,3,3,5,5,5,5,5,5,3,2,4,4,2,2,4,2,4,2,5,3.142857143,3,3,3,3,3,3,3,1,3,3,2.333333333,4,3,3,3,3,3,3,3.142857143,8,5,6,2,5,3,8,5,5.25,434,4,4,4,4,582,166,413,545,426.5,2,,,,,,,,,#DIV/0!,,,,,,,,,,,#DIV/0!,,,,,,,,#DIV/0!,,,,,,,,,,,#DIV/0!,,,,,,,,,,#DIV/0!,,,,#DIV/0!,,,,,,,,,,,#DIV/0!,,,,,#DIV/0!,Audrey Scheiner,19,2,7,4,2,14,Health Psychology,1,2,2,3,6,25.2,1,4,
9/20/2024 12:41,9/20/2024 13:00,185.199.103.71,1191,1,9/20/2024 13:00,2,3,1,5,3,2,3,4,3,4,5,5,4,3,4,5,5,3,5,4,3.65,6,6,7,3,5.5,3,5,6,6,6,5.2,5,3,6,2,2,3.6,17,17,14,15,17,18,16,16.28571429,3,2,3,2,1,2.2,4,5,5,7,6,5,6,5.428571429,4,3,4,3,2,3,3,3,4,4,2,2,3,2,4,2,3,5,3.111111111,3,5,3,3,3,3.4,4,3,3,3,3,3,3,4,3,3,4,3.428571429,5,3,3,3,4,2,3.25,4,3,3,3.333333333,3,2,3,3,3,2,2,2.571428571,7,4,6,5,5,1,6,7,5.125,399,4,3,5,4,501,89,252,106,237,2,,,,,,,,,#DIV/0!,,,,,,,,,,,#DIV/0!,,,,,,,,#DIV/0!,,,,,,,,,,,#DIV/0!,,,,,,,,,,#DIV/0!,,,,#DIV/0!,,,,,,,,,,,#DIV/0!,,,,,#DIV/0!,Emily Larson,23,2,5,4,4,11,Psychology with an emphasis in Health,1,2,2,4,2,5.9,1,4,
9/20/2024 11:07,9/20/2024 13:27,157.201.96.100,8382,1,9/20/2024 13:27,4,4,3,4,3,4,4,4,1,4,4,5,5,3,3,3,3,4,3,4,3.6,6,6,6,6,6,5,5,5,5,5,5,6,5,3,4,5,4.6,17,14,14,14,17,14,14,14.85714286,1,1,2,1,1,1.2,3,1,2,5,7,1,5,3.428571429,2,2,4,2,4,2,5,5,2,5,1,3,4,2,5,3,5,3,3.277777778,6,6,6,5,5,5.6,4,4,2,4,2,3,3,2,4,2,2,2.428571429,3,3,4,2,4,2,2.5,4,2,3,3,2,1,1,1,1,1,3,1.428571429,7,7,5,3,7,4,8,6,5.875,120,5,1,1,2.333333333,92,0,241,0,83.25,1,1,1,7,6,6,6,6,6,6.166666667,6,6,5,4,1,7,1,7,6,1,5.25,1,7,4,4,7,6,6,5.666666667,5,3,6,2,4,4,2,2,2,2,2.875,6,6,6,5,5,5,6,6,6,5.666666667,5,5,5,5,1,1,1,1,1,1,1,1,1,1,1,2,1,1,1,1.25,Riley Harper,22,2,5,4,3,13,Health Psychology,1,2,2,4,2,20,1,4,
9/20/2024 12:36,9/20/2024 13:28,192.225.189.130,3154,1,9/20/2024 13:28,5,3,4,3,1,3,3,5,3,3,5,3,4,2,4,5,6,3,4,1,3.5,7,7,7,6,6.75,6,6,7,7,7,6.6,5,4,6,5,7,5.4,13,18,13,17,13,18,14,15.14285714,2,1,2,1,2,1.6,6,3,2,7,7,7,3,5,3,2,4,3,3,2,3,3,3,5,2,2,5,2,5,2,4,4,3.166666667,6,6,6,5,7,6,2,5,1,4,2,4,2,3,3,3,3,2.285714286,4,4,3,3,3,3,3.5,3,4,3,3.333333333,3,1,3,2,2,2,3,2.285714286,6,2,1,3,4,1,7,6,3.75,120,8,4,4,5.333333333,241,0,152,120,128.25,1,1,4,4,6,6,4,4,5,4.833333333,1,5,5,6,3,5,3,5,5,3,4.375,2,6,5,5,4,5,1,4.333333333,5,3,5,2,3,5,3,6,6,5,4.375,4,5,6,5,5,4,4,5,5,4.777777778,4,4,4,4,1,2,2,3,1,1,1,2,1,1,1.5,2,1,1,1,1.25,Eli Coray,21,1,5,4,4,12,Health Psychology (and premed),1,2,2,6,8,7,1,4,
9/20/2024 13:12,9/20/2024 13:32,192.64.2.138,1222,1,9/20/2024 13:32,5,3,5,4,3,5,4,5,5,4,4,3,4,2,3,4,2,4,5,3,3.85,4,6,6,6,5.5,4,6,6,6,6,5.6,6,6,5,5,4,5.2,18,18,14,14,17,17,16,16.28571429,2,2,2,2,2,2,3,2,5,3,5,4,5,3.857142857,4,3,4,2,3,3,4,4,4,3,3,3,2,2,4,2,3,4,3.166666667,5,5,4,5,4,4.6,4,3,3,3,3,3,3,3,3,3,3,3.142857143,4,4,3,3,3,3,3.5,2,2,2,2,3,3,3,3,2,2,3,2.714285714,6,5,5,5,6,5,6,7,5.625,100,5,1,5,3.666666667,182,11,206,79,119.5,1,1,2,6,6,6,6,6,6,6,2,5,5,5,2,6,3,5,5,2,4.375,2,6,5,5,5,5,5,5.166666667,2,6,5,5,2,6,5,5,5,5,5.25,6,6,6,6,6,6,6,6,6,6,4,4,4,4,2,2,1,4,1,1,1,2,1,2,1.7,2,2,2,1,1.75,Celeste Hudson ,21,2,5,4,4,12,Psychology,1,2,2,4,6,15.1,1,4,
9/20/2024 13:03,9/20/2024 13:52,205.185.107.19,2961,1,9/20/2024 13:52,4,4,2,5,4,2,4,2,1,5,4,4,3,4,4,4,3,4,3,4,3.5,6,6,6,6,6,6,6,6,6,7,6.2,6,6,5,4,4,5,17,17,16,15,17,18,16,16.57142857,2,2,2,3,2,2.2,2,2,1,4,6,2,1,2.571428571,2,3,2,3,2,3,3,4,3,4,1,2,3,3,5,1,4,4,2.888888889,5,5,5,6,4,5,4,2,4,3,3,3,3,3,3,3,3,3.285714286,4,4,3,3,4,2,3.25,2,2,2,2,3,1,3,2,1,2,2,2,5,4,3,2,3,6,1,1,3.125,401,5,3,1,3,508,99,0,0,151.75,1,1,4,4,6,6,5,4,5,5,2,5,4,6,2,6,2,6,5,2,4.5,5,3,5,5,4,5,5,4.5,5,3,5,3,5,3,4,3,4,4,3.625,6,6,6,6,6,4,4,4,4,5.111111111,3,3,3,3,1,1,1,1,1,1,1,1,1,1,1,1,1,1,1,1,Brittany Copeland,23,2,7,1,2,12,Psychology,1,2,2,1,1,17,1,4,
9/20/2024 13:43,9/20/2024 14:24,157.201.96.100,2431,1,9/20/2024 14:24,4,5,3,4,4,2,5,3,2,4,3,2,4,5,2,1,4,5,1,2,3.25,7,7,7,7,7,7,6,6,7,7,6.6,5,4,5,6,3,4.6,13,15,13,13,13,13,17,13.85714286,2,1,3,1,1,1.6,3,1,1,6,6,2,2,3,4,2,4,2,4,1,5,3,2,5,1,1,3,1,3,1,3,3,2.666666667,6,6,6,6,3,5.4,3,3,3,3,3,3,3,1,3,3,2,2.571428571,4,2,3,3,3,3,3,5,2,3,3.333333333,2,3,4,1,1,3,1,2.142857143,6,1,1,3,1,1,7,5,3.125,150,5,1,1,2.333333333,259,0,219,95,143.25,1,1,1,7,7,7,7,7,7,7,7,7,5,4,2,6,2,6,6,1,5.25,2,6,6,5,4,4,5,5,6,2,5,4,3,5,2,2,2,2,3,7,7,7,7,7,6,6,7,5,6.555555556,5,5,5,5,1,1,1,1,1,1,1,1,1,1,1,1,1,1,1,1,Teresa Nielsen,49,2,5,1,4,13,Psychology,1,2,2,4,8,24.2,1,4,
9/20/2024 15:22,9/20/2024 16:13,38.43.16.82,3084,1,9/20/2024 16:13,5,5,5,4,4,5,3,6,5,5,5,3,6,4,5,6,5,3,5,3,4.6,6,5,7,4,5.5,4,6,6,6,6,5.6,6,2,2,4,7,4.2,13,16,15,13,13,13,16,14.14285714,3,3,1,2,2,2.2,5,6,6,7,7,7,7,6.428571429,3,2,4,3,2,1,3,4,2,4,2,2,3,2,4,1,4,4,2.777777778,5,6,3,5,1,4,4,5,1,4,2,4,2,3,4,2,2,2.285714286,4,4,4,2,4,2,3,2,2,2,2,2,3,2,2,2,2,2,2.142857143,1,3,1,5,1,2,6,1,2.5,100,3,4,1,2.666666667,30,100,401,0,132.75,1,1,4,4,6,6,6,7,7,6,3,6,1,6,1,7,1,7,6,1,4.625,3,5,6,6,6,6,1,5,1,7,7,6,1,7,7,7,5,4,6.25,5,6,7,7,7,4,4,6,5,5.666666667,5,5,5,5,1,1,1,1,1,1,1,1,1,1,1,1,1,1,1,1,"Perez Alarcon, Nicolas Felipe Nefi",25,1,7,1,3,12,Phychology in health,1,2,2,4,1,21,1,4,
9/20/2024 15:53,9/20/2024 16:22,174.247.149.26,1719,1,9/20/2024 16:22,5,5,4,4,5,4,4,5,5,4,3,4,5,4,4,6,5,5,3,4,4.4,5,5,5,4,4.75,4,4,5,5,4,4.4,3,3,4,3,4,3.4,19,18,15,14,14,15,15,15.71428571,4,2,3,2,3,2.8,2,5,2,5,2,5,2,3.285714286,2,5,2,5,2,1,3,3,1,3,3,4,2,1,4,4,2,4,2.833333333,4,4,4,4,2,3.6,3,2,4,3,3,3,3,4,2,4,4,3.571428571,4,2,3,3,3,3,3,2,3,3,2.666666667,2,2,2,2,2,2,2,2,8,4,6,6,6,8,8,5,6.375,500,4,1,4,3,500,0,800,200,375,2,,,,,,,,,#DIV/0!,,,,,,,,,,,#DIV/0!,,,,,,,,#DIV/0!,,,,,,,,,,,#DIV/0!,,,,,,,,,,#DIV/0!,,,,#DIV/0!,,,,,,,,,,,#DIV/0!,,,,,#DIV/0!,Alyssa Hatch,20,2,5,2,4,15,Psychology ,1,2,2,3,2,12,1,4,
9/20/2024 16:07,9/20/2024 16:38,67.60.148.128,1901,1,9/20/2024 16:38,2,4,4,2,4,2,3,2,1,2,3,5,3,2,3,2,5,3,2,3,2.85,6,7,7,7,6.75,4,7,7,6,6,6,7,7,6,5,7,6.4,13,14,13,13,13,15,13,13.42857143,1,1,1,1,1,1,4,3,5,3,7,1,5,4,5,3,4,2,3,3,5,5,3,4,3,2,5,1,5,1,5,4,3.5,6,6,6,6,6,6,2,4,2,5,1,3,3,3,4,2,2,2.142857143,4,2,5,1,5,1,2,2,3,2,2.333333333,3,2,2,2,3,3,3,2.571428571,6,6,1,2,2,6,7,5,4.375,10,1,1,2,1.333333333,90,0,30,0,30,1,1,1,7,7,7,6,6,6,6.5,2,7,6,6,2,6,2,6,6,2,5.125,6,2,6,2,6,4,4,4,3,5,2,2,3,5,3,1,1,2,2.625,5,5,7,7,6,5,7,7,7,6.222222222,5,5,5,5,1,1,1,1,1,1,1,1,1,1,1,1,1,1,1,1,Karen Abegglen,41,2,5,1,3,13,"Just Psychology, at the moment ",1,2,2,4,7,20,1,4,
9/20/2024 15:57,9/20/2024 16:39,205.185.98.33,2560,1,9/20/2024 16:39,5,4,5,4,4,5,4,5,1,4,5,5,5,3,5,4,5,4,5,5,4.35,6,7,6,7,6.5,6,6,7,7,6,6.4,7,6,6,6,7,6.4,17,15,13,13,13,15,13,14.14285714,2,1,2,1,1,1.4,2,2,2,5,5,1,4,3,5,2,4,3,2,1,4,4,1,5,2,3,5,1,5,1,4,5,3.166666667,4,5,2,5,7,4.6,3,4,2,4,2,3,3,3,3,3,3,2.714285714,5,3,3,3,2,4,3.75,3,3,3,3,2,2,3,4,3,4,2,2.857142857,1,1,1,2,1,2,5,1,1.75,60,3,1,4,2.666666667,509,609,60,30,302,1,2,1,7,7,7,6,7,7,6.833333333,3,7,7,2,1,7,1,7,7,1,5.125,1,7,7,7,3,7,2,5.5,1,7,7,6,1,7,3,2,2,1,4.375,6,7,7,5,5,4,5,6,7,5.777777778,5,5,5,5,1,2,1,1,1,1,1,2,1,1,1.2,2,2,2,2,2,Karen Marquez,21,2,6,3,3,14,Psychology ,1,2,2,3,6,27.3,1,4,
9/20/2024 16:32,9/20/2024 17:01,216.21.211.253,1731,1,9/20/2024 17:01,2,5,2,4,3,2,5,2,1,5,2,5,1,5,1,2,5,5,3,5,3.25,6,6,6,6,6,6,6,6,6,6,6,6,4,5,5,4,4.8,14,14,13,14,17,14,16,14.57142857,2,2,2,1,1,1.6,3,2,3,4,5,2,2,3,4,2,4,3,2,3,4,5,4,4,2,2,4,2,4,1,3,3,3.111111111,4,6,6,5,6,5.4,3,3,3,3,3,3,3,3,3,3,4,3.142857143,4,4,3,3,3,3,3.5,4,3,4,3.666666667,2,2,3,2,1,3,3,2.285714286,5,4,3,2,3,2,7,6,4,30,3,1,1,1.666666667,45,0,244,0,72.25,1,1,1,7,6,6,6,4,7,6,6,6,5,4,2,6,2,6,5,2,5,1,7,7,7,7,7,7,7,6,2,5,6,2,6,6,4,4,6,4.875,6,6,6,6,6,6,6,6,6,6,5,5,5,5,1,1,1,1,1,1,1,1,1,1,1,1,1,1,1,1,Jessica Rhees,21,2,5,4,2,12,Pre- Nursing ,1,2,2,4,2,20,1,4,
9/20/2024 16:28,9/20/2024 17:09,38.43.19.183,2445,1,9/20/2024 17:09,4,4,1,5,4,3,4,2,2,4,2,5,3,4,3,2,5,5,2,5,3.45,6,7,7,6,6.5,7,7,7,7,7,7,6,4,4,6,3,4.6,13,13,13,13,13,13,13,13,1,1,1,1,1,1,2,2,2,4,4,3,2,2.714285714,4,1,4,2,3,2,5,3,2,5,2,2,4,1,5,1,4,4,3,7,7,7,7,7,7,3,4,2,4,2,3,3,4,3,3,4,3,5,4,3,3,3,3,3.75,1,1,1,1,2,2,2,2,1,2,2,1.857142857,4,3,1,1,2,2,6,2,2.625,10,3,1,5,3,20,0,221,120,90.25,1,1,1,7,6,6,5,5,5,5.666666667,4,4,3,5,4,4,5,3,3,5,3.875,4,4,3,6,4,6,4,4.5,5,3,6,2,6,2,4,3,2,2,3,6,6,6,4,4,4,6,5,4,5,5,5,5,5,1,1,1,1,1,1,1,1,1,1,1,2,1,1,1,1.25,Montana Devine,25,2,5,1,4,9,Psychology with an emphasis in general psychology,2,2,2,4,5,27,1,4,
9/20/2024 16:28,9/20/2024 17:13,38.43.19.183,2682,1,9/20/2024 17:13,2,3,1,5,2,2,2,5,1,2,4,3,3,3,4,2,4,5,3,3,2.95,5,6,6,3,5,4,5,5,6,6,5.2,3,5,3,2,2,3,14,17,17,15,17,17,15,16,2,1,2,1,2,1.6,2,5,3,7,5,2,2,3.714285714,4,3,2,3,1,3,4,3,3,2,2,2,3,2,4,3,3,4,2.833333333,5,5,4,6,2,4.4,3,2,4,2,4,3,3,3,3,3,3,3.285714286,3,3,4,2,4,2,2.5,3,5,5,4.333333333,3,2,3,1,2,2,2,2.142857143,3,2,2,2,2,1,6,1,2.375,127,7,1,7,5,239,0,92,141,118,1,1,6,2,4,6,5,4,4,4.166666667,5,6,3,6,6,2,6,2,4,5,4.125,3,5,3,6,6,7,4,5.166666667,2,6,2,2,7,1,2,2,2,2,2.375,5,5,5,3,3,3,6,1,1,3.555555556,4,4,4,4,1,1,1,1,1,1,1,1,1,1,1,3,1,1,1,1.5,Jameson Devine,26,1,5,1,4,9,General Psychology,2,2,2,4,5,9,1,4,
9/20/2024 17:42,9/20/2024 18:11,205.185.110.100,1729,1,9/20/2024 18:11,4,4,3,4,1,2,3,4,1,4,2,4,4,2,1,2,5,4,3,4,3.05,1,6,6,4,4.25,5,6,6,6,6,5.8,5,4,4,5,4,4.4,14,18,14,13,14,14,14,14.42857143,2,3,3,1,1,2,1,1,1,2,6,2,1,2,4,2,3,3,1,2,3,3,2,3,2,2,3,2,4,3,3,2,2.611111111,4,4,6,2,1,3.4,3,3,3,3,3,3,3,3,3,3,2,2.857142857,3,3,3,3,3,3,3,3,2,2,2.333333333,2,1,3,2,1,1,2,1.714285714,7,6,2,2,6,5,6,4,4.75,45,3,1,1,1.666666667,60,0,59,5,31,2,,,,,,,,,#DIV/0!,,,,,,,,,,,#DIV/0!,,,,,,,,#DIV/0!,,,,,,,,,,,#DIV/0!,,,,,,,,,,#DIV/0!,,,,#DIV/0!,,,,,,,,,,,#DIV/0!,,,,,#DIV/0!,Seth Christensen,23,1,5,4,2,15,"Psychology, OCD treatment",1,2,2,6,8,12,1,4,
9/20/2024 17:15,9/20/2024 18:32,67.60.209.187,4616,1,9/20/2024 18:32,2,4,3,4,3,5,3,3,3,4,3,4,3,4,3,3,5,3,4,5,3.55,5,6,6,6,5.75,5,6,6,6,6,5.8,6,4,5,6,7,5.6,17,18,15,14,18,15,15,16,3,2,2,1,2,2,6,5,4,3,7,5,6,5.142857143,4,2,4,2,2,2,5,5,2,5,2,1,4,1,4,1,4,4,3,6,6,6,5,5,5.6,3,4,2,4,2,4,2,3,4,2,3,2.428571429,4,4,3,3,4,2,3.25,2,2,2,2,3,3,3,3,3,3,4,3.142857143,3,3,5,5,3,5,7,1,4,100,4,1,5,3.333333333,260,30,300,185,193.75,2,,,,,,,,,#DIV/0!,,,,,,,,,,,#DIV/0!,,,,,,,,#DIV/0!,,,,,,,,,,,#DIV/0!,,,,,,,,,,#DIV/0!,,,,#DIV/0!,,,,,,,,,,,#DIV/0!,,,,,#DIV/0!,Brooklyne Perry,22,2,5,1,4,15,Psychology,2,1,2,2,2,18,1,4,
9/20/2024 18:15,9/20/2024 18:33,205.185.110.143,1056,1,9/20/2024 18:33,5,4,3,4,4,5,2,4,1,3,4,4,6,3,4,3,3,3,4,4,3.65,6,7,7,6,6.5,4,6,6,7,7,6,5,2,6,6,5,4.8,15,15,18,13,13,17,13,14.85714286,2,4,1,1,3,2.2,1,2,2,6,3,5,1,2.857142857,3,2,4,3,1,1,3,3,2,4,3,3,4,4,4,2,3,2,2.833333333,3,5,5,2,1,3.2,3,3,3,3,3,3,3,2,3,3,3,2.857142857,3,3,3,3,3,3,3,5,5,5,5,4,1,3,2,1,3,3,2.428571429,2,4,1,2,2,1,4,1,2.125,238,6,6,1,4.333333333,431,0,193,65,172.25,2,,,,,,,,,#DIV/0!,,,,,,,,,,,#DIV/0!,,,,,,,,#DIV/0!,,,,,,,,,,,#DIV/0!,,,,,,,,,,#DIV/0!,,,,#DIV/0!,,,,,,,,,,,#DIV/0!,,,,,#DIV/0!,Jane Daniel,20,2,5,4,4,12,Psychology,1,2,2,3,5,9,1,4,
9/20/2024 17:56,9/20/2024 18:46,38.43.20.250,3001,1,9/20/2024 18:46,3,5,4,5,3,2,4,,3,4,4,4,5,3,4,2,4,4,2,3,3.578947368,6,6,3,6,5.25,5,5,6,5,6,5.4,4,4,4,4,6,4.4,15,17,14,16,16,17,16,15.85714286,1,1,1,1,2,1.2,4,4,5,6,6,4,4,4.714285714,3,3,2,1,1,2,4,2,1,3,2,2,3,1,4,1,3,2,2.222222222,5,6,4,4,2,4.2,3,2,4,3,3,3,3,2,4,2,3,2.857142857,3,2,4,2,3,3,2.5,3,2,1,2,2,2,1,1,2,2,1,1.571428571,2,2,1,2,2,4,1,2,2,211,5,4,4,4.333333333,337,0,44,306,171.75,1,1,2,6,6,6,6,6,5,5.833333333,5,6,6,6,2,6,3,5,5,2,5.125,3,5,4,5,5,4,4,4.5,4,4,4,4,4,4,4,5,4,3,4,6,4,6,6,5,4,5,4,4,4.888888889,4,3,4,3.666666667,1,3,1,1,1,1,1,1,1,1,1.2,1,1,1,1,1,Parker Smith,24,1,5,1,3,12,Psychology,1,2,2,3,7,9,1,4,
9/20/2024 18:43,9/20/2024 19:15,205.185.107.12,1917,1,9/20/2024 19:15,2,5,5,3,1,2,2,3,1,2,4,4,2,3,4,6,6,2,3,2,3.1,6,6,6,7,6.25,5,6,6,6,6,5.8,3,2,1,2,2,2,19,17,18,13,17,14,13,15.85714286,1,2,1,1,2,1.4,5,5,5,7,7,6,3,5.428571429,3,3,3,2,3,2,4,3,3,2,1,2,4,1,4,1,4,5,2.777777778,4,3,5,6,3,4.2,2,3,3,3,3,4,2,3,3,3,2,2.571428571,5,3,2,4,3,3,3.75,2,2,3,2.333333333,3,2,3,2,1,3,3,2.428571429,4,2,2,3,4,3,6,2,3.25,241,2,1,1,1.333333333,303,0,431,0,183.5,1,1,5,3,5,7,5,6,5,5.166666667,4,7,6,7,5,3,3,5,5,3,5,3,5,2,6,6,6,5,5,1,7,6,6,1,7,6,6,6,6,6.25,5,5,3,3,3,3,6,3,3,3.777777778,5,5,5,5,1,1,1,3,1,1,1,1,1,1,1.2,3,3,2,2,2.5,Ashlee Hart,25,2,5,3,4,12,"Software Engineering, emphasis in Software Design",1,2,2,3,6,21.3,1,4,
9/20/2024 19:13,9/20/2024 19:39,205.185.107.28,1566,1,9/20/2024 19:39,4,5,3,4,4,3,3,3,3,3,3,5,4,3,3,3,4,4,3,3,3.5,5,4,6,6,5.25,6,5,6,5,7,5.8,5,6,6,4,6,5.4,18,18,16,13,17,17,15,16.28571429,2,3,2,1,2,2,4,5,2,7,7,5,5,5,3,4,3,4,3,2,4,4,1,4,1,1,4,1,2,1,5,4,2.833333333,6,6,4,6,6,5.6,3,3,3,4,2,2,4,3,3,3,1,2.714285714,5,4,4,2,3,3,3.5,4,4,4,4,3,4,3,1,1,1,1,2,4,4,4,2,3,2,1,1,2.625,491,7,1,5,4.333333333,495,400,0,194,272.25,2,,,,,,,,,#DIV/0!,,,,,,,,,,,#DIV/0!,,,,,,,,#DIV/0!,,,,,,,,,,,#DIV/0!,,,,,,,,,,#DIV/0!,,,,#DIV/0!,,,,,,,,,,,#DIV/0!,,,,,#DIV/0!,Sabitry Lopez,25,2,6,1,4,9,Psychology General ,1,2,2,1,2,9,1,4,
9/20/2024 18:49,9/20/2024 20:07,217.147.184.143,4714,1,9/20/2024 20:07,3,3,5,4,3,2,3,4,1,4,2,4,3,4,4,3,5,5,2,5,3.45,5,6,6,5,5.5,6,6,6,5,5,5.6,6,3,3,5,5,4.4,17,17,14,13,14,16,16,15.28571429,1,2,1,1,2,1.4,2,2,3,6,6,3,2,3.428571429,1,2,4,2,2,2,3,4,1,3,1,2,4,1,4,1,3,1,2.277777778,3,5,5,6,6,5,1,4,2,4,2,4,2,4,2,4,2,2.428571429,1,3,3,3,4,2,2.25,2,1,1,1.333333333,2,2,3,2,2,2,1,2,5,4,1,3,3,1,3,3,2.875,129,1,2,6,3,218,0,10,122,87.5,1,2,7,1,3,5,2,3,3,2.833333333,1,5,3,5,3,5,5,3,1,4,3.375,3,5,5,5,4,6,3,4.666666667,2,6,3,4,4,4,5,5,3,5,4.375,2,2,5,1,2,1,3,5,2,2.555555556,5,5,5,5,1,1,3,1,1,1,1,1,1,1,1.2,2,1,1,1,1.25,Bjorn Osthed,22,1,5,4,2,12,"Psychology, General Psych",2,2,2,6,2,26.4,1,4,
9/20/2024 19:35,9/20/2024 20:20,205.185.107.32,2699,1,9/20/2024 20:20,3,3,4,3,2,2,4,4,2,5,5,2,5,3,3,3,2,3,4,4,3.3,6,6,6,6,6,6,5,5,6,6,5.6,5,3,3,5,4,4,14,16,15,15,15,17,15,15.28571429,2,2,1,1,1,1.4,4,6,3,6,3,2,2,3.714285714,5,3,4,3,2,2,2,3,3,3,2,4,3,4,4,2,1,5,3.055555556,2,3,5,4,3,3.4,3,3,3,3,3,4,2,4,3,3,4,3.142857143,,,,,,,#DIV/0!,2,3,4,3,4,2,3,2,1,1,2,2.142857143,4,4,5,4,5,5,8,7,5.25,400,5,6,6,5.666666667,220,54,107,10,97.75,1,1,5,3,6,6,3,4,3,4.166666667,2,2,2,2,3,5,5,3,4,3,2.875,4,4,3,3,3,3,1,2.833333333,5,3,5,5,5,3,5,5,5,5,4.5,5,3,4,5,5,1,3,3,3,3.555555556,3,3,3,3,1,2,2,1,1,3,1,1,1,1,1.4,1,1,1,1,1,Cayden Hart-Bailey,21,1,5,3,4,12,Exercise Physiology,1,2,2,1,6,7.1,1,4,
9/20/2024 19:36,9/20/2024 20:44,24.117.226.229,4080,1,9/20/2024 20:44,6,2,5,5,4,4,5,1,1,6,2,5,1,5,5,5,6,5,1,4,3.9,6,6,7,3,5.5,4,6,5,6,6,5.4,6,6,2,6,6,5.2,14,14,15,15,19,14,14,15,3,4,4,3,3,3.4,3,5,4,6,6,7,5,5.142857143,3,4,3,5,4,4,3,3,5,4,2,2,2,3,2,3,2,5,3.277777778,3,4,3,3,5,3.6,4,3,3,4,2,4,2,4,2,4,3,3.142857143,4,5,2,4,3,3,4,4,3,5,4,2,1,2,1,1,2,3,1.714285714,5,3,3,3,3,1,8,1,3.375,200,3,1,4,2.666666667,407,22,518,212,289.75,1,1,3,5,4,5,5,6,6,5.166666667,1,5,7,2,3,5,1,7,7,2,4.5,6,2,6,6,6,7,3,5,6,2,1,2,6,2,5,1,1,5,2.375,5,6,3,3,3,5,5,6,5,4.555555556,5,5,5,5,1,1,1,2,1,1,1,1,1,1,1.1,4,3,1,1,2.25,Emma Holloway,22,2,5,4,3,9,Psychology,1,2,2,3,7,18,1,4,
9/20/2024 18:56,9/20/2024 20:51,205.185.98.65,6916,1,9/20/2024 20:51,2,3,4,5,2,3,5,4,2,5,4,3,4,3,2,2,5,4,3,3,3.4,2,5,2,5,3.5,4,3,5,3,4,3.8,4,5,3,3,5,4,14,17,16,15,14,16,15,15.28571429,2,2,1,1,1,1.4,6,5,5,5,6,3,5,5,4,2,3,3,1,2,2,4,2,3,1,1,2,3,4,1,2,4,2.444444444,5,2,4,3,3,3.4,3,4,2,4,2,4,2,2,3,3,2,2.285714286,3,4,2,4,2,4,3.75,4,4,2,3.333333333,1,1,2,1,1,1,2,1.285714286,3,1,1,3,2,3,6,1,2.5,120,5,1,3,3,279,14,261,120,168.5,1,1,2,6,6,6,6,5,6,5.833333333,2,2,5,6,2,6,2,6,6,2,4.375,2,6,6,6,6,6,6,6,1,7,6,6,2,6,6,6,6,3,5.75,6,4,6,5,4,5,6,6,6,5.333333333,4,3,2,3,1,2,1,1,1,1,1,1,1,1,1.1,1,1,1,1,1,Kirsten Snell,33,2,5,4,4,9,General Psychology,1,2,2,4,2,27,1,4,
9/20/2024 20:04,9/20/2024 20:53,205.185.107.15,2951,1,9/20/2024 20:53,5,4,4,4,2,2,3,3,1,3,3,4,3,3,4,4,4,3,3,4,3.3,5,6,6,6,5.75,6,5,5,5,5,5.2,4,3,6,5,2,4,15,16,17,17,16,15,18,16.28571429,2,3,2,1,1,1.8,5,5,3,6,6,5,3,4.714285714,4,3,3,2,3,2,2,3,1,2,2,3,2,3,4,2,2,3,2.555555556,5,5,4,6,5,5,3,3,3,4,2,3,3,3,3,3,2,2.714285714,3,2,3,3,4,2,2.5,4,3,4,3.666666667,2,2,3,2,2,1,3,2.142857143,3,4,3,1,3,3,8,1,3.25,297,4,2,3,3,338,19,100,25,120.5,1,2,5,3,3,5,4,4,4,3.833333333,2,5,5,6,5,3,5,3,2,5,3.875,6,2,5,6,3,6,3,4.166666667,3,5,5,6,2,6,6,6,7,6,5.875,5,4,4,4,3,2,5,4,4,3.888888889,4,4,4,4,1,4,1,1,1,1,1,2,1,2,1.5,2,1,1,1,1.25,Justin Kunzler,24,1,5,4,3,6,"Psychology, I/O Emphasis",2,2,2,3,2,9.1,1,4,
9/20/2024 21:51,9/20/2024 22:30,192.187.62.4,2347,1,9/20/2024 22:30,6,4,5,4,2,3,4,5,4,4,6,5,5,2,4,5,5,4,4,3,4.2,3,5,5,2,3.75,3,4,5,5,6,4.6,5,2,5,5,3,4,17,17,19,14,14,17,17,16.42857143,2,2,3,1,4,2.4,2,4,5,6,6,6,4,4.714285714,3,2,4,4,2,2,4,3,3,2,1,4,4,3,4,2,3,5,3.055555556,5,3,5,5,5,4.6,5,3,3,3,3,3,3,3,3,3,4,3.428571429,5,5,3,3,3,3,4,3,4,3,3.333333333,3,2,3,3,2,2,3,2.571428571,5,5,2,2,3,2,6,7,4,100,5,4,2,3.666666667,234,6,344,106,172.5,1,1,6,2,6,4,4,3,5,4,1,4,2,6,3,5,3,5,4,3,3.75,3,5,3,5,4,3,2,3.666666667,6,2,2,5,5,3,5,3,5,3,3.5,6,3,3,4,5,5,6,5,5,4.666666667,5,5,5,5,1,3,2,1,1,1,1,1,1,1,1.3,3,3,2,3,2.75,Emma James,20,2,5,4,2,12,psych,1,2,2,5,4,12,1,4,
9/20/2024 22:22,9/20/2024 22:40,192.225.180.2,1055,1,9/20/2024 22:40,4,5,3,3,2,2,4,3,2,5,4,3,5,3,4,4,5,3,4,3,3.55,5,6,6,4,5.25,6,6,5,5,5,5.4,4,2,3,5,4,3.6,17,17,15,14,14,15,14,15.14285714,2,1,2,1,4,2,3,5,3,6,4,5,2,4,4,3,5,3,2,3,3,2,5,3,3,3,2,3,3,3,3,4,3.166666667,3,4,3,5,1,3.2,4,3,3,3,3,3,3,4,2,4,4,3.571428571,4,4,3,3,3,3,3.5,3,3,3,3,3,3,3,3,3,3,3,3,3,4,1,3,2,2,7,1,2.875,311,6,5,3,4.666666667,190,0,273,94,139.25,1,1,2,6,6,6,5,5,5,5.5,6,6,4,4,2,6,2,6,3,4,4.875,2,6,3,5,6,6,5,5.166666667,1,7,6,7,1,7,7,7,7,7,6.875,6,5,6,4,4,2,2,6,6,4.555555556,5,5,5,5,1,1,1,2,1,1,2,1,1,2,1.3,1,1,1,2,1.25,Dallin Dimmitt,24,1,5,1,3,9,I/O Psych,2,2,2,3,6,3.1,1,4,
9/19/2024 17:36,9/20/2024 22:59,172.56.203.218,105753,1,9/20/2024 22:59,5,3,2,5,5,2,5,2,2,5,2,5,2,5,4,2,4,5,2,5,3.6,2,2,3,4,2.75,2,2,6,2,2,2.8,3,3,2,6,6,4,17,15,18,14,14,13,14,15,4,3,4,4,3,3.6,3,4,2,5,2,3,2,3,5,3,2,5,1,1,1,2,4,5,1,5,2,3,5,2,5,2,3,1,2,2,3,7,3,5,3,3,2,4,1,5,3,3,3,5,4,4,4,2,4,2,4,4,4,4,4,4,3,2,3,2,4,3,2,2.714285714,4,3,1,2,2,1,6,1,2.5,484,7,2,6,5,140,507,2,269,229.5,1,2,5,3,3,5,5,6,3,4.166666667,2,4,4,4,7,1,2,6,6,6,4.125,3,5,6,2,3,2,6,4,6,2,2,6,2,6,2,6,6,7,4.625,2,4,5,4,2,2,1,4,3,3,1,2,1,1.333333333,1,2,1,3,1,1,1,2,1,1,1.4,3,2,3,1,2.25,Mayelin Giron Gonzalez,28,2,6,4,4,7,Psychology ,1,2,2,1,1,30,1,4,
9/20/2024 22:43,9/20/2024 23:01,216.128.237.130,1068,1,9/20/2024 23:01,3,4,3,4,3,3,3,4,1,4,4,3,4,4,4,3,3,4,3,3,3.35,7,7,7,7,7,7,7,7,7,7,7,7,3,7,7,7,6.2,16,18,17,14,17,14,16,16,1,2,1,2,1,1.4,4,4,4,5,6,3,4,4.285714286,4,4,4,3,2,1,4,4,1,4,1,1,4,1,4,1,4,4,2.833333333,5,5,5,5,6,5.2,2,5,1,5,1,5,1,2,5,1,3,1.571428571,4,3,4,2,4,2,2.75,1,1,1,1,3,3,4,4,4,4,4,3.714285714,4,4,4,1,6,2,7,7,4.375,66,1,1,3,1.666666667,189,0,573,67,207.25,1,2,1,7,4,4,4,4,4,4.5,2,2,2,5,2,6,2,6,2,5,3.75,6,2,2,5,4,2,2,2.833333333,7,1,7,7,2,6,7,7,7,7,6.125,5,5,7,2,4,4,4,4,4,4.333333333,5,5,5,5,1,1,1,1,1,1,1,1,1,1,1,3,3,1,1,2,Addisen Tucker,26,2,5,1,4,12,Psychology,2,1,1,3,2,12.1,1,4,
9/20/2024 22:14,9/20/2024 23:08,205.185.98.73,3241,1,9/20/2024 23:08,6,3,6,6,3,6,3,6,2,4,6,5,6,2,4,6,2,3,4,5,4.4,7,7,7,7,7,7,7,7,7,7,7,6,1,1,1,3,2.4,14,15,17,14,19,15,19,16.14285714,4,4,4,1,4,3.4,2,7,4,7,7,4,3,4.857142857,5,5,4,4,5,1,2,4,1,3,1,2,4,1,4,2,2,5,3.055555556,3,3,5,4,1,3.2,5,5,1,4,2,4,2,4,4,2,5,3,3,5,2,4,3,3,3.75,5,5,5,5,1,3,1,1,3,2,2,1.857142857,8,3,1,5,5,1,8,2,4.125,411,3,1,4,2.666666667,533,32,995,33,398.25,1,2,2,6,5,5,6,7,7,6,2,3,1,7,1,7,7,1,6,1,3.5,5,3,7,7,7,7,7,6.333333333,6,2,3,7,2,6,5,1,4,4,4,7,7,7,7,7,7,7,7,7,7,5,5,5,5,1,1,1,1,1,1,1,1,1,1,1,2,1,3,2,2,Mercy C Mackenzie,21,2,4,4,3,14,psychology with an emphasis in child studies/child development,1,2,2,1,1,25.3,1,4,
9/20/2024 22:41,9/20/2024 23:12,72.24.248.62,1865,1,9/20/2024 23:12,5,2,4,4,2,5,2,5,3,2,5,2,5,2,4,6,4,4,4,3,3.65,5,6,6,2,4.75,5,7,6,6,6,6,5,6,5,6,3,5,15,19,14,14,19,17,14,16,2,2,1,4,2,2.2,1,1,2,3,6,2,1,2.285714286,2,3,4,2,3,2,4,4,2,4,2,3,4,2,3,3,4,2,2.944444444,6,6,6,6,5,5.8,3,3,3,3,3,5,1,4,3,3,3,2.857142857,3,3,4,2,3,3,2.75,2,2,2,2,3,1,2,2,1,3,3,2.142857143,2,2,1,2,1,3,1,6,2.25,15,2,1,1,1.333333333,300,1,120,1,105.5,1,2,2,6,7,7,7,7,5,6.5,1,6,2,6,3,5,4,4,2,3,3.625,3,5,5,6,5,5,2,4.666666667,2,6,5,3,2,6,6,5,4,2,4.625,6,5,6,6,6,5,6,6,6,5.777777778,4,4,4,4,1,2,1,4,1,1,1,1,1,1,1.4,2,1,1,1,1.25,Adeline Goulding,21,2,5,2,2,9,"Exercise Physiology, minor in Psychology",1,2,2,6,8,12.5,1,4,
9/21/2024 14:24,9/21/2024 14:45,205.185.107.57,1282,1,9/21/2024 14:45,3,4,3,5,4,2,4,4,1,2,5,5,3,2,3,2,4,5,2,5,3.4,2,5,6,3,4,4,4,5,6,7,5.2,5,3,4,6,6,4.8,15,15,14,18,18,19,17,16.57142857,3,1,1,1,2,1.6,5,5,6,6,7,7,4,5.714285714,2,2,3,4,1,2,3,5,4,3,1,3,4,4,5,2,4,5,3.166666667,3,4,3,2,6,3.6,5,2,4,2,4,3,3,4,3,3,4,3.857142857,5,5,3,3,3,3,4,1,3,2,2,4,4,5,2,3,3,2,3.285714286,4,4,1,2,3,4,8,1,3.375,294,5,6,4,5,118,14,258,255,161.25,1,1,5,3,5,5,3,4,5,4.166666667,1,2,1,1,4,4,4,4,5,4,2.75,6,2,3,2,5,2,4,3,6,2,2,2,2,6,5,2,2,4,3.125,5,5,6,3,5,2,5,6,6,4.777777778,5,5,5,5,1,1,1,1,1,1,1,1,1,1,1,2,1,1,1,1.25,Kaden Martin,25,1,5,1,4,18,Health Psychology,1,1,2,3,2,28.9,1,4,
9/23/2024 11:23,9/23/2024 11:24,157.201.64.22,64,1,9/23/2024 11:24,4,2,4,2,2,3,2,4,3,2,4,2,5,3,3,4,3,3,4,2,3.05,5,5,5,4,4.75,4,4,6,6,6,5.2,4,4,4,5,3,4,14,13,13,13,13,13,13,13.14285714,1,1,1,1,1,1,1,4,2,5,5,2,2,3,4,3,3,2,3,2,4,4,2,4,3,2,4,2,4,1,4,2,2.944444444,4,5,4,5,5,4.6,3,2,4,4,2,3,3,2,3,3,2,2.714285714,3,3,3,3,3,3,3,2,3,3,2.666666667,2,3,1,2,2,2,2,2,4,2,1,2,3,5,8,1,3.25,58,5,1,1,2.333333333,135,0,486,0,155.25,1,2,4,4,4,6,4,5,5,4.666666667,2,4,2,5,4,4,7,1,1,2,2.625,4,4,2,2,1,4,2,2.5,3,5,3,6,2,6,7,3,6,6,5.25,6,6,6,6,6,3,6,6,3,5.333333333,5,5,5,5,1,1,1,1,1,1,1,1,1,1,1,4,5,2,1,3,Gabriel Costa e Silva,26,1,7,1,4,13,General Psychology,3,2,2,1,2,9.1,1,4,
9/23/2024 11:25,9/23/2024 11:26,157.201.64.22,42,1,9/23/2024 11:26,1,3,3,4,2,3,5,6,2,5,6,4,4,3,4,5,4,5,5,5,3.95,5,4,6,5,5,5,4,3,2,3,3.4,4,3,6,6,6,5,13,15,17,14,17,13,15,14.85714286,4,2,4,4,4,3.6,7,5,5,7,5,5,4,5.428571429,5,2,1,5,2,5,1,3,5,1,2,2,1,4,4,1,2,4,2.777777778,3,1,1,6,5,3.2,4,2,4,3,3,3,3,4,3,3,4,3.571428571,4,4,2,4,2,4,4,5,2,2,3,4,2,3,3,2,5,3,3.142857143,1,2,1,3,5,1,6,6,3.125,33,1,1,4,2,108,123,360,102,173.25,1,1,5,3,5,5,6,5,5,4.833333333,5,5,4,6,7,1,2,6,4,4,4.375,5,3,4,5,6,4,5,4.5,3,5,6,7,1,7,7,7,7,7,6.625,7,7,6,6,6,4,5,5,4,5.555555556,5,5,5,5,2,3,1,4,2,1,1,1,1,1,1.7,2,1,1,1,1.25,Karembly Michael Villa,28,2,6,4,4,10,General Psychology,3,2,2,2,2,20.6,1,4,
9/24/2024 15:23,9/24/2024 16:52,157.201.98.1,5325,1,9/24/2024 16:52,2,3,3,4,2,3,3,3,1,3,3,4,4,3,3,3,3,4,3,5,3.1,2,3,2,2,2.25,3,2,4,2,5,3.2,3,3,3,4,4,3.4,17,16,14,14,16,15,17,15.57142857,3,3,2,1,3,2.4,5,5,3,5,5,5,5,4.714285714,2,2,3,3,4,4,2,4,2,4,2,4,4,4,3,2,3,5,3.166666667,3,3,5,5,3,3.8,3,3,3,3,3,3,3,4,2,4,4,3.428571429,4,4,3,3,3,3,3.5,3,4,3,3.333333333,3,3,3,2,2,2,4,2.714285714,3,5,1,3,2,2,6,1,2.875,407,5,2,3,3.333333333,300,0,304,49,163.25,2,,,,,,,,,#DIV/0!,,,,,,,,,,,#DIV/0!,,,,,,,,#DIV/0!,,,,,,,,,,,#DIV/0!,,,,,,,,,,#DIV/0!,,,,#DIV/0!,,,,,,,,,,,#DIV/0!,,,,,#DIV/0!,Jackson Quinn Robinson,22,1,5,4,3,13,Psychology I believe health,1,2,2,4,2,24.8,1,4,
9/24/2024 19:32,9/24/2024 20:20,157.201.98.1,2867,1,9/24/2024 20:20,5,4,4,4,2,1,4,2,3,4,4,3,3,4,4,4,4,3,4,3,3.45,5,4,6,5,5,4,5,5,5,7,5.2,7,5,6,5,5,5.6,18,17,15,17,16,16,15,16.28571429,2,2,2,2,3,2.2,1,1,4,5,5,1,1,2.571428571,2,2,4,4,3,1,5,4,3,3,2,5,4,5,4,3,4,4,3.444444444,7,7,2,6,3,5,3,4,2,3,3,4,2,3,4,2,4,2.714285714,4,4,3,3,3,3,3.5,5,2,2,3,3,3,3,3,2,2,4,2.857142857,5,4,2,2,3,2,2,2,2.75,119,3,1,4,2.666666667,290,0,126,49,116.25,1,1,2,6,6,7,6,6,7,6.333333333,7,7,7,3,1,7,1,7,7,1,5.75,1,7,2,1,1,1,3,2.5,3,5,5,7,2,6,5,5,5,1,4.875,6,7,6,5,5,6,7,7,6,6.111111111,5,5,5,5,1,2,1,2,1,1,2,3,1,2,1.6,2,1,1,1,1.25,Kaleb Tomkinson,24,1,5,4,2,6,Psychology (emphasis undecided),1,2,2,2,5,10,1,4,
9/23/2024 9:13,9/24/2024 22:20,205.185.110.144,133569,0,9/27/2024 7:39,,,,,,,,,,,,,,,,,,,,,#DIV/0!,,,,,#DIV/0!,,,,,,#DIV/0!,,,,,,#DIV/0!,,,,,,,,#DIV/0!,,,,,,#DIV/0!,,,,,,,,#DIV/0!,,,,,,,,,,,,,,,,,,,#DIV/0!,,,,,,#DIV/0!,,,,,,,,,,,,#DIV/0!,,,,,,,#DIV/0!,,,,#DIV/0!,,,,,,,,#DIV/0!,,,,,,,,,#DIV/0!,,,,,#DIV/0!,,,,,#DIV/0!,,,,,,,,,,#DIV/0!,,,,,,,,,,,#DIV/0!,,,,,,,,#DIV/0!,,,,,,,,,,,#DIV/0!,,,,,,,,,,#DIV/0!,,,,#DIV/0!,,,,,,,,,,,#DIV/0!,,,,,#DIV/0!,,,,,,,,,,,,,,,,,
9/20/2024 18:58,9/20/2024 19:29,69.92.10.210,1836,0,9/27/2024 7:39,,,,,,,,,,,,,,,,,,,,,#DIV/0!,,,,,#DIV/0!,,,,,,#DIV/0!,,,,,,#DIV/0!,,,,,,,,#DIV/0!,,,,,,#DIV/0!,,,,,,,,#DIV/0!,,,,,,,,,,,,,,,,,,,#DIV/0!,,,,,,#DIV/0!,,,,,,,,,,,,#DIV/0!,,,,,,,#DIV/0!,,,,#DIV/0!,,,,,,,,#DIV/0!,,,,,,,,,#DIV/0!,,,,,#DIV/0!,,,,,#DIV/0!,,,,,,,,,,#DIV/0!,,,,,,,,,,,#DIV/0!,,,,,,,,#DIV/0!,,,,,,,,,,,#DIV/0!,,,,,,,,,,#DIV/0!,,,,#DIV/0!,,,,,,,,,,,#DIV/0!,,,,,#DIV/0!,,,,,,,,,,,,,,,,,
9/23/2024 22:22,9/23/2024 22:23,205.185.105.15,22,0,9/27/2024 7:39,,,,,,,,,,,,,,,,,,,,,#DIV/0!,,,,,#DIV/0!,,,,,,#DIV/0!,,,,,,#DIV/0!,,,,,,,,#DIV/0!,,,,,,#DIV/0!,,,,,,,,#DIV/0!,,,,,,,,,,,,,,,,,,,#DIV/0!,,,,,,#DIV/0!,,,,,,,,,,,,#DIV/0!,,,,,,,#DIV/0!,,,,#DIV/0!,,,,,,,,#DIV/0!,,,,,,,,,#DIV/0!,,,,,#DIV/0!,,,,,#DIV/0!,,,,,,,,,,#DIV/0!,,,,,,,,,,,#DIV/0!,,,,,,,,#DIV/0!,,,,,,,,,,,#DIV/0!,,,,,,,,,,#DIV/0!,,,,#DIV/0!,,,,,,,,,,,#DIV/0!,,,,,#DIV/0!,,,,,,,,,,,,,,,,,
1/7/2025 16:24,1/7/2025 16:56,205.185.107.55,1918,1,1/7/2025 16:56,3,3,3,4,2,4,4,3,2,4,3,3,3,4,3,3,3,4,3,5,3.3,6,7,7,7,6.75,6,6,6,7,7,6.4,6,2,5,6,5,4.8,16,14,13,13,17,14,14,14.42857143,1,2,2,2,2,1.8,2,2,2,5,6,5,3,3.571428571,4,2,4,3,3,1,3,3,2,4,2,2,4,1,4,1,4,2,2.722222222,6,6,6,6,5,5.8,3,4,2,4,2,3,3,3,4,2,2,2.428571429,3,3,4,2,4,2,2.5,2,3,2,2.333333333,3,2,4,2,2,3,3,2.714285714,6,3,1,2,6,5,3,3,3.625,120,1,2,3,2,185,0,65,35,71.25,2,,,,,,,,,#DIV/0!,,,,,,,,,,,#DIV/0!,,,,,,,,#DIV/0!,,,,,,,,,,,#DIV/0!,,,,,,,,,,#DIV/0!,,,,#DIV/0!,,,,,,,,,,,#DIV/0!,,,,,#DIV/0!,Erica Topham,22,2,5,1,3,15,Health,1,2,2,4,4,12,1,4,
1/7/2025 17:04,1/7/2025 17:33,199.168.114.62,1722,1,1/7/2025 17:33,3,2,4,5,3,5,2,5,1,5,5,3,2,4,4,5,2,5,3,4,3.6,4,6,5,5,5,4,6,6,4,7,5.4,6,3,6,2,2,3.8,18,18,18,18,18,18,18,18,2,3,2,1,3,2.2,4,2,2,5,6,2,3,3.428571429,3,2,4,3,2,3,4,3,3,4,1,2,2,2,4,1,3,3,2.722222222,4,3,3,3,2,3,4,4,2,4,2,3,3,2,3,3,3,2.714285714,3,3,3,3,4,2,2.75,4,3,3,3.333333333,3,2,4,2,3,4,3,3,6,2,4,4,3,1,6,1,3.375,298,5,5,4,4.666666667,363,0,62,240,166.25,2,,,,,,,,,#DIV/0!,,,,,,,,,,,#DIV/0!,,,,,,,,#DIV/0!,,,,,,,,,,,#DIV/0!,,,,,,,,,,#DIV/0!,,,,#DIV/0!,,,,,,,,,,,#DIV/0!,,,,,#DIV/0!,Thomas ricks,24,1,5,4,3,8,Psychology,1,2,2,6,8,12.2,1,4,
1/7/2025 18:20,1/7/2025 18:44,162.245.89.81,1440,1,1/7/2025 18:44,4,2,5,4,2,4,4,4,1,5,4,2,1,1,1,4,2,4,4,5,3.15,3,5,5,5,4.5,6,5,6,2,4,4.6,2,1,3,6,5,3.4,13,13,13,13,17,13,13,13.57142857,3,3,1,2,2,2.2,3,5,3,6,6,3,3,4.142857143,5,2,2,2,2,2,3,2,5,2,1,2,3,1,4,1,2,5,2.555555556,2,2,2,5,3,2.8,5,2,4,1,5,2,4,1,1,5,5,4.142857143,5,5,2,4,2,4,4.5,1,2,1,1.333333333,2,1,1,1,1,1,3,1.428571429,3,4,1,2,2,1,5,6,3,22,2,1,4,2.333333333,87,31,4,76,49.5,1,1,2,6,6,6,6,4,5,5.5,2,6,5,4,3,5,2,6,5,3,4.5,3,5,4,6,4,5,2,4.333333333,2,6,2,2,3,5,5,3,4,2,3.625,4,5,5,2,2,2,3,5,4,3.555555556,5,4,4,4.333333333,1,1,1,2,1,1,1,4,1,1,1.4,2,1,1,1,1.25,Emma Jackson,20,2,5,3,4,14,Psychology (general),1,2,2,4,8,12,1,4,
1/7/2025 19:30,1/7/2025 20:09,172.56.148.66,2333,1,1/7/2025 20:09,4,2,2,4,4,2,2,2,2,4,2,4,3,3,4,3,3,4,3,3,3,5,6,6,4,5.25,2,2,4,4,4,3.2,5,3,5,5,4,4.4,13,15,13,14,14,13,14,13.71428571,3,2,2,2,1,2,4,5,5,6,6,5,3,4.857142857,4,3,2,4,4,2,3,3,2,5,2,2,4,3,4,2,2,4,3.055555556,4,3,3,4,2,3.2,3,3,3,3,3,3,3,3,2,4,3,3.142857143,4,3,4,2,5,1,2.5,3,4,4,3.666666667,4,2,4,3,3,3,2,3,1,2,1,2,1,2,4,1,1.75,201,3,1,2,2,200,10,101,10,80.25,1,1,2,6,4,5,5,5,6,5.166666667,4,4,2,,6,2,6,2,3,5,3.142857143,4,4,4,4,3,3,2,3.333333333,4,4,3,3,2,6,6,5,5,4,4.5,4,5,6,3,4,5,5,4,4,4.444444444,3,4,3,3.333333333,1,1,2,1,1,1,1,1,1,2,1.2,3,1,1,1,1.5,Molly Suzanne Jorgensen,48,2,5,1,5,3,Exercise Science,1,2,2,2,2,2.7,1,4,
1/7/2025 20:15,1/7/2025 20:40,24.117.234.222,1501,1,1/7/2025 20:40,5,3,5,3,4,4,2,5,1,2,5,3,4,2,4,2,2,4,2,4,3.3,6,7,7,6,6.5,5,6,6,6,5,5.6,5,4,4,6,5,4.8,14,13,13,13,13,13,13,13.14285714,2,4,2,2,1,2.2,4,5,2,7,6,5,2,4.428571429,4,4,4,4,3,2,2,4,1,4,1,5,4,4,4,2,3,5,3.333333333,4,3,5,7,4,4.6,5,3,3,3,3,3,3,4,3,3,4,3.571428571,5,4,2,4,2,4,4.25,2,3,5,3.333333333,1,3,5,2,1,1,1,2,2,2,1,2,1,1,6,1,2,120,1,1,5,2.333333333,120,0,204,123,111.75,2,,,,,,,,,#DIV/0!,,,,,,,,,,,#DIV/0!,,,,,,,,#DIV/0!,,,,,,,,,,,#DIV/0!,,,,,,,,,,#DIV/0!,,,,#DIV/0!,,,,,,,,,,,#DIV/0!,,,,,#DIV/0!,Melonie Sterling,28,2,5,1,3,6,Behavioral Intervention/ Health emphasis,1,2,2,4,8,12.2,1,4,
1/7/2025 20:20,1/7/2025 20:45,205.185.107.33,1516,1,1/7/2025 20:45,3,4,3,3,2,1,4,3,2,5,3,5,1,3,4,6,4,6,4,4,3.5,6,6,7,7,6.5,7,7,7,7,6,6.8,5,2,3,7,7,4.8,15,16,14,13,14,18,13,14.71428571,1,3,2,1,1,1.6,6,4,5,4,6,4,6,5,3,2,3,2,1,1,4,4,4,4,1,2,5,1,5,1,3,4,2.777777778,5,5,6,4,2,4.4,3,4,2,5,1,5,1,5,5,1,5,2.571428571,4,5,2,4,3,3,4,1,1,1,1,3,2,2,1,1,1,1,1.571428571,2,1,1,1,1,4,1,1,1.5,304,6,1,6,4.333333333,653,0,584,328,391.25,1,2,3,5,7,7,6,5,5,5.833333333,6,5,7,6,2,6,2,6,1,4,5.125,1,7,7,7,1,1,3,4.333333333,3,5,6,6,4,4,3,3,4,2,4.125,5,4,5,4,6,1,2,5,5,4.111111111,5,3,3,3.666666667,3,3,1,1,2,1,1,1,1,1,1.5,4,3,1,1,2.25,Eliza Brimhall,24,2,5,1,4,16,Health Psychology,1,2,2,4,8,30,1,4,
1/7/2025 22:40,1/8/2025 0:17,216.128.237.130,5802,1,1/8/2025 0:17,4,4,5,2,5,2,5,4,2,3,2,6,4,5,3,1,4,5,2,4,3.6,6,7,6,7,6.5,6,6,6,7,7,6.4,6,3,5,6,6,5.2,17,17,13,14,13,17,13,14.85714286,1,2,1,1,2,1.4,7,2,5,4,6,2,2,4,4,2,4,2,4,3,5,5,2,4,1,2,4,2,5,3,5,3,3.333333333,7,7,7,6,7,6.8,1,5,1,5,1,4,2,1,5,1,1,1.142857143,3,3,5,1,5,1,2,1,3,2,2,1,1,1,2,1,1,1,1.142857143,7,6,5,4,7,5,3,2,4.875,120,3,1,6,3.333333333,201,0,90,179,117.5,1,2,2,6,6,6,6,5,6,5.833333333,6,6,6,4,2,6,2,6,6,2,5.25,4,4,5,3,5,3,2,3.666666667,7,1,2,2,5,3,5,2,5,3,2.875,6,6,6,5,5,4,5,6,6,5.444444444,5,5,5,5,1,1,1,1,1,1,1,2,1,1,1.1,2,3,1,1,1.75,McKinley Smith,22,2,5,3,4,13,Health Psychology,1,2,2,3,2,17,1,4,
1/8/2025 9:20,1/8/2025 9:45,157.201.96.100,1533,1,1/8/2025 9:46,2,3,2,3,3,3,3,3,2,5,3,4,2,4,2,3,5,4,2,3,3.05,5,5,6,5,5.25,3,6,6,6,5,5.2,5,2,5,3,3,3.6,18,18,15,13,18,14,14,15.71428571,4,3,3,1,4,3,3,3,5,7,7,5,5,5,4,3,3,3,2,3,2,2,5,3,1,1,3,2,4,1,4,4,2.777777778,5,4,5,3,3,4,4,3,3,3,3,3,3,5,2,4,3,3.571428571,5,5,3,3,3,3,4,3,2,4,3,2,1,4,1,1,1,4,2,4,2,1,2,3,3,6,3,3,90,2,3,4,3,251,0,513,62,206.5,1,1,2,6,6,6,6,6,6,6,2,6,5,3,3,5,3,5,5,3,4.25,2,6,3,2,4,5,1,3.5,3,5,2,2,5,3,1,5,3,4,3.125,6,6,6,5,5,5,6,6,6,5.666666667,4,4,4,4,1,2,1,1,1,1,1,2,1,2,1.3,1,1,1,1,1,Given Chatelain,22,1,5,1,4,9,Psychology General,3,2,2,4,6,18.1,1,4,
1/8/2025 11:12,1/8/2025 11:45,157.201.98.1,1997,1,1/8/2025 11:45,4,2,2,4,2,4,2,4,1,4,4,5,4,2,3,2,3,2,3,2,2.95,5,7,7,6,6.25,5,5,6,7,7,6,5,3,5,6,7,5.2,14,14,14,13,13,17,13,14,3,3,3,3,2,2.8,3,3,3,6,6,6,3,4.285714286,2,4,3,4,2,1,2,3,4,2,3,1,2,1,3,3,2,4,2.555555556,3,3,3,3,3,3,4,3,3,2,4,2,4,2,4,2,2,3,4,4,2,4,2,4,4,4,3,3,3.333333333,2,2,3,2,2,2,2,2.142857143,4,2,2,2,4,4,2,6,3.25,0,1,1,5,2.333333333,45,0,170,125,85,1,1,3,5,2,5,1,2,4,3.166666667,1,5,2,3,1,7,2,6,2,2,3.5,5,3,5,5,2,5,2,3.666666667,6,2,6,6,6,2,6,7,6,2,4.625,3,6,6,1,1,1,4,2,2,2.888888889,5,5,5,5,1,2,2,1,1,1,1,1,1,1,1.2,4,4,4,4,4,Paige Hertzberg,22,2,5,1,2,16,Health Psychology ,1,2,2,3,7,19.9,1,4,
1/8/2025 11:29,1/8/2025 11:55,157.201.96.100,1535,1,1/8/2025 11:55,3,5,2,5,5,1,4,3,1,5,3,3,4,3,2,2,5,3,5,4,3.4,6,6,6,7,6.25,6,6,6,5,5,5.6,4,2,3,3,4,3.2,17,19,18,19,19,15,16,17.57142857,3,2,2,2,1,2,7,5,2,7,6,5,4,5.142857143,4,1,4,2,2,3,3,4,2,4,2,2,3,2,4,1,3,5,2.833333333,5,5,3,3,1,3.4,4,3,3,4,2,3,3,2,3,3,2,2.714285714,5,4,3,3,3,3,3.75,5,3,4,4,2,3,3,4,3,4,4,3.285714286,2,3,1,2,1,2,8,1,2.5,49,4,5,2,3.666666667,46,0,121,24,47.75,2,,,,,,,,,#DIV/0!,,,,,,,,,,,#DIV/0!,,,,,,,,#DIV/0!,,,,,,,,,,,#DIV/0!,,,,,,,,,,#DIV/0!,,,,#DIV/0!,,,,,,,,,,,#DIV/0!,,,,,#DIV/0!,Tyler Colgrove,26,1,5,4,4,12,Psychology (health),1,2,2,3,5,24,1,4,
1/8/2025 12:38,1/8/2025 12:55,205.185.107.40,1048,1,1/8/2025 12:55,2,3,4,3,3,4,3,4,2,3,3,3,5,3,4,4,4,3,4,3,3.35,5,6,6,6,5.75,6,5,6,6,6,5.8,6,5,6,6,6,5.8,15,17,14,15,17,16,15,15.57142857,3,1,2,1,3,2,3,3,3,5,5,2,3,3.428571429,2,4,3,3,2,2,3,3,2,3,4,3,2,3,2,2,3,2,2.666666667,3,3,3,3,3,3,4,3,3,3,3,3,3,4,3,3,3,3.285714286,3,3,3,3,3,3,3,2,2,2,2,3,2,4,3,2,2,3,2.714285714,5,4,1,4,4,4,8,4,4.25,60,1,5,4,3.333333333,140,0,266,91,124.25,2,,,,,,,,,#DIV/0!,,,,,,,,,,,#DIV/0!,,,,,,,,#DIV/0!,,,,,,,,,,,#DIV/0!,,,,,,,,,,#DIV/0!,,,,#DIV/0!,,,,,,,,,,,#DIV/0!,,,,,#DIV/0!,Trevor Barney,22,1,5,1,4,13,Psychology,1,2,1,3,2,11.8,1,4,
1/8/2025 12:35,1/8/2025 13:02,157.201.96.100,1621,1,1/8/2025 13:02,6,3,3,4,5,6,3,5,2,3,4,5,2,3,2,2,3,3,3,3,3.5,6,7,6,5,6,5,5,6,5,6,5.4,4,2,3,3,4,3.2,17,18,14,14,17,15,16,15.85714286,2,1,1,1,2,1.4,5,4,5,6,6,5,5,5.142857143,3,2,2,3,1,3,4,4,2,5,1,1,4,3,4,1,5,3,2.833333333,6,5,5,4,3,4.6,3,2,4,4,2,5,1,4,3,3,3,2.857142857,4,5,3,3,4,2,3.5,3,3,3,3,4,2,5,4,3,4,1,3.285714286,5,4,3,4,3,1,8,8,4.5,405,2,7,6,5,812,3,726,407,487,2,,,,,,,,,#DIV/0!,,,,,,,,,,,#DIV/0!,,,,,,,,#DIV/0!,,,,,,,,,,,#DIV/0!,,,,,,,,,,#DIV/0!,,,,#DIV/0!,,,,,,,,,,,#DIV/0!,,,,,#DIV/0!,Callista Hammond,18,2,5,3,1,12,Biotechnology,1,2,2,3,5,21.4,1,4,
1/8/2025 13:02,1/8/2025 13:25,157.201.96.100,1369,1,1/8/2025 13:25,4,3,3,3,3,3,4,5,2,4,4,2,4,3,4,4,3,4,3,4,3.45,6,6,6,6,6,6,6,6,6,6,6,5,6,6,6,6,5.8,15,18,14,14,18,14,15,15.42857143,2,4,3,1,2,2.4,5,2,3,7,7,7,3,4.857142857,3,2,3,3,3,2,4,4,3,2,1,3,3,2,4,2,4,5,2.944444444,3,3,5,2,2,3,3,4,2,3,3,3,3,2,2,4,2,2.714285714,4,2,3,3,3,3,3,4,3,3,3.333333333,1,1,1,2,1,1,2,1.285714286,6,6,3,2,4,4,8,1,4.25,30,2,1,5,2.666666667,61,0,242,30,83.25,2,,,,,,,,,#DIV/0!,,,,,,,,,,,#DIV/0!,,,,,,,,#DIV/0!,,,,,,,,,,,#DIV/0!,,,,,,,,,,#DIV/0!,,,,#DIV/0!,,,,,,,,,,,#DIV/0!,,,,,#DIV/0!,Kylee Smith,21,2,5,4,3,14,Psychology with an emphasis in Industrial Organizational Psychology,2,2,2,4,8,22,1,4,
1/8/2025 12:58,1/8/2025 13:33,157.201.98.1,2105,1,1/8/2025 13:33,3,4,2,2,3,3,3,4,1,2,4,3,4,3,2,4,2,4,3,3,2.95,5,6,6,6,5.75,6,6,6,7,6,6.2,6,3,5,6,5,5,17,17,14,14,14,17,15,15.42857143,1,3,1,1,2,1.6,5,6,2,4,7,2,3,4.142857143,3,1,5,2,2,1,5,4,1,3,2,2,4,2,5,1,5,2,2.777777778,6,7,7,7,3,6,2,4,2,5,1,4,2,3,3,3,2,2.142857143,3,2,4,2,5,1,2,1,2,2,1.666666667,2,2,3,3,2,2,3,2.428571429,2,1,1,3,1,3,6,6,2.875,60,3,5,4,4,225,0,315,315,213.75,1,1,1,7,7,7,7,7,7,7,7,7,7,4,1,7,1,7,7,1,5.875,1,7,7,7,7,7,7,7,1,7,7,6,2,6,7,4,3,1,5.125,7,7,7,7,7,5,6,6,6,6.444444444,4,4,3,3.666666667,1,1,1,1,1,1,1,1,1,1,1,2,2,1,1,1.5,Jacob Huntsman,23,1,5,1,3,14,Industrial Organizational Psychology,2,2,2,4,6,10,1,4,
1/8/2025 13:09,1/8/2025 14:07,157.201.98.1,3526,1,1/8/2025 14:07,2,4,4,5,4,3,2,4,1,4,3,5,2,4,5,5,4,4,4,4,3.65,6,6,6,5,5.75,5,6,6,6,6,5.8,5,5,4,6,7,5.4,17,14,14,15,17,18,14,15.57142857,1,2,1,1,1,1.2,2,2,5,5,5,5,3,3.857142857,4,3,3,2,3,1,3,3,1,4,2,2,3,2,4,2,3,4,2.722222222,6,6,5,6,5,5.6,3,4,2,4,2,3,3,2,3,3,3,2.571428571,4,3,3,3,4,2,3,2,2,1,1.666666667,2,2,2,2,2,1,2,1.857142857,7,6,3,4,6,4,8,7,5.625,121,3,3,2,2.666666667,250,11,259,19,134.75,2,,,,,,,,,#DIV/0!,,,,,,,,,,,#DIV/0!,,,,,,,,#DIV/0!,,,,,,,,,,,#DIV/0!,,,,,,,,,,#DIV/0!,,,,#DIV/0!,,,,,,,,,,,#DIV/0!,,,,,#DIV/0!,Jacob O'Neal,22,1,5,3,2,12,Psychology with an emphasis in IO psychology ,2,2,2,2,6,20,1,4,
1/8/2025 12:53,1/8/2025 14:09,205.185.98.34,4568,1,1/8/2025 14:09,5,4,3,3,2,5,5,4,2,2,4,4,4,2,3,2,6,4,3,2,3.45,3,6,6,4,4.75,5,6,5,4,5,5,5,2,4,3,4,3.6,15,17,16,14,14,18,16,15.71428571,2,1,3,1,3,2,2,2,5,6,7,2,2,3.714285714,1,1,3,3,2,1,3,3,1,2,1,1,2,2,3,1,2,3,1.944444444,3,5,2,2,6,3.6,2,3,3,3,3,3,3,1,3,3,2,2.428571429,3,3,4,2,4,2,2.5,3,3,3,3,1,1,2,1,1,1,2,1.285714286,4,2,1,4,3,3,6,1,3,843,5,1,1,2.333333333,901,52,255,26,308.5,1,1,1,7,1,6,2,2,2,3.333333333,1,2,1,6,6,2,6,2,1,7,2.75,6,2,1,1,1,1,2,1.333333333,6,2,2,6,1,7,4,6,6,2,4.375,2,2,2,2,2,2,2,2,2,2,4,4,4,4,1,1,4,1,1,1,1,1,1,1,1.3,4,1,1,1,1.75,Jacob Bennion,23,1,5,3,3,10,psychology,1,2,2,4,2,7,1,4,
1/8/2025 13:47,1/8/2025 14:11,24.119.111.34,1409,1,1/8/2025 14:11,3,4,4,4,2,2,3,3,2,6,4,4,2,4,3,2,3,4,3,4,3.3,5,6,6,6,5.75,6,6,6,6,6,6,3,5,4,5,3,4,17,17,17,14,17,15,15,16,1,1,1,1,1,1,5,5,4,4,6,5,4,4.714285714,4,3,4,2,3,2,4,4,2,4,1,1,4,1,4,2,4,3,2.888888889,6,6,6,6,6,6,2,4,2,4,2,4,2,2,4,2,2,2,3,3,4,2,4,2,2.5,2,3,3,2.666666667,1,1,1,1,1,1,1,1,3,3,1,3,3,4,7,4,3.5,15,2,2,3,2.333333333,92,34,190,66,95.5,2,,,,,,,,,#DIV/0!,,,,,,,,,,,#DIV/0!,,,,,,,,#DIV/0!,,,,,,,,,,,#DIV/0!,,,,,,,,,,#DIV/0!,,,,#DIV/0!,,,,,,,,,,,#DIV/0!,,,,,#DIV/0!,Dennis Newby,21,1,5,1,1,12,Health Psychology ,1,2,2,6,8,15.3,1,4,
1/8/2025 14:02,1/8/2025 14:21,66.219.222.22,1126,1,1/8/2025 14:21,3,4,2,4,2,1,4,2,1,3,4,4,3,4,2,2,2,5,1,3,2.8,7,7,6,6,6.5,7,6,7,7,7,6.8,5,5,2,2,5,3.8,17,17,13,18,19,19,14,16.71428571,2,1,2,2,3,2,5,5,1,7,6,5,2,4.428571429,4,3,4,4,3,2,3,3,2,5,1,1,4,1,5,1,3,5,3,6,6,5,7,7,6.2,3,3,3,4,2,4,2,4,4,2,5,3,4,4,3,3,4,2,3.25,2,4,4,3.333333333,4,1,2,2,2,2,3,2.285714286,3,3,1,2,3,4,6,6,3.5,123,3,2,5,3.333333333,238,94,158,121,152.75,2,,,,,,,,,#DIV/0!,,,,,,,,,,,#DIV/0!,,,,,,,,#DIV/0!,,,,,,,,,,,#DIV/0!,,,,,,,,,,#DIV/0!,,,,#DIV/0!,,,,,,,,,,,#DIV/0!,,,,,#DIV/0!,Jakobi Richins,24,2,7,1,4,12,Psychology and psychology,1,2,2,4,6,7,1,4,
1/8/2025 14:35,1/8/2025 15:04,205.185.110.154,1748,1,1/8/2025 15:04,2,4,4,4,3,3,3,4,1,4,5,3,5,3,5,6,3,5,4,3,3.7,6,7,5,7,6.25,7,6,7,5,7,6.4,7,6,7,7,5,6.4,13,13,13,14,13,14,13,13.28571429,2,3,1,1,1,1.6,2,1,1,5,6,4,3,3.142857143,4,2,3,2,1,2,5,3,2,4,2,2,3,2,3,2,4,4,2.777777778,6,7,6,7,5,6.2,2,4,2,4,2,4,2,3,4,2,2,2.142857143,4,3,3,3,3,3,3.25,3,2,2,2.333333333,3,3,2,2,1,2,3,2.285714286,5,6,1,3,5,3,7,6,4.5,59,3,3,3,3,99,10,103,34,61.5,2,,,,,,,,,#DIV/0!,,,,,,,,,,,#DIV/0!,,,,,,,,#DIV/0!,,,,,,,,,,,#DIV/0!,,,,,,,,,,#DIV/0!,,,,#DIV/0!,,,,,,,,,,,#DIV/0!,,,,,#DIV/0!,Skyler Hodges,24,1,5,4,4,13,Biology with Neuroscience emphasis,1,2,2,2,7,21.1,1,4,
1/8/2025 14:16,1/8/2025 15:04,205.185.98.6,2930,1,1/8/2025 15:04,4,2,3,4,2,2,2,4,1,4,4,3,3,3,2,4,5,4,2,3,3.05,3,6,3,5,4.25,3,5,5,3,5,4.2,5,2,5,5,5,4.4,15,14,13,14,14,16,15,14.42857143,1,2,2,2,1,1.6,2,2,5,5,5,3,2,3.428571429,4,2,4,2,2,2,5,4,3,5,2,2,4,2,5,1,4,4,3.166666667,5,5,5,6,3,4.8,3,4,2,4,2,4,2,3,4,2,3,2.428571429,4,4,4,2,4,2,3,1,2,2,1.666666667,3,2,2,1,1,1,3,1.857142857,5,1,2,2,2,5,8,1,3.25,120,5,3,6,4.666666667,151,0,241,120,128,2,,,,,,,,,#DIV/0!,,,,,,,,,,,#DIV/0!,,,,,,,,#DIV/0!,,,,,,,,,,,#DIV/0!,,,,,,,,,,#DIV/0!,,,,#DIV/0!,,,,,,,,,,,#DIV/0!,,,,,#DIV/0!,Trevan Bateman,23,1,5,3,4,10,Psychology major and a Health Psychology emphasis,1,2,2,6,2,5,1,4,
1/8/2025 15:02,1/8/2025 15:35,38.43.30.245,1970,1,1/8/2025 15:35,2,4,2,3,2,4,4,3,1,3,4,5,3,4,3,3,5,4,3,4,3.3,6,6,5,6,5.75,5,6,6,6,6,5.8,4,4,5,6,5,4.8,16,14,16,14,14,15,15,14.85714286,1,2,2,1,3,1.8,5,3,4,5,6,3,5,4.428571429,2,1,3,2,2,2,3,4,2,4,1,2,4,2,4,1,4,2,2.5,5,5,5,6,5,5.2,3,4,2,4,2,4,2,2,4,2,2,2.142857143,3,3,4,2,4,2,2.5,2,2,2,2,2,1,2,2,1,1,2,1.571428571,6,2,2,2,3,4,6,1,3.25,119,5,4,2,3.666666667,225,0,94,34,88.25,1,1,5,3,3,5,4,5,4,4,2,5,3,4,5,3,5,3,4,3,3.375,4,4,3,3,4,5,5,4,2,6,4,5,3,5,5,5,5,6,5.125,4,4,4,3,3,3,4,5,4,3.777777778,4,4,4,4,1,1,1,1,1,1,1,1,1,1,1,1,1,1,1,1,Samuel King,25,1,5,1,4,15,I O Psychology,2,2,2,4,7,9,1,4,
1/8/2025 15:14,1/8/2025 16:03,205.185.107.47,2973,1,1/8/2025 16:03,2,4,4,5,2,5,6,4,1,5,2,5,2,4,4,3,2,4,4,2,3.5,6,6,6,5,5.75,6,7,6,6,7,6.4,7,5,5,5,6,5.6,17,18,13,17,17,17,19,16.85714286,1,2,2,1,2,1.6,2,5,5,6,6,6,5,5,3,2,5,3,4,3,3,3,3,3,2,2,4,2,4,1,4,4,3.055555556,6,6,7,6,5,6,3,4,2,4,2,4,2,3,3,3,2,2.428571429,5,4,3,3,4,2,3.5,4,4,4,4,2,3,2,2,2,3,3,2.428571429,4,5,1,1,2,3,1,5,2.75,25,2,2,4,2.666666667,126,15,605,123,217.25,2,,,,,,,,,#DIV/0!,,,,,,,,,,,#DIV/0!,,,,,,,,#DIV/0!,,,,,,,,,,,#DIV/0!,,,,,,,,,,#DIV/0!,,,,#DIV/0!,,,,,,,,,,,#DIV/0!,,,,,#DIV/0!,Tanner BAcon,25,1,5,4,4,10,Business Management Marketing ,2,2,2,5,7,18,1,4,
1/8/2025 16:03,1/8/2025 16:21,67.61.17.185,1079,1,1/8/2025 16:21,5,5,,2,4,3,3,4,3,4,3,4,3,4,3,4,3,4,3,4,3.578947368,5,5,5,5,5,5,4,5,4,5,4.6,4,5,4,5,4,4.4,16,17,17,17,17,17,17,16.85714286,3,3,3,3,3,3,7,6,7,6,6,6,6,6.285714286,4,4,4,4,4,4,4,4,4,4,4,4,4,4,3,4,4,4,3.944444444,5,,5,5,5,5,5,5,1,4,2,4,2,5,4,2,5,3.142857143,4,4,3,3,4,2,3.25,5,4,4,4.333333333,4,4,4,3,4,4,3,3.714285714,5,6,5,6,5,6,5,6,5.5,377,6,5,6,5.666666667,384,303,401,301,347.25,1,2,5,3,5,5,5,5,5,4.666666667,6,5,6,6,6,2,6,2,6,6,4.875,6,2,6,6,6,6,6,5.333333333,6,2,5,6,6,2,6,6,6,6,4.875,6,6,6,6,6,5,6,6,6,5.888888889,4,4,4,4,4,4,4,4,4,4,4,4,4,4,4,4,3,3,4,3.5,jeffrey omoruyi,27,1,4,1,4,12,health ,1,2,1,2,5,10.5,1,4,
1/8/2025 15:33,1/8/2025 16:32,192.187.62.4,3568,1,1/8/2025 16:32,5,4,2,3,1,3,2,6,2,2,4,2,3,2,5,5,6,3,4,3,3.35,3,6,6,6,5.25,5,4,4,5,5,4.6,4,2,2,3,2,2.6,14,17,14,14,17,18,16,15.71428571,4,1,4,4,2,3,4,1,4,5,6,2,5,3.857142857,3,5,4,5,3,4,4,4,2,5,5,2,3,4,4,3,3,4,3.722222222,5,4,6,4,5,4.8,3,2,4,3,3,2,4,4,2,4,3,3.571428571,4,4,3,3,3,3,3.5,4,3,2,3,5,2,5,3,4,2,3,3.428571429,5,4,3,4,4,4,6,3,4.125,151,7,4,4,5,280,14,180,93,141.75,2,,,,,,,,,#DIV/0!,,,,,,,,,,,#DIV/0!,,,,,,,,#DIV/0!,,,,,,,,,,,#DIV/0!,,,,,,,,,,#DIV/0!,,,,#DIV/0!,,,,,,,,,,,#DIV/0!,,,,,#DIV/0!,Allie Jensen,19,2,5,4,2,13,exercise physiology ,1,2,2,6,8,21,1,4,
1/8/2025 15:12,1/8/2025 17:34,174.201.38.155,8532,1,1/8/2025 17:34,1,4,4,3,3,5,4,4,2,3,4,2,4,3,2,5,3,5,2,3,3.3,4,5,6,4,4.75,4,6,6,6,6,5.6,5,4,5,4,5,4.6,15,17,17,18,18,16,14,16.42857143,2,2,1,2,1,1.6,2,4,3,4,4,4,3,3.428571429,3,3,3,4,3,3,4,3,3,4,2,2,3,3,4,2,3,3,3.055555556,3,5,5,4,5,4.4,3,3,3,3,3,3,3,3,3,3,2,2.857142857,3,3,3,3,3,3,3,3,2,2,2.333333333,2,2,3,2,1,2,3,2.142857143,6,2,2,4,1,1,5,2,2.875,179,4,2,3,3,397,63,601,58,279.75,1,2,4,4,5,7,6,5,6,5.5,5,5,5,4,2,6,3,5,5,2,4.625,4,4,2,5,6,4,5,4.333333333,4,4,5,6,5,3,6,5,4,5,4.75,6,5,6,5,6,5,6,6,6,5.666666667,5,5,5,5,1,1,1,1,1,1,1,1,1,1,1,2,2,1,1,1.5,Dulce Leamsi Gallegos,24,2,6,4,1,13,"Psychology, I/O emphasis ",2,2,2,1,2,28,1,4,
1/8/2025 18:36,1/8/2025 19:22,205.185.107.59,2765,1,1/8/2025 19:22,3,4,3,3,2,4,2,4,,,,,,,,,,,,,3.125,5,5,5,5,5,5,6,4,5,5,5,5,3,5,5,2,4,16,17,15,17,17,18,17,16.71428571,1,2,1,1,1,1.2,6,1,6,5,7,2,4,4.428571429,3,2,3,1,1,1,1,5,1,5,1,1,4,1,4,1,1,1,2.055555556,5,6,4,5,5,5,3,5,1,4,2,4,2,4,4,2,2,2.285714286,1,1,1,5,4,2,2.25,2,2,2,2,2,1,1,1,1,1,1,1.142857143,4,4,2,1,2,7,8,5,4.125,172,6,4,5,5,375,83,558,206,305.5,2,,,,,,,,,#DIV/0!,,,,,,,,,,,#DIV/0!,,,,,,,,#DIV/0!,,,,,,,,,,,#DIV/0!,,,,,,,,,,#DIV/0!,,,,#DIV/0!,,,,,,,,,,,#DIV/0!,,,,,#DIV/0!,Cordell Seyersdahl ,22,1,5,1,2,12,Psychology ,1,2,2,3,5,12.1,1,4,
1/8/2025 19:34,1/8/2025 19:55,205.185.107.55,1285,1,1/8/2025 19:55,4,3,5,4,5,3,5,6,1,5,3,4,6,3,3,5,6,6,3,5,4.25,7,7,7,7,7,5,7,7,7,7,6.6,5,4,3,5,1,3.6,19,18,19,17,18,14,16,17.28571429,2,1,2,4,2,2.2,5,6,1,7,7,5,7,5.428571429,4,3,3,5,1,3,3,3,3,3,3,1,3,1,3,5,3,5,3.055555556,6,3,3,5,4,4.2,5,2,4,2,4,2,4,5,2,4,5,4.428571429,5,5,2,4,2,4,4.5,3,2,3,2.666666667,4,2,5,5,3,4,3,3.714285714,2,2,1,2,2,3,8,4,3,20,2,1,3,2,230,0,128,0,89.5,2,,,,,,,,,#DIV/0!,,,,,,,,,,,#DIV/0!,,,,,,,,#DIV/0!,,,,,,,,,,,#DIV/0!,,,,,,,,,,#DIV/0!,,,,#DIV/0!,,,,,,,,,,,#DIV/0!,,,,,#DIV/0!,Lyndzee Hales ,22,2,5,1,4,14,Communication - Public Relations,2,2,2,4,6,12.3,1,4,
1/8/2025 20:10,1/8/2025 20:55,66.219.222.22,2666,1,1/8/2025 20:55,4,2,4,4,3,6,2,5,1,5,4,2,4,3,3,5,4,4,5,2,3.6,7,7,6,5,6.25,6,6,6,7,7,6.4,6,7,7,7,7,6.8,15,17,14,13,16,14,17,15.14285714,1,2,1,1,2,1.4,2,1,5,5,6,1,1,3,4,1,5,2,3,1,4,4,2,3,1,2,3,1,5,1,4,1,2.611111111,5,6,6,7,7,6.2,2,4,2,5,1,5,1,1,4,2,2,1.571428571,2,3,4,2,4,2,2.25,1,2,1,1.333333333,3,3,3,1,1,1,3,2.142857143,3,2,1,3,3,3,8,6,3.625,6,4,1,1,2,139,0,21,52,53,1,1,3,5,7,7,6,7,7,6.5,1,6,6,7,2,6,6,2,5,1,4.25,2,6,5,5,3,6,3,4.666666667,3,5,1,1,5,3,3,1,1,1,2,5,3,5,3,3,4,6,6,6,4.555555556,1,1,1,1,1,1,1,2,1,1,2,2,1,2,1.4,1,1,1,1,1,Curtis McMichael,21,1,5,1,3,17,I/O Psychology,2,2,2,2,7,17,1,4,
1/8/2025 17:31,1/8/2025 21:28,174.204.4.91,14263,1,1/8/2025 21:28,4,4,5,4,2,4,3,4,2,4,5,3,5,3,4,3,5,3,5,3,3.75,4,5,6,4,4.75,3,4,5,2,4,3.6,3,2,2,3,2,2.4,17,18,17,14,18,18,16,16.85714286,4,3,3,1,2,2.6,4,6,2,6,2,2,2,3.428571429,4,3,2,5,2,2,2,2,3,2,2,1,2,2,3,2,2,3,2.444444444,2,3,2,3,3,2.6,4,3,3,3,3,3,3,4,2,4,3,3.428571429,3,3,2,4,3,3,3.25,3,2,4,3,3,2,3,2,1,1,4,2.285714286,1,1,1,5,1,1,7,1,2.25,175,4,3,4,3.666666667,169,120,68,222,144.75,1,2,6,2,2,3,2,2,2,2.166666667,4,5,2,4,6,2,6,2,2,6,3.375,6,2,2,1,2,2,1,1.666666667,2,6,6,6,2,6,2,6,6,4,5.25,2,2,2,3,2,2,2,2,2,2.111111111,4,4,3,3.666666667,1,2,1,2,2,1,1,1,1,1,1.3,5,2,1,2,2.5,David Henrikson,30,1,5,1,4,9,Psychology ,3,2,2,3,5,1.9,1,4,
1/9/2025 8:59,1/9/2025 9:18,157.201.98.1,1148,1,1/9/2025 9:18,5,5,4,4,2,3,2,4,4,4,5,4,5,4,4,5,5,4,6,3,4.1,6,6,6,6,6,7,5,6,6,6,6,6,6,7,6,4,5.8,16,17,15,15,14,17,17,15.85714286,1,2,1,1,1,1.2,5,4,5,6,7,5,5,5.285714286,4,2,5,2,2,2,4,4,1,5,1,2,5,3,4,1,4,2,2.944444444,5,5,5,4,2,4.2,4,5,1,5,1,3,3,3,4,2,3,2.428571429,2,3,4,2,4,2,2.25,5,2,3,3.333333333,3,2,3,1,1,2,3,2.142857143,4,4,3,4,4,2,6,4,3.875,127,5,5,4,4.666666667,342,201,63,30,159,1,1,6,2,4,5,2,4,2,3.166666667,1,2,4,4,2,6,3,5,3,3,3.5,3,5,4,5,5,5,6,5,6,2,4,4,6,2,4,5,4,5,3.75,2,2,3,2,2,2,2,2,2,2.111111111,4,4,4,4,1,4,1,1,1,2,1,2,1,1,1.5,2,1,1,1,1.25,Evan Schaumann,23,1,5,4,3,14,Nursing,1,2,2,3,7,8.8,1,4,
1/9/2025 10:26,1/9/2025 10:57,205.185.107.57,1904,1,1/9/2025 10:57,5,5,3,4,4,4,4,3,2,3,4,5,2,5,2,2,4,5,4,4,3.7,6,6,6,5,5.75,6,6,6,6,6,6,6,5,5,5,6,5.4,17,17,14,14,17,17,17,16.14285714,1,2,1,1,1,1.2,5,3,4,6,7,2,2,4.142857143,3,2,4,2,2,3,4,5,2,5,2,2,5,1,4,2,5,2,3.055555556,6,6,6,6,6,6,3,4,2,4,2,4,2,3,4,2,3,2.428571429,3,3,4,2,4,2,2.5,2,4,4,3.333333333,2,2,2,2,2,2,2,2,3,2,1,1,3,2,1,1,1.75,500,9,1,9,6.333333333,400,0,600,500,375,1,1,6,2,2,5,2,5,3,3.166666667,3,5,3,6,5,3,5,3,5,3,3.875,6,2,6,5,3,5,3,4,2,6,5,6,2,6,5,6,6,6,5.75,3,3,5,2,2,2,2,2,2,2.555555556,3,3,3,3,1,2,3,1,1,1,1,1,1,1,1.3,3,1,1,1,1.5,Shayla Nuttall,24,2,5,1,4,13,Exercise Physiology ,1,2,2,3,2,12,1,4,
1/9/2025 11:57,1/9/2025 12:51,157.201.98.1,3240,1,1/9/2025 12:51,4,4,3,3,2,3,4,5,5,3,5,4,4,4,4,2,4,4,3,2,3.6,5,6,3,3,4.25,4,4,4,3,5,4,4,4,4,3,5,4,18,18,16,15,17,18,15,16.71428571,1,2,1,1,2,1.4,4,3,3,5,4,5,3,3.857142857,3,2,3,2,2,1,3,3,1,4,2,1,4,2,4,1,2,3,2.388888889,3,3,3,4,2,3,3,3,3,3,3,4,2,4,3,3,4,3.142857143,3,3,4,2,4,2,2.5,4,4,4,4,3,3,2,1,1,1,2,1.857142857,5,3,5,5,4,2,5,2,3.875,600,7,7,7,7,400,6,300,500,301.5,1,1,4,4,5,5,4,4,4,4.333333333,3,4,3,3,3,5,3,5,3,4,3.75,4,4,6,6,4,4,3,4.5,2,6,6,6,6,2,4,5,7,5,5.125,4,5,4,4,4,3,3,5,5,4.111111111,2,5,5,4,1,2,1,1,1,1,1,2,1,1,1.2,2,1,1,1,1.25,Lazaro Soriano,23,1,6,4,4,12,Industrial Psychology,2,2,2,1,4,15,1,4,
1/9/2025 12:16,1/9/2025 12:59,157.201.96.100,2541,1,1/9/2025 12:59,3,4,3,5,4,4,2,4,1,3,4,3,4,3,4,4,3,4,3,4,3.45,6,6,6,5,5.75,4,5,4,6,5,4.8,5,4,4,5,5,4.6,13,14,14,13,13,14,14,13.57142857,2,2,1,1,1,1.4,2,2,2,4,4,3,2,2.714285714,2,2,3,3,2,2,4,4,2,4,2,3,4,2,4,2,4,3,2.888888889,3,3,5,3,4,3.6,3,3,3,4,2,3,3,2,3,3,2,2.571428571,4,3,4,2,4,2,2.75,3,2,2,2.333333333,2,2,3,2,2,3,3,2.428571429,4,4,4,2,4,3,8,4,4.125,449,5,1,5,3.666666667,362,11,326,63,190.5,2,,,,,,,,,#DIV/0!,,,,,,,,,,,#DIV/0!,,,,,,,,#DIV/0!,,,,,,,,,,,#DIV/0!,,,,,,,,,,#DIV/0!,,,,#DIV/0!,,,,,,,,,,,#DIV/0!,,,,,#DIV/0!,Madison McMurray,19,2,5,4,2,13,Psychology ,1,2,2,6,8,14.9,1,4,
1/9/2025 10:47,1/9/2025 13:03,216.128.237.130,8150,1,1/9/2025 13:03,5,3,4,4,3,5,4,5,2,2,4,2,3,3,4,2,6,3,4,3,3.55,5,5,5,5,5,4,5,5,5,5,4.8,4,5,5,5,3,4.4,15,18,15,16,19,18,16,16.71428571,2,2,2,1,3,2,4,5,5,5,5,5,3,4.571428571,4,3,3,3,3,2,3,4,4,4,2,5,4,4,4,2,3,4,3.388888889,3,4,4,4,3,3.6,4,3,3,3,3,3,3,4,3,3,3,3.285714286,4,3,3,3,3,3,3.25,2,4,2,2.666666667,3,3,4,3,4,2,3,3.142857143,4,4,2,2,4,4,7,6,4.125,300,4,1,4,3,300,0,250,0,137.5,1,1,4,4,3,6,4,5,4,4.333333333,1,3,3,5,4,4,5,3,3,5,3.375,4,4,2,2,4,3,3,3,1,7,4,4,2,6,6,6,6,6,5.625,4,4,4,3,3,3,3,3,3,3.333333333,4,4,4,4,1,1,1,2,1,1,1,1,1,1,1.1,2,1,1,1,1.25,Cody Wilhelmsen,23,1,5,2,3,12,"Psychology, no emphasis",2,2,2,3,7,6,1,4,
1/9/2025 12:44,1/9/2025 13:06,157.201.96.100,1356,1,1/9/2025 13:06,4,4,3,5,3,2,4,4,2,3,3,4,3,2,3,5,3,4,4,4,3.45,5,6,6,6,5.75,4,4,6,6,6,5.2,7,5,5,5,6,5.6,15,17,17,15,17,15,15,15.85714286,1,2,1,1,1,1.2,1,1,1,1,4,2,1,1.571428571,2,2,3,1,3,1,5,5,2,2,2,2,4,2,4,2,4,1,2.611111111,6,6,6,6,6,6,2,4,2,4,2,4,2,4,4,2,2,2.285714286,2,3,4,2,4,2,2.25,1,1,1,1,2,2,2,2,1,1,1,1.571428571,4,2,1,1,6,3,8,7,4,81,1,1,4,2,191,28,453,276,237,1,1,2,6,5,5,5,6,7,5.666666667,5,5,6,5,4,4,3,5,6,3,4.875,3,5,6,5,5,5,5,5.166666667,3,5,3,2,5,3,5,5,5,5,4.125,7,7,7,7,7,7,7,7,7,7,5,5,5,5,1,1,1,1,1,1,1,1,1,1,1,2,3,2,1,2,Jake Hess,24,1,5,1,3,12,Therapeutic Recreation,1,2,2,3,6,21.4,1,4,
1/8/2025 13:06,1/9/2025 15:13,205.185.98.26,94014,1,1/9/2025 15:13,4,3,3,2,1,2,4,4,4,3,2,4,3,3,4,3,4,4,3,5,3.25,6,7,6,6,6.25,3,5,5,6,5,4.8,6,4,5,3,6,4.8,14,14,13,13,15,17,16,14.57142857,2,1,1,1,2,1.4,7,5,5,5,6,4,6,5.428571429,3,1,4,2,1,1,4,4,1,4,1,2,2,2,4,1,4,1,2.333333333,6,6,6,6,2,5.2,2,4,2,3,3,4,2,2,4,2,2,2.142857143,1,1,4,2,4,2,1.5,2,2,2,2,3,2,4,2,3,1,2,2.428571429,8,5,4,4,6,5,8,6,5.75,0,3,4,1,2.666666667,180,0,190,0,92.5,2,,,,,,,,,#DIV/0!,,,,,,,,,,,#DIV/0!,,,,,,,,#DIV/0!,,,,,,,,,,,#DIV/0!,,,,,,,,,,#DIV/0!,,,,#DIV/0!,,,,,,,,,,,#DIV/0!,,,,,#DIV/0!,Jeffrey Hale,24,1,5,3,3,14,Industrial / Organizational Psychology,2,1,1,4,7,10,1,4,
1/9/2025 15:10,1/9/2025 15:38,205.185.107.19,1714,1,1/9/2025 15:38,5,4,2,4,3,4,3,4,1,4,3,5,2,3,4,3,5,4,3,2,3.4,4,5,5,5,4.75,6,5,6,5,6,5.6,6,5,5,5,6,5.4,18,17,13,13,14,16,15,15.14285714,2,1,2,1,1,1.4,1,1,2,5,7,6,4,3.714285714,3,2,4,3,2,1,4,3,2,4,1,3,4,4,4,1,4,2,2.833333333,2,3,6,4,2,3.4,3,3,3,3,3,3,3,2,3,3,3,2.857142857,4,2,3,3,4,2,2.75,4,2,2,2.666666667,2,2,1,2,1,1,2,1.571428571,6,5,4,3,6,1,8,3,4.5,223,5,5,4,4.666666667,240,11,250,131,158,2,,,,,,,,,#DIV/0!,,,,,,,,,,,#DIV/0!,,,,,,,,#DIV/0!,,,,,,,,,,,#DIV/0!,,,,,,,,,,#DIV/0!,,,,#DIV/0!,,,,,,,,,,,#DIV/0!,,,,,#DIV/0!,Dallin Christensen,22,1,5,4,2,15,Psychology,1,2,2,3,2,22.7,1,4,
1/9/2025 14:30,1/9/2025 15:39,205.185.107.55,4137,1,1/9/2025 15:39,4,5,4,3,4,3,4,2,1,4,3,5,2,4,2,2,5,4,1,4,3.3,6,6,6,5,5.75,6,5,6,6,6,5.8,4,3,5,6,5,4.6,15,17,15,15,19,16,15,16,1,2,1,1,1,1.2,5,3,3,5,7,3,3,4.142857143,4,1,3,2,2,2,4,3,1,5,2,4,4,2,5,2,4,5,3.055555556,5,6,5,4,5,5,3,4,2,4,2,3,3,2,4,2,3,2.428571429,5,4,3,3,3,3,3.75,2,3,2,2.333333333,2,3,2,2,1,1,3,2,5,4,1,3,3,3,4,1,3,168,4,1,5,3.333333333,121,3,479,123,181.5,1,2,5,3,4,6,4,6,5,4.666666667,2,3,4,6,4,4,6,2,3,4,3.5,5,3,5,6,3,5,3,4.166666667,7,1,3,6,2,6,3,3,2,2,3.25,4,2,6,3,3,3,4,6,6,4.111111111,5,5,5,5,1,4,1,3,1,1,1,1,1,1,1.5,4,3,1,1,2.25,Megan Wall,21,2,5,1,4,11,I/O Psych,2,2,2,4,6,14.1,1,4,
1/9/2025 15:16,1/9/2025 15:49,205.185.98.26,1983,1,1/9/2025 15:49,5,3,2,4,2,2,3,5,4,5,3,3,5,4,5,2,2,3,4,3,3.45,4,6,6,3,4.75,2,3,6,5,5,4.2,6,3,5,4,6,4.8,14,17,14,13,17,17,14,15.14285714,2,1,4,1,2,2,2,2,2,6,5,6,3,3.714285714,3,3,4,3,2,1,2,2,3,3,1,4,2,4,4,2,3,4,2.777777778,2,5,3,5,1,3.2,4,3,3,3,3,2,4,3,3,3,2,3.142857143,4,4,3,3,3,3,3.5,4,4,4,4,3,2,3,3,2,2,3,2.571428571,2,4,1,2,2,2,8,1,2.75,267,6,3,1,3.333333333,646,0,183,0,207.25,2,,,,,,,,,#DIV/0!,,,,,,,,,,,#DIV/0!,,,,,,,,#DIV/0!,,,,,,,,,,,#DIV/0!,,,,,,,,,,#DIV/0!,,,,#DIV/0!,,,,,,,,,,,#DIV/0!,,,,,#DIV/0!,Aidan Hunter,22,1,5,4,2,14,Psychology Health emphasis,1,2,2,3,6,5.8,1,4,
1/9/2025 15:12,1/9/2025 15:52,192.225.189.130,2415,1,1/9/2025 15:52,5,4,4,4,3,5,4,4,2,3,4,2,3,3,2,3,3,5,3,4,3.5,7,7,7,6,6.75,7,6,6,7,7,6.6,6,4,5,5,4,4.8,15,16,14,13,14,16,15,14.71428571,2,1,2,1,1,1.4,4,2,4,4,7,3,3,3.857142857,5,2,4,2,1,2,4,4,3,5,1,2,4,2,1,1,3,3,2.722222222,4,6,4,4,4,4.4,3,5,1,5,1,4,2,4,4,2,4,2.428571429,3,3,4,2,4,2,2.5,2,1,1,1.333333333,1,1,1,1,1,1,1,1,5,4,4,3,3,3,6,7,4.375,800,6,2,6,4.666666667,800,500,600,200,525,2,,,,,,,,,#DIV/0!,,,,,,,,,,,#DIV/0!,,,,,,,,#DIV/0!,,,,,,,,,,,#DIV/0!,,,,,,,,,,#DIV/0!,,,,#DIV/0!,,,,,,,,,,,#DIV/0!,,,,,#DIV/0!,Cade Young,23,1,5,5,4,14,Psychology,2,1,2,4,2,30,1,4,
1/9/2025 15:50,1/9/2025 16:15,205.185.107.19,1511,1,1/9/2025 16:15,5,3,4,3,3,4,3,4,4,3,4,4,4,3,4,3,3,3,4,3,3.55,5,5,5,5,5,4,5,5,5,5,4.8,4,4,4,4,5,4.2,17,17,17,15,14,14,14,15.42857143,1,2,1,1,1,1.2,7,1,5,5,6,3,6,4.714285714,2,2,4,1,2,1,4,4,2,4,4,1,4,1,4,1,4,2,2.611111111,6,6,5,6,1,4.8,4,4,2,4,2,4,2,3,4,2,3,2.571428571,2,2,4,2,4,2,2,1,1,1,1,2,2,2,2,2,2,2,2,6,5,1,4,5,2,8,7,4.75,370,6,1,1,2.666666667,445,21,87,11,141,2,,,,,,,,,#DIV/0!,,,,,,,,,,,#DIV/0!,,,,,,,,#DIV/0!,,,,,,,,,,,#DIV/0!,,,,,,,,,,#DIV/0!,,,,#DIV/0!,,,,,,,,,,,#DIV/0!,,,,,#DIV/0!,Zachery Daniel Barnhart,30,1,5,1,3,17,Psychology - Industrial Organizational ,2,2,2,3,8,15.5,1,4,
1/9/2025 15:09,1/9/2025 16:59,157.201.98.1,6609,1,1/9/2025 16:59,2,5,1,5,3,4,2,5,1,5,3,5,5,3,3,4,5,5,3,5,3.7,6,7,6,3,5.5,6,6,6,6,6,6,5,5,6,6,3,5,13,14,13,17,15,15,14,14.42857143,1,2,2,1,1,1.4,3,5,6,6,6,3,5,4.857142857,4,2,3,3,2,2,3,4,3,4,1,2,3,1,3,1,4,3,2.666666667,5,5,6,3,5,4.8,3,4,2,3,3,3,3,3,3,3,2,2.714285714,3,3,3,3,4,2,2.75,4,3,4,3.666666667,2,1,1,1,1,1,3,1.428571429,7,4,2,2,4,3,7,7,4.5,20,1,1,4,2,89,1,120,63,68.25,1,1,2,6,6,6,6,6,6,6,5,6,6,6,2,6,2,6,6,2,5.375,3,5,2,3,5,6,5,4.333333333,2,6,6,5,2,6,6,2,2,2,4.375,6,6,6,5,5,5,6,6,6,5.666666667,3,3,3,3,1,1,1,1,1,1,1,1,1,1,1,2,1,1,1,1.25,Emily Yates,24,2,5,4,4,11,Recreational Therapy ,1,2,2,5,7,18.1,1,4,
1/9/2025 17:02,1/9/2025 17:26,205.185.107.19,1456,1,1/9/2025 17:26,3,4,3,4,2,3,4,4,1,6,4,4,4,3,4,4,4,3,3,4,3.55,5,5,6,5,5.25,4,4,5,4,5,4.4,5,4,4,5,4,4.4,17,16,14,13,13,15,13,14.42857143,2,1,2,1,1,1.4,2,2,1,6,6,2,6,3.571428571,5,2,3,2,1,2,2,3,1,4,1,1,2,2,3,1,2,4,2.277777778,2,4,6,5,3,4,4,3,3,3,3,2,4,3,3,3,2,3.142857143,3,3,4,2,3,3,2.75,4,1,3,2.666666667,1,1,1,1,2,1,1,1.142857143,8,4,1,1,7,2,6,8,4.625,200,2,5,3,3.333333333,100,0,97,61,64.5,1,1,5,3,6,6,4,4,5,4.666666667,1,4,1,6,1,7,2,6,4,2,3.875,1,7,3,6,6,4,3,4.833333333,2,6,1,6,6,2,7,5,2,1,3.75,3,3,5,2,4,4,4,2,2,3.222222222,5,5,5,5,1,1,1,1,1,1,1,1,1,1,1,3,3,2,4,3,Carter Pierson,24,1,5,4,4,12,Health Psychology,1,2,2,3,1,15,1,4,
1/9/2025 17:22,1/9/2025 18:10,205.185.107.12,2857,1,1/9/2025 18:10,5,5,2,3,2,2,3,5,1,2,4,5,1,4,2,6,4,3,5,4,3.4,7,5,7,6,6.25,6,6,6,6,7,6.2,6,6,5,5,6,5.6,17,19,15,15,13,19,19,16.71428571,1,1,1,1,1,1,2,3,5,5,5,2,2,3.428571429,4,2,5,2,2,1,4,4,2,4,1,1,4,1,3,1,3,2,2.555555556,,,,,,#DIV/0!,3,4,2,4,2,4,2,2,4,2,1,2,3,2,4,2,4,2,2.25,3,2,3,2.666666667,1,1,3,2,1,1,2,1.571428571,8,5,4,4,7,4,8,4,5.5,120,4,1,3,2.666666667,400,0,220,14,158.5,2,,,,,,,,,#DIV/0!,,,,,,,,,,,#DIV/0!,,,,,,,,#DIV/0!,,,,,,,,,,,#DIV/0!,,,,,,,,,,#DIV/0!,,,,#DIV/0!,,,,,,,,,,,#DIV/0!,,,,,#DIV/0!,Alexander Mooy,23,1,5,4,3,12,Psych Behavioral Interventions ,2,2,2,3,5,14,1,4,
1/9/2025 19:07,1/9/2025 19:32,204.8.62.113,1501,1,1/9/2025 19:32,2,4,2,5,2,2,4,5,1,5,3,4,5,4,3,2,4,5,2,4,3.4,6,6,5,6,5.75,6,6,6,6,6,6,5,4,3,6,5,4.6,18,19,15,17,14,19,15,16.71428571,1,1,1,1,1,1,2,1,2,4,5,1,5,2.857142857,4,2,4,2,3,2,5,4,2,3,4,4,3,4,4,2,4,2,3.222222222,6,6,6,6,6,6,2,5,1,5,1,5,1,2,4,2,2,1.571428571,2,2,4,2,4,2,2,1,3,3,2.333333333,2,2,3,1,1,1,2,1.714285714,6,2,1,3,2,5,5,4,3.5,92,1,4,7,4,239,1,480,241,240.25,1,2,6,2,5,6,5,4,3,4.166666667,1,5,5,7,2,6,5,3,2,3,4,3,5,5,5,5,6,2,4.666666667,2,6,2,2,5,3,3,3,5,2,3.25,5,3,7,2,2,2,2,3,3,3.222222222,5,5,5,5,1,4,1,2,1,1,1,1,1,1,1.4,1,1,1,1,1,Jacob Beeson,22,1,5,1,2,12,I/O Psych,2,2,2,2,8,8,1,4,
1/9/2025 19:07,1/9/2025 20:01,216.21.211.253,3232,1,1/9/2025 20:01,4,5,3,4,2,4,2,4,1,3,2,5,1,3,2,4,4,5,3,6,3.35,3,7,7,6,5.75,6,6,7,6,7,6.4,5,2,5,3,7,4.4,15,19,15,14,15,13,13,14.85714286,1,3,1,1,2,1.6,6,5,3,5,7,3,3,4.571428571,3,3,5,4,2,1,2,4,4,2,1,1,4,2,4,1,2,4,2.722222222,6,6,5,3,7,5.4,3,3,3,3,3,4,2,5,3,3,5,3.428571429,4,2,3,3,4,2,2.75,2,4,2,2.666666667,3,1,3,1,1,1,3,1.857142857,6,2,1,3,5,3,8,6,4.25,354,6,1,4,3.666666667,300,11,300,102,178.25,1,1,2,6,6,6,6,6,5,5.833333333,2,6,2,6,1,7,1,7,7,2,4.875,3,5,5,3,4,5,5,4.5,3,5,3,5,2,6,6,5,5,2,4.625,6,4,6,5,5,3,5,6,5,5,4,4,4,4,1,3,1,1,1,1,1,1,1,1,1.2,4,1,1,1,1.75,Elyssia Hedges,21,2,5,4,2,12,"Food Science, Dietetics and Nutrition ",1,2,2,4,7,24.4,1,4,
1/9/2025 19:36,1/9/2025 20:03,172.56.150.58,1650,1,1/9/2025 20:03,4,2,5,3,2,2,2,4,2,4,5,4,5,2,5,4,5,4,5,3,3.6,6,6,6,3,5.25,6,6,3,5,6,5.2,5,5,2,6,5,4.6,15,14,18,14,17,14,14,15.14285714,2,1,1,3,1,1.6,4,2,3,5,5,6,3,4,5,4,3,4,3,2,2,3,4,4,3,2,3,3,4,3,2,5,3.277777778,3,5,5,3,3,3.8,4,4,2,5,1,2,4,4,2,4,3,3.142857143,5,5,2,4,3,3,4.25,3,3,3,3,3,3,5,4,3,4,4,3.714285714,3,5,1,2,2,6,6,4,3.625,37,4,3,4,3.666666667,145,28,40,160,93.25,2,,,,,,,,,#DIV/0!,,,,,,,,,,,#DIV/0!,,,,,,,,#DIV/0!,,,,,,,,,,,#DIV/0!,,,,,,,,,,#DIV/0!,,,,#DIV/0!,,,,,,,,,,,#DIV/0!,,,,,#DIV/0!,Halle Peck,23,2,5,3,3,16,Therapeutic recreation emphasis in at risk youth and corrections,1,2,2,3,5,9,1,4,
1/9/2025 21:36,1/9/2025 22:14,38.43.24.11,2285,1,1/9/2025 22:14,4,4,4,4,3,3,2,3,2,2,4,4,4,3,4,3,4,4,3,3,3.35,4,6,5,5,5,5,4,5,5,5,4.8,3,4,4,5,4,4,14,14,14,14,14,14,15,14.14285714,1,2,1,1,2,1.4,5,3,3,6,5,3,5,4.285714286,5,2,3,3,2,2,4,3,1,4,2,1,3,1,4,2,3,4,2.722222222,6,6,5,5,3,5,3,3,3,3,3,4,2,3,3,3,4,3,4,4,3,3,3,3,3.5,1,3,2,2,3,3,3,3,3,3,3,3,4,4,3,2,3,3,6,7,4,207,1,1,6,2.666666667,297,4,103,291,173.75,2,,,,,,,,,#DIV/0!,,,,,,,,,,,#DIV/0!,,,,,,,,#DIV/0!,,,,,,,,,,,#DIV/0!,,,,,,,,,,#DIV/0!,,,,#DIV/0!,,,,,,,,,,,#DIV/0!,,,,,#DIV/0!,Emma Telford,22,2,5,1,4,14,"Psychology, psychology emphasis",3,2,2,2,8,8.9,1,4,
1/9/2025 19:00,1/9/2025 22:37,205.185.107.16,13044,1,1/9/2025 22:37,4,4,3,4,3,3,4,3,1,3,4,3,3,3,3,5,4,3,2,4,3.3,7,7,7,6,6.75,6,6,6,7,7,6.4,6,5,5,5,4,5,14,17,13,14,13,17,17,15,1,3,1,1,3,1.8,1,1,2,2,6,2,2,2.285714286,3,3,3,3,2,2,4,3,2,4,2,2,4,2,4,1,3,2,2.722222222,5,7,7,7,5,6.2,2,4,2,4,2,4,2,2,3,3,1,2,3,2,3,3,4,2,2.5,2,3,2,2.333333333,2,1,2,3,2,1,3,2,5,5,2,4,4,3,7,4,4.25,76,6,2,3,3.666666667,296,24,34,108,115.5,1,1,4,4,6,6,6,6,6,5.666666667,2,6,2,6,4,4,4,4,4,3,3.875,3,5,2,2,2,2,2,2.5,6,2,4,4,4,4,5,4,3,1,3.375,6,6,6,6,6,5,5,5,5,5.555555556,3,3,3,3,1,2,1,1,1,1,1,1,1,1,1.1,2,1,1,1,1.25,Samantha Price,23,2,5,4,3,9,Health Psychology,1,2,2,4,6,12,1,4,
1/9/2025 23:33,1/10/2025 0:06,205.185.110.148,2028,1,1/10/2025 0:06,6,2,1,4,2,5,2,3,1,4,6,2,4,4,3,6,2,4,2,3,3.3,7,6,7,2,5.5,7,6,6,7,7,6.6,6,6,6,5,2,5,13,13,14,13,17,16,14,14.28571429,1,2,2,1,1,1.4,1,1,1,2,2,6,1,2,5,2,4,3,2,1,3,3,2,4,1,1,5,2,4,2,4,3,2.833333333,5,6,7,6,2,5.2,1,4,2,5,1,3,3,2,4,2,1,1.714285714,3,2,4,2,4,2,2.25,5,3,2,3.333333333,3,2,4,3,1,2,3,2.571428571,7,6,4,3,6,4,4,6,5,88,5,4,4,4.333333333,180,0,122,90,98,1,1,6,2,1,6,2,3,1,2.5,1,2,1,1,7,1,7,1,1,7,1.875,3,5,2,5,1,2,1,2.666666667,1,7,1,6,1,7,7,7,7,5,5.875,1,1,7,2,5,1,6,6,2,3.444444444,4,2,2,2.666666667,1,2,4,1,1,1,1,1,2,1,1.5,4,3,1,3,2.75,PARKER STILSON,23,1,5,4,2,14,Industrial/Organizational Psychology,2,2,2,3,7,22.5,1,4,
1/9/2025 23:47,1/10/2025 0:14,205.185.107.16,1642,1,1/10/2025 0:14,2,5,5,3,1,4,4,5,1,3,4,6,3,6,2,5,5,4,2,5,3.75,5,7,7,5,6,4,5,4,4,6,4.6,3,6,4,4,6,4.6,18,13,13,13,13,14,14,14,1,1,2,1,2,1.4,7,6,4,7,7,7,7,6.428571429,3,4,5,4,3,1,4,4,4,5,1,2,4,1,2,1,5,4,3.166666667,4,4,6,2,2,3.6,3,4,2,3,3,1,5,5,3,3,3,3.428571429,4,4,3,3,3,3,3.5,5,2,3,3.333333333,1,1,1,2,1,1,1,1.142857143,2,2,2,2,1,1,4,5,2.375,414,7,1,5,4.333333333,503,0,201,83,196.75,2,,,,,,,,,#DIV/0!,,,,,,,,,,,#DIV/0!,,,,,,,,#DIV/0!,,,,,,,,,,,#DIV/0!,,,,,,,,,,#DIV/0!,,,,#DIV/0!,,,,,,,,,,,#DIV/0!,,,,,#DIV/0!,Alejandra Fletes,24,2,6,4,4,16,"Psychology, psychology emphasis",1,2,2,1,5,10,1,4,
1/10/2025 0:00,1/10/2025 0:28,205.185.98.78,1664,1,1/10/2025 0:28,2,4,2,4,4,3,4,4,2,4,3,5,1,3,2,4,6,5,1,4,3.35,6,6,7,7,6.5,6,7,7,7,7,6.8,5,6,6,7,6,6,18,18,18,13,15,13,13,15.42857143,2,4,2,2,2,2.4,3,5,2,3,5,5,2,3.571428571,4,3,4,3,4,2,4,4,3,4,3,4,5,2,4,1,3,4,3.388888889,7,6,6,6,5,6,4,2,4,2,4,3,3,4,3,3,4,3.714285714,4,4,2,4,3,3,3.75,4,3,3,3.333333333,4,4,4,4,4,4,3,3.857142857,5,4,3,5,4,4,8,6,4.875,120,3,3,3,3,155,234,235,1,156.25,1,1,3,5,6,5,4,4,5,4.833333333,3,5,4,4,4,4,4,4,4,4,4,4,4,5,5,5,6,5,5,5,3,3,2,5,3,3,2,3,3,2.75,6,5,6,5,6,5,6,6,5,5.555555556,4,4,4,4,1,1,1,1,1,1,1,1,1,1,1,2,1,1,1,1.25,Lexi Soelberg,21,2,5,4,2,15,Health Psychology,1,2,2,3,2,20,1,4,
1/10/2025 9:15,1/10/2025 9:42,157.201.96.100,1596,1,1/10/2025 9:42,4,3,3,4,2,2,5,3,1,4,2,5,3,5,4,5,5,3,2,4,3.45,3,5,5,5,4.5,3,5,4,4,5,4.2,5,4,5,5,6,5,14,14,14,14,14,14,14,14,3,2,3,1,3,2.4,5,4,3,6,6,6,2,4.571428571,4,2,4,4,3,3,3,3,1,3,1,3,3,3,4,2,3,3,2.888888889,3,5,5,3,3,3.8,3,3,3,3,3,4,2,3,3,3,3,2.857142857,4,3,3,3,3,3,3.25,3,3,3,3,3,2,2,2,1,1,1,1.714285714,6,5,1,1,2,4,6,4,3.625,0,4,6,4,4.666666667,244,0,127,94,116.25,1,1,2,6,5,6,5,5,6,5.5,2,6,6,6,2,6,2,6,6,2,5,3,5,2,2,6,2,6,3.833333333,2,6,3,3,2,6,2,2,2,2,3.25,6,6,6,5,6,3,6,6,6,5.555555556,3,3,3,3,1,2,1,2,1,1,1,1,1,1,1.2,1,1,1,1,1,Tristan Allen,22,1,5,4,3,15,"Psychology, Industrial Organizational Psychology",2,2,2,3,6,12,1,4,
1/10/2025 9:34,1/10/2025 9:52,38.43.16.85,1045,1,1/10/2025 9:52,3,3,2,3,3,2,4,2,1,4,2,3,2,3,2,3,5,4,2,5,2.9,5,6,6,5,5.5,5,6,6,6,6,5.8,5,3,2,4,4,3.6,14,14,14,17,17,14,14,14.85714286,2,2,4,1,1,2,2,2,2,6,6,5,3,3.714285714,4,2,1,4,1,3,2,2,3,5,1,3,5,3,5,1,3,4,2.888888889,5,6,5,5,2,4.6,4,3,3,3,3,3,3,3,4,2,3,3,4,4,4,2,4,2,3,4,4,4,4,2,2,3,2,2,2,3,2.285714286,3,3,1,2,3,4,8,1,3.125,105,4,5,4,4.333333333,191,0,160,304,163.75,2,,,,,,,,,#DIV/0!,,,,,,,,,,,#DIV/0!,,,,,,,,#DIV/0!,,,,,,,,,,,#DIV/0!,,,,,,,,,,#DIV/0!,,,,#DIV/0!,,,,,,,,,,,#DIV/0!,,,,,#DIV/0!,Michelle Lyons,23,2,5,1,4,12,Psychology,2,1,2,6,2,15,1,4,
1/10/2025 10:20,1/10/2025 10:54,157.201.96.100,2023,1,1/10/2025 10:54,4,5,3,3,2,2,4,6,2,3,5,3,5,3,4,5,5,3,5,2,3.7,6,6,6,6,6,6,7,6,7,7,6.6,6,5,5,5,5,5.2,17,18,16,14,16,16,15,16,1,2,1,1,2,1.4,5,5,4,3,5,3,4,4.142857143,4,3,5,3,2,2,5,5,3,4,2,2,4,2,5,2,5,3,3.388888889,7,7,6,7,6,6.6,3,4,2,4,2,4,2,2,4,2,2,2.142857143,3,3,4,2,4,2,2.5,2,3,3,2.666666667,3,2,3,3,2,3,3,2.714285714,3,1,1,1,2,2,8,5,2.875,444,7,1,7,5,330,176,234,285,256.25,1,1,2,6,6,6,6,6,6,6,3,5,2,6,2,6,4,4,4,2,4,5,3,5,5,4,5,5,4.5,3,5,5,5,5,3,5,5,5,4,4.625,6,6,6,5,5,5,6,6,5,5.555555556,4,4,4,4,1,2,1,1,1,1,1,1,1,1,1.1,1,1,2,1,1.25,Faith Pennington,22,2,5,1,4,16,Therapeutic Recreation with an emphasis in Mental Health and Youth Corrections ,1,2,2,2,5,14,1,4,
1/10/2025 11:36,1/10/2025 11:53,157.201.98.1,1000,1,1/10/2025 11:53,5,5,6,4,4,5,3,5,1,2,6,5,5,4,5,6,5,4,3,2,4.25,6,7,6,5,6,5,5,5,6,6,5.4,5,6,6,5,7,5.8,18,18,13,14,16,17,16,16,1,1,1,1,1,1,4,4,5,4,7,7,6,5.285714286,4,1,3,2,3,2,4,5,1,4,1,1,5,1,5,1,5,3,2.833333333,6,6,6,7,7,6.4,3,3,3,3,3,3,3,3,3,3,3,3,3,3,5,1,5,1,2,2,2,1,1.666666667,1,2,1,1,3,3,2,1.857142857,6,6,6,5,6,6,8,6,6.125,295,6,4,6,5.333333333,202,200,500,0,225.5,1,1,3,5,5,5,4,5,4,4.666666667,4,4,4,4,4,4,4,4,4,4,4,4,4,4,4,4,4,4,4,4,4,4,4,4,4,4,4,4,4,4,4,4,4,4,4,4,4,4,4,4,5,5,4,4.666666667,1,1,1,1,1,2,2,4,4,4,2.1,2,2,2,2,2,Jacob Corwin Sargent,21,1,5,3,3,21,Sociology & Psychology with A emphasis in counter terrorism,2,2,2,6,6,12,1,4,
1/10/2025 11:43,1/10/2025 12:03,157.201.98.1,1255,1,1/10/2025 12:03,2,5,5,4,1,2,2,6,5,4,5,2,6,4,5,6,6,4,5,2,4.05,2,2,6,2,3,2,2,6,1,1,2.4,1,1,1,1,1,1,19,19,14,17,14,17,14,16.28571429,3,3,4,1,3,2.8,1,6,2,5,1,2,1,2.571428571,5,4,3,4,1,5,2,2,4,3,1,3,1,4,1,4,2,5,3,1,1,2,1,1,1.2,5,3,3,1,5,1,5,3,1,5,5,4.428571429,5,5,2,4,1,5,4.75,5,2,5,4,1,1,2,1,2,1,5,1.857142857,7,1,1,6,2,1,6,1,3.125,391,5,5,1,3.666666667,388,0,120,0,127,2,,,,,,,,,#DIV/0!,,,,,,,,,,,#DIV/0!,,,,,,,,#DIV/0!,,,,,,,,,,,#DIV/0!,,,,,,,,,,#DIV/0!,,,,#DIV/0!,,,,,,,,,,,#DIV/0!,,,,,#DIV/0!,Sam Johnston,26,1,5,4,3,15,"Communications, Public Relations",1,2,2,4,5,12.1,1,5,
1/10/2025 11:34,1/10/2025 12:11,157.201.96.100,2207,1,1/10/2025 12:11,2,3,4,3,2,4,5,4,1,3,3,4,5,2,5,1,6,4,2,3,3.3,6,4,5,6,5.25,4,6,6,5,6,5.4,6,3,6,4,6,5,15,14,14,13,16,17,13,14.57142857,2,2,1,1,2,1.6,1,1,2,5,5,1,3,2.571428571,2,3,4,3,1,3,5,3,3,3,2,2,4,4,4,1,4,4,3.055555556,2,3,3,2,6,3.2,5,4,2,4,2,3,3,2,3,3,1,2.571428571,4,4,4,2,4,2,3,3,1,2,2,3,1,3,2,2,3,2,2.285714286,5,4,2,2,5,1,6,5,3.75,120,4,1,3,2.666666667,180,0,225,0,101.25,1,1,7,1,3,5,1,4,2,2.666666667,1,1,1,4,7,1,7,1,1,7,2.125,7,1,1,1,1,1,1,1,2,6,7,6,7,1,7,6,7,7,5.875,4,1,1,1,1,1,1,1,1,1.333333333,5,5,5,5,1,1,1,1,1,1,1,1,1,1,1,3,2,1,1,1.75,Makenna Atwood,20,2,5,3,3,15,Interdisciplinary Studies,1,2,2,5,2,18.2,1,4,
1/8/2025 19:10,1/10/2025 12:12,157.201.96.100,147700,1,1/10/2025 12:12,4,2,5,2,1,5,4,5,1,1,6,1,3,3,5,5,5,5,2,2,3.35,5,7,7,4,5.75,6,7,6,7,7,6.6,5,6,4,4,6,5,14,13,13,13,13,17,13,13.71428571,2,1,2,2,1,1.6,2,2,1,6,6,1,5,3.285714286,4,2,4,3,3,3,4,3,3,4,3,3,4,3,4,2,4,5,3.388888889,5,5,5,5,5,5,3,3,3,3,3,3,3,3,3,3,3,3,3,3,3,3,3,3,3,3,3,3,3,3,3,3,3,3,3,3,3,3,3,3,3,3,4,8,7,4.25,534,2,2,2,2,249,24,262,158,173.25,1,1,4,4,4,4,4,4,4,4,4,4,4,4,4,4,4,4,4,4,4,4,4,4,4,4,4,4,4,4,4,4,4,4,4,4,4,4,4,4,4,4,4,4,4,4,4,4,4,4,3,3,3,3,1,1,1,1,1,1,1,1,1,1,1,3,3,3,3,3,Mariah King,22,2,5,1,3,12,Psychology,1,2,2,3,2,12.1,1,4,
1/10/2025 11:00,1/10/2025 12:19,157.201.98.1,4727,1,1/10/2025 12:19,3,5,3,6,5,2,4,5,2,3,4,3,6,4,4,4,6,4,5,4,4.1,,6,7,5,6,5,6,4,4,5,4.8,4,3,4,5,7,4.6,18,13,15,15,14,13,13,14.42857143,1,1,3,3,2,2,7,5,6,7,7,1,5,5.428571429,4,2,2,4,2,1,5,5,4,5,1,1,4,2,4,1,5,5,3.166666667,5,5,7,5,5,5.4,4,4,2,5,1,3,3,3,4,2,3,2.571428571,5,4,4,2,3,3,3.5,4,4,4,4,3,1,3,3,1,1,2,2,1,1,1,3,1,1,6,1,1.875,193,8,1,5,4.666666667,707,1,192,261,290.25,1,1,2,6,6,7,6,6,7,6.333333333,3,7,4,3,7,1,2,6,6,4,4.25,6,2,4,7,7,7,7,5.666666667,1,7,1,1,2,6,5,1,1,1,2.875,3,7,7,6,6,6,6,6,6,5.888888889,4,4,4,4,1,1,1,1,1,1,1,1,1,1,1,2,2,1,3,2,Glenda Dickie-Malidadi,23,2,4,4,2,9,Psychology,1,2,2,6,2,4.3,1,4,
1/10/2025 11:53,1/10/2025 12:26,157.201.98.1,1988,1,1/10/2025 12:26,4,4,5,5,2,3,2,4,2,4,6,6,4,3,1,3,2,5,3,5,3.65,4,7,7,7,6.25,7,7,7,7,7,7,6,4,7,5,6,5.6,16,15,13,13,18,14,13,14.57142857,1,1,1,2,1,1.2,5,6,7,2,7,1,3,4.428571429,1,2,4,2,3,4,5,5,3,5,1,3,3,1,5,1,4,4,3.111111111,6,6,6,7,6,6.2,4,4,2,5,1,4,2,4,3,3,3,2.714285714,4,3,4,2,5,1,2.5,1,1,3,1.666666667,2,1,3,3,3,1,3,2.285714286,2,4,2,3,1,4,6,2,3,475,3,4,6,4.333333333,826,0,507,382,428.75,1,1,4,4,4,6,6,6,4,5,4,4,4,4,4,4,4,4,4,4,4,2,6,6,7,6,7,4,6,1,7,2,6,1,7,7,7,6,6,6,6,4,4,5,6,4,7,7,7,5.555555556,5,5,5,5,1,1,1,1,1,1,1,1,1,1,1,3,3,1,3,2.5,Nala Zamara Galindo Avalos,22,2,6,3,3,12,Psychology (General Psychology working to switch to health psychology),1,2,2,1,1,9.1,1,4,
1/10/2025 11:56,1/10/2025 12:42,157.201.98.1,2715,1,1/10/2025 12:42,4,3,3,6,3,1,5,2,1,5,2,5,1,6,2,6,4,2,4,2,3.35,7,7,4,4,5.5,7,7,6,5,7,6.4,7,7,7,7,7,7,14,14,14,14,17,13,16,14.57142857,1,2,1,2,1,1.4,1,7,3,6,7,7,6,5.285714286,4,2,3,3,5,3,3,4,2,5,3,3,4,2,4,2,4,3,3.277777778,5,5,5,7,3,5,2,4,2,2,4,4,2,3,2,4,4,3,4,3,5,1,3,3,2.75,3,3,3,3,2,3,1,1,1,2,2,1.714285714,2,4,1,1,3,4,7,4,3.25,52,2,1,2,1.666666667,159,7,166,125,114.25,2,,,,,,,,,#DIV/0!,,,,,,,,,,,#DIV/0!,,,,,,,,#DIV/0!,,,,,,,,,,,#DIV/0!,,,,,,,,,,#DIV/0!,,,,#DIV/0!,,,,,,,,,,,#DIV/0!,,,,,#DIV/0!,Alden Apedaile,25,1,5,1,4,6,Recreational Therapy ,1,2,2,4,8,16,1,4,
1/10/2025 12:06,1/10/2025 12:46,192.225.189.130,2360,1,1/10/2025 12:46,5,4,3,4,3,3,2,5,1,3,4,4,4,3,4,4,5,3,4,4,3.6,5,6,6,7,6,6,6,6,5,6,5.8,5,6,6,6,6,5.8,15,13,13,13,13,14,13,13.42857143,1,1,1,1,1,1,1,2,1,2,4,2,3,2.142857143,5,4,4,4,2,3,2,2,4,3,2,1,4,1,4,1,4,5,3.055555556,4,5,4,2,2,3.4,4,4,2,4,2,3,3,3,3,3,3,2.857142857,5,5,4,2,4,2,3.5,2,4,4,3.333333333,4,4,4,4,4,4,4,4,4,2,2,2,2,6,6,1,3.125,60,4,1,6,3.666666667,129,0,49,253,107.75,2,,,,,,,,,#DIV/0!,,,,,,,,,,,#DIV/0!,,,,,,,,#DIV/0!,,,,,,,,,,,#DIV/0!,,,,,,,,,,#DIV/0!,,,,#DIV/0!,,,,,,,,,,,#DIV/0!,,,,,#DIV/0!,Keeley Brown,20,2,5,3,3,13,Psychology ,1,2,2,2,2,12,1,5,
1/10/2025 12:45,1/10/2025 13:08,157.201.98.1,1337,1,1/10/2025 13:08,4,4,3,4,2,2,2,5,2,6,5,4,5,3,4,6,5,2,5,2,3.75,7,6,4,5,5.5,3,5,5,6,6,5,4,4,6,7,6,5.4,19,18,17,13,13,13,14,15.28571429,2,1,3,1,2,1.8,4,3,4,5,3,2,1,3.142857143,2,1,1,2,1,2,3,1,1,2,1,1,2,1,1,1,4,1,1.555555556,6,5,4,5,2,4.4,2,4,2,3,3,3,3,2,3,3,2,2.428571429,1,1,2,4,3,3,2.25,5,3,2,3.333333333,1,1,2,1,1,1,3,1.428571429,3,1,1,1,1,1,5,1,1.75,400,5,1,1,2.333333333,606,0,7,31,161,2,,,,,,,,,#DIV/0!,,,,,,,,,,,#DIV/0!,,,,,,,,#DIV/0!,,,,,,,,,,,#DIV/0!,,,,,,,,,,#DIV/0!,,,,#DIV/0!,,,,,,,,,,,#DIV/0!,,,,,#DIV/0!,Justin letham ,23,1,5,4,2,13,Exercise physiology ,1,2,2,4,1,12,1,4,
1/10/2025 13:06,1/10/2025 13:27,157.201.98.1,1295,1,1/10/2025 13:27,3,3,5,4,1,2,5,3,4,3,4,2,6,3,5,4,2,3,4,2,3.4,2,5,5,2,3.5,4,2,4,1,5,3.2,6,1,4,3,7,4.2,15,19,17,18,19,16,16,17.14285714,3,2,4,2,3,2.8,2,5,1,7,2,1,1,2.714285714,4,2,3,4,1,4,2,2,1,3,4,4,2,3,4,1,2,5,2.833333333,2,2,7,4,1,3.2,3,3,3,4,2,4,2,3,3,3,3,2.714285714,5,4,3,3,2,4,4,4,3,5,4,2,1,2,2,1,2,3,1.857142857,5,2,1,1,2,3,8,3,3.125,0,5,1,5,3.666666667,131,0,61,162,88.5,2,,,,,,,,,#DIV/0!,,,,,,,,,,,#DIV/0!,,,,,,,,#DIV/0!,,,,,,,,,,,#DIV/0!,,,,,,,,,,#DIV/0!,,,,#DIV/0!,,,,,,,,,,,#DIV/0!,,,,,#DIV/0!,Briana Bradford,24,2,5,4,1,12,Undecided,2,2,2,2,2,14,1,4,
1/10/2025 11:32,1/10/2025 13:35,157.201.96.100,7361,1,1/10/2025 13:35,3,2,2,4,2,3,4,5,1,4,4,2,3,3,3,2,3,4,4,3,3.05,5,7,6,7,6.25,6,6,6,6,6,6,3,2,5,5,4,3.8,19,18,17,17,18,15,18,17.42857143,2,3,1,1,1,1.6,2,1,5,5,5,5,5,4,3,1,4,3,2,3,4,4,1,3,2,4,3,4,5,1,4,4,3.055555556,6,6,6,6,6,6,3,2,4,3,3,4,2,4,4,2,2,2.857142857,3,3,4,2,4,2,2.5,1,3,2,2,2,2,2,2,2,2,3,2.142857143,6,6,3,3,3,3,8,2,4.25,0,3,4,5,4,300,0,121,180,150.25,1,1,2,6,6,6,5,6,5,5.666666667,2,4,3,6,2,6,5,3,4,4,4,3,5,3,5,5,3,1,3.666666667,2,6,2,6,2,6,6,6,6,6,5.5,6,5,6,4,4,3,5,5,4,4.666666667,4,4,4,4,1,1,1,1,1,1,1,1,1,1,1,1,1,1,1,1,Marcus Layosa,24,1,3,2,4,12,Psychology,2,2,2,4,5,8,1,4,
1/10/2025 13:11,1/10/2025 13:36,38.43.25.77,1454,1,1/10/2025 13:36,2,4,2,5,3,2,2,2,2,4,3,3,3,5,3,2,4,4,3,5,3.15,6,6,6,6,6,6,6,6,6,6,6,5,5,3,6,3,4.4,14,15,14,14,14,13,13,13.85714286,1,1,1,1,1,1,5,2,2,5,6,1,3,3.428571429,4,1,4,3,3,2,5,4,1,4,1,1,4,1,4,1,4,3,2.777777778,6,6,6,6,6,6,2,4,2,4,2,4,2,2,4,2,1,1.857142857,3,3,4,2,4,2,2.5,1,1,1,1,1,1,1,1,1,1,1,1,3,4,1,3,3,4,8,1,3.375,145,4,1,2,2.333333333,121,180,180,15,124,1,1,5,3,5,6,5,4,5,4.666666667,2,2,2,6,5,3,5,3,3,5,3.25,6,2,6,5,5,4,2,4,6,2,2,2,6,2,5,5,5,3,3.25,5,5,5,3,3,3,5,3,3,3.888888889,4,4,4,4,1,2,1,1,1,1,1,1,1,1,1.1,2,1,1,1,1.25,Emily Terribilini,22,2,5,1,3,16,Health Psychology,1,2,2,5,7,20,1,4,
1/10/2025 13:17,1/10/2025 14:28,205.185.110.148,4227,1,1/10/2025 14:28,5,4,,,,,,,,,5,3,3,3,3,4,5,4,5,5,4.083333333,4,6,6,4,5,4,6,4,6,4,4.8,6,2,2,3,6,3.8,14,18,13,13,16,16,17,15.28571429,1,1,2,2,3,1.8,4,2,4,5,7,2,5,4.142857143,3,2,4,4,3,3,4,4,1,5,3,3,4,2,4,3,2,4,3.222222222,5,7,6,6,6,6,2,4,2,3,3,4,2,2,3,3,2,2.285714286,3,3,4,2,4,2,2.5,3,2,1,2,1,1,1,1,1,1,3,1.285714286,7,1,4,2,4,4,8,6,4.5,197,6,7,6,6.333333333,508,0,228,227,240.75,1,1,5,3,5,6,2,4,7,4.5,6,7,1,6,5,3,5,3,5,4,4.375,6,2,2,1,4,4,4,2.833333333,6,2,1,6,1,7,4,4,6,4,4.25,2,2,6,2,4,1,3,3,3,2.888888889,4,4,4,4,1,2,1,1,2,1,1,1,1,1,1.2,3,1,1,1,1.5,William Riggles,23,1,5,3,1,11,Pychology,1,2,2,2,7,12.1,1,4,
1/10/2025 14:34,1/10/2025 14:56,157.201.96.100,1312,1,1/10/2025 14:56,5,4,4,3,1,5,3,4,2,5,5,5,6,2,3,5,3,3,5,4,3.85,4,4,5,4,4.25,4,5,5,4,5,4.6,3,1,3,5,4,3.2,19,16,14,13,13,16,13,14.85714286,3,3,2,1,3,2.4,4,1,1,4,4,2,1,2.428571429,2,3,4,4,3,2,5,3,2,3,3,2,2,1,5,2,4,4,3,3,2,4,5,4,3.6,5,3,3,3,3,2,4,3,3,3,4,3.571428571,4,2,5,1,3,3,2.5,4,4,4,4,2,3,2,1,1,1,1,1.571428571,6,5,2,3,3,5,6,1,3.875,203,3,1,2,2,238,0,331,0,142.25,2,,,,,,,,,#DIV/0!,,,,,,,,,,,#DIV/0!,,,,,,,,#DIV/0!,,,,,,,,,,,#DIV/0!,,,,,,,,,,#DIV/0!,,,,#DIV/0!,,,,,,,,,,,#DIV/0!,,,,,#DIV/0!,Emma Pastorik,19,2,5,3,3,13,Psychology,1,2,2,4,2,13.1,1,4,
1/10/2025 14:44,1/10/2025 15:13,65.181.53.74,1730,1,1/10/2025 15:13,3,3,3,2,4,3,4,4,1,3,4,4,3,4,4,4,4,4,3,4,3.4,6,6,6,6,6,3,5,5,5,5,4.6,4,4,4,5,5,4.4,17,18,14,13,13,16,14,15,1,2,2,1,1,1.4,1,2,6,4,5,3,3,3.428571429,4,1,2,2,1,1,4,3,1,2,1,1,2,1,3,1,3,2,1.944444444,4,5,3,3,2,3.4,3,4,2,5,1,4,2,2,3,3,1,2,3,2,4,2,4,2,2.25,4,2,2,2.666666667,2,1,2,1,1,1,2,1.428571429,3,2,3,4,4,3,6,6,3.875,232,6,2,4,4,186,3,146,60,98.75,1,1,6,2,5,5,4,3,2,3.5,1,1,3,3,4,4,5,3,4,4,2.875,3,5,2,3,4,4,3,3.5,5,3,4,3,2,6,6,6,7,5,5,3,3,5,2,2,2,3,5,5,3.333333333,5,5,5,5,2,3,1,1,2,1,1,1,1,1,1.4,2,3,2,2,2.25,Grace Pelton,21,2,5,4,4,12,Psychology,3,2,2,4,7,20,1,4,
1/10/2025 15:12,1/10/2025 15:28,192.225.189.130,970,1,1/10/2025 15:28,4,3,4,4,3,2,2,4,2,3,4,4,2,3,4,4,4,3,4,3,3.3,2,2,2,2,2,2,2,2,2,2,2,2,1,2,2,2,1.8,18,18,18,16,16,19,19,17.71428571,4,4,4,1,4,3.4,6,7,4,7,7,7,7,6.428571429,2,3,3,5,1,2,2,2,4,1,1,5,1,5,2,1,2,3,2.5,2,2,2,6,4,3.2,4,2,4,2,4,2,4,3,2,4,2,3.571428571,4,4,3,3,3,3,3.5,5,4,4,4.333333333,2,2,2,2,2,2,3,2.142857143,5,4,1,2,5,1,8,1,3.375,86,7,1,7,5,200,0,44,121,91.25,1,1,6,2,5,5,4,3,3,3.666666667,1,1,1,4,6,2,6,2,1,6,2.25,6,2,2,5,3,3,2,2.833333333,2,6,2,6,2,6,6,6,6,2,5,3,2,5,2,2,1,2,2,2,2.333333333,5,5,5,5,1,4,1,1,1,1,1,1,1,1,1.3,4,1,1,1,1.75,Truman Rogers,25,1,5,4,4,12,"Psychology, no emphasis",1,2,2,4,2,3.9,1,4,
1/10/2025 15:22,1/10/2025 15:53,217.147.184.10,1830,1,1/10/2025 15:53,2,5,2,5,3,2,4,2,1,2,4,6,1,5,2,3,5,5,1,5,3.25,3,6,5,6,5,5,4,6,4,5,4.8,6,3,3,4,5,4.2,15,18,15,16,15,16,14,15.57142857,1,1,3,2,2,1.8,2,3,3,5,7,5,5,4.285714286,4,3,2,3,1,2,3,4,4,5,2,1,4,1,3,1,3,4,2.777777778,4,4,5,6,6,5,2,3,3,3,3,3,3,3,4,2,1,2.428571429,4,3,3,3,4,2,3,4,3,3,3.333333333,2,1,1,2,2,2,2,1.714285714,4,5,2,1,4,2,8,5,3.875,66,2,1,3,2,62,1,121,45,57.25,2,,,,,,,,,#DIV/0!,,,,,,,,,,,#DIV/0!,,,,,,,,#DIV/0!,,,,,,,,,,,#DIV/0!,,,,,,,,,,#DIV/0!,,,,#DIV/0!,,,,,,,,,,,#DIV/0!,,,,,#DIV/0!,Eliza Stanley,20,2,5,4,2,14,Therapeutic recreation ,1,2,2,4,7,10.4,1,4,
1/10/2025 15:24,1/10/2025 15:56,157.201.98.1,1911,1,1/10/2025 15:56,2,4,3,5,2,3,2,4,1,4,2,4,4,4,4,5,5,5,3,5,3.55,7,7,7,6,6.75,7,7,6,7,7,6.8,6,6,6,6,6,6,17,14,13,14,18,15,14,15,1,1,1,2,2,1.4,2,2,2,4,6,2,1,2.714285714,4,3,4,2,2,2,5,4,2,4,2,3,4,3,5,1,4,2,3.111111111,6,6,7,7,6,6.4,3,4,2,4,2,4,2,2,4,2,3,2.285714286,2,2,5,1,4,2,1.75,2,1,1,1.333333333,2,1,1,1,1,1,2,1.285714286,5,6,1,2,3,4,8,4,4.125,43,4,2,3,3,101,0,45,121,66.75,2,,,,,,,,,#DIV/0!,,,,,,,,,,,#DIV/0!,,,,,,,,#DIV/0!,,,,,,,,,,,#DIV/0!,,,,,,,,,,#DIV/0!,,,,#DIV/0!,,,,,,,,,,,#DIV/0!,,,,,#DIV/0!,Hunter Reilley,22,1,5,4,3,15,Industrial Organizational Psychology,2,2,2,4,9,15,1,4,
1/10/2025 14:48,1/10/2025 15:57,205.185.98.65,4159,1,1/10/2025 15:57,3,5,5,3,2,3,4,4,2,4,3,4,3,3,2,2,4,4,5,3,3.4,3,5,4,3,3.75,3,4,5,3,6,4.2,5,3,3,3,5,3.8,14,15,14,14,14,14,14,14.14285714,3,1,2,2,1,1.8,6,6,5,5,6,2,5,5,4,2,4,3,1,2,3,3,3,3,1,2,2,3,4,1,3,5,2.722222222,3,2,3,5,2,3,3,3,3,3,3,3,3,4,3,3,3,3.142857143,4,4,2,4,3,3,3.75,4,2,1,2.333333333,1,2,2,1,1,1,1,1.285714286,3,2,2,3,1,1,8,1,2.625,560,5,2,3,3.333333333,486,12,512,60,267.5,1,1,2,6,6,6,6,5,5,5.666666667,2,3,6,5,2,6,2,6,5,2,4.375,3,5,6,6,6,6,6,5.833333333,6,2,6,7,2,6,7,6,7,6,5.875,6,6,6,6,6,5,6,5,5,5.666666667,3,4,3,3.333333333,1,1,1,1,1,1,1,2,1,2,1.2,2,1,1,1,1.25,Kirsten Snell,32,2,5,4,4,12,General Psychology,1,1,2,3,2,30,1,4,
1/10/2025 15:32,1/10/2025 16:05,67.60.148.34,2009,1,1/10/2025 16:05,4,2,2,3,2,5,2,5,1,2,5,4,5,4,5,4,2,3,5,2,3.35,7,7,7,7,7,6,7,7,7,7,6.8,3,1,2,7,4,3.4,14,13,14,13,15,15,16,14.28571429,4,3,2,3,4,3.2,2,1,1,6,4,3,3,2.857142857,3,2,3,4,2,2,2,2,2,4,1,2,2,1,4,1,2,3,2.333333333,1,2,7,1,5,3.2,3,3,3,3,3,3,3,3,4,2,3,2.857142857,3,3,2,4,2,4,3.5,4,5,4,4.333333333,3,4,5,2,1,2,3,2.857142857,3,2,1,2,2,2,8,1,2.625,61,3,2,6,3.666666667,62,0,401,187,162.5,1,1,6,2,3,3,1,2,2,2.166666667,2,3,2,6,5,3,2,6,3,3,3.5,2,6,3,5,2,7,5,4.666666667,7,1,6,7,1,7,6,2,1,1,3.875,3,2,5,2,2,1,1,2,6,2.666666667,5,5,5,5,1,1,2,1,1,1,1,1,1,1,1.1,2,1,1,1,1.25,Anabelle Tennis,23,2,5,1,4,13,Psychology (general),2,2,2,3,8,24.4,1,4,
1/10/2025 16:10,1/10/2025 16:34,205.185.98.18,1419,1,1/10/2025 16:34,3,3,4,4,3,6,1,5,1,4,3,4,2,2,3,4,6,3,3,3,3.35,1,1,1,1,1,1,1,1,1,1,1,1,1,1,1,1,1,13,14,13,16,13,19,13,14.42857143,2,1,1,1,2,1.4,6,4,5,7,7,6,7,6,1,3,1,3,3,4,3,4,3,5,2,4,4,4,5,1,5,3,3.222222222,4,5,6,7,4,5.2,2,3,3,1,5,4,2,4,3,3,3,3.142857143,3,3,4,2,4,2,2.5,1,1,1,1,1,3,1,1,1,1,1,1.285714286,4,4,1,2,2,4,8,1,3.25,262,6,1,6,4.333333333,242,0,114,302,164.5,2,,,,,,,,,#DIV/0!,,,,,,,,,,,#DIV/0!,,,,,,,,#DIV/0!,,,,,,,,,,,#DIV/0!,,,,,,,,,,#DIV/0!,,,,#DIV/0!,,,,,,,,,,,#DIV/0!,,,,,#DIV/0!,Alisha Johnson,18,2,5,3,4,10,General Psychology ,2,1,2,5,2,27.6,1,4,
1/10/2025 16:33,1/10/2025 16:59,205.185.107.38,1546,1,1/10/2025 16:59,3,4,3,2,2,3,3,4,2,2,3,3,3,3,4,2,5,3,4,3,3.05,4,6,5,4,4.75,5,6,6,6,6,5.8,5,4,4,4,3,4,14,17,14,16,15,16,14,15.14285714,1,1,2,1,1,1.2,1,1,1,5,3,1,1,1.857142857,3,1,3,2,1,3,5,3,1,4,3,1,4,1,3,1,3,4,2.555555556,2,5,4,5,3,3.8,2,4,2,4,2,4,2,2,3,3,3,2.285714286,3,3,3,3,3,3,3,4,2,2,2.666666667,2,1,2,2,1,1,2,1.571428571,8,4,7,3,5,3,7,3,5,104,2,1,5,2.666666667,178,0,185,132,123.75,2,,,,,,,,,#DIV/0!,,,,,,,,,,,#DIV/0!,,,,,,,,#DIV/0!,,,,,,,,,,,#DIV/0!,,,,,,,,,,#DIV/0!,,,,#DIV/0!,,,,,,,,,,,#DIV/0!,,,,,#DIV/0!,Hallie Cleverly,22,2,5,4,4,10,Psychology,2,1,2,6,2,10,1,4,
1/10/2025 16:50,1/10/2025 17:15,192.225.179.138,1500,1,1/10/2025 17:15,2,5,4,5,5,4,5,4,4,4,2,5,4,3,2,2,3,5,3,4,3.75,5,6,6,6,5.75,6,6,5,6,6,5.8,3,3,3,6,3,3.6,17,17,15,14,14,14,14,15,2,2,1,2,1,1.6,5,4,4,4,4,2,2,3.571428571,1,2,3,3,3,3,3,4,2,4,1,1,3,3,4,2,4,3,2.722222222,5,5,5,5,5,5,2,3,3,4,2,3,3,4,3,3,3,2.857142857,3,3,4,2,4,2,2.5,3,2,2,2.333333333,2,3,3,3,2,2,2,2.428571429,4,4,3,4,4,4,7,2,4,120,5,2,4,3.666666667,300,101,108,189,174.5,2,,,,,,,,,#DIV/0!,,,,,,,,,,,#DIV/0!,,,,,,,,#DIV/0!,,,,,,,,,,,#DIV/0!,,,,,,,,,,#DIV/0!,,,,#DIV/0!,,,,,,,,,,,#DIV/0!,,,,,#DIV/0!,Seojin Gil,25,2,2,1,4,9,Occupational health and safety ,2,1,2,4,6,10,1,4,
1/9/2025 15:07,1/10/2025 17:19,67.61.18.117,94278,1,1/10/2025 17:19,4,5,2,4,4,3,4,3,1,5,3,6,2,4,2,2,6,3,3,4,3.5,7,7,7,6,6.75,6,6,6,6,7,6.2,6,6,6,6,7,6.2,16,13,13,13,17,15,13,14.28571429,3,2,2,3,3,2.6,2,2,4,5,7,6,3,4.142857143,5,3,5,3,2,2,4,4,3,4,2,2,5,2,5,1,4,5,3.388888889,6,6,6,7,6,6.2,3,3,3,4,2,5,1,3,4,2,3,2.428571429,5,5,3,3,3,3,4,3,3,3,3,3,2,4,3,2,3,3,2.857142857,7,6,4,3,6,6,6,7,5.625,180,2,1,3,2,159,0,270,28,114.25,1,1,5,3,5,6,2,4,3,3.833333333,1,5,2,2,6,2,7,1,3,5,2.625,5,3,5,3,3,3,2,3.166666667,1,7,6,6,2,6,3,6,6,3,5.375,2,3,6,3,3,1,4,6,6,3.777777778,5,5,5,5,1,2,2,1,1,1,1,1,1,1,1.2,3,2,1,1,1.75,Maile Smith,20,2,5,3,4,13,Psychology - general psych,1,2,2,3,2,20,1,4,
1/10/2025 16:22,1/10/2025 17:22,205.185.107.46,3608,1,1/10/2025 17:22,5,5,6,5,4,4,5,4,4,5,4,5,4,5,5,4,5,5,3,4,4.55,6,6,5,4,5.25,5,6,6,5,6,5.6,5,4,5,6,6,5.2,16,16,15,17,16,17,16,16.14285714,1,2,2,2,1,1.6,3,2,4,5,4,2,2,3.142857143,4,2,4,3,3,2,4,4,3,4,2,2,4,2,4,2,4,4,3.166666667,4,5,3,3,6,4.2,2,4,2,4,2,3,3,4,4,2,3,2.571428571,4,3,4,2,4,2,2.75,4,3,3,3.333333333,2,1,2,2,2,2,2,1.857142857,7,7,3,2,5,2,1,5,4,428,4,1,6,3.666666667,417,10,490,208,281.25,2,,,,,,,,,#DIV/0!,,,,,,,,,,,#DIV/0!,,,,,,,,#DIV/0!,,,,,,,,,,,#DIV/0!,,,,,,,,,,#DIV/0!,,,,#DIV/0!,,,,,,,,,,,#DIV/0!,,,,,#DIV/0!,Hallee Elliott,20,2,5,4,3,14,Public Health,1,2,2,3,2,5.7,1,4,
1/10/2025 17:27,1/10/2025 17:57,205.185.98.8,1794,1,1/10/2025 17:57,4,3,3,3,5,4,4,4,1,2,3,4,4,3,3,5,5,4,3,4,3.55,3,5,5,5,4.5,3,5,3,5,5,4.2,3,3,3,5,2,3.2,15,15,15,13,18,16,15,15.28571429,2,2,1,2,1,1.6,3,2,4,6,4,5,5,4.142857143,1,3,4,3,1,2,4,3,3,4,2,2,2,2,3,1,3,4,2.611111111,4,3,4,3,3,3.4,3,2,4,3,3,3,3,3,2,4,3,3.285714286,4,4,3,3,3,3,3.5,2,3,2,2.333333333,5,2,4,3,3,3,3,3.285714286,2,2,1,4,1,2,8,1,2.625,251,4,5,4,4.333333333,335,72,804,348,389.75,1,1,2,6,5,5,4,3,3,4.333333333,1,4,6,6,3,5,3,5,3,4,4.25,2,6,5,5,1,5,3,4.166666667,6,2,6,6,6,2,6,3,6,7,4.75,5,6,6,3,3,5,5,5,5,4.777777778,2,2,2,2,2,2,1,1,1,2,1,2,1,2,1.5,1,2,1,1,1.25,Heather Goff,24,2,5,1,4,11,Public Health with an emphasis in Education and Promotion,1,2,2,5,2,12,1,4,
1/10/2025 17:22,1/10/2025 18:01,217.147.184.143,2381,1,1/10/2025 18:01,2,4,3,6,2,4,4,3,1,5,4,5,5,4,3,6,5,5,3,5,3.95,7,7,7,6,6.75,2,6,7,7,7,5.8,6,5,6,7,6,6,18,17,15,13,17,14,17,15.85714286,2,2,3,1,1,1.8,2,1,1,6,5,3,2,2.857142857,3,2,4,3,4,2,4,5,4,4,4,2,5,1,3,3,4,1,3.222222222,5,5,5,2,7,4.8,4,4,2,5,1,2,4,1,4,2,2,2.285714286,2,3,4,2,4,2,2.25,5,4,5,4.666666667,2,1,2,1,1,3,2,1.714285714,3,6,1,5,3,4,8,1,3.875,46,4,4,4,4,39,0,80,45,41,1,1,2,6,5,5,5,5,5,5.166666667,4,7,7,1,1,7,2,6,6,2,5,2,6,6,7,7,7,7,6.666666667,4,4,7,6,5,3,2,2,6,5,4.375,5,6,6,2,5,5,6,6,5,5.111111111,5,5,5,5,1,1,1,1,1,1,1,1,1,1,1,3,2,1,1,1.75,Ethan Davenport,23,1,5,4,3,13,Health Psychology,1,2,2,3,7,4.5,1,4,
1/10/2025 17:21,1/10/2025 18:05,75.174.71.64,2634,1,1/10/2025 18:05,2,5,4,3,2,2,2,4,2,3,4,5,5,3,3,5,2,4,2,2,3.2,4,5,6,6,5.25,6,6,4,6,6,5.6,6,6,4,5,3,4.8,14,15,13,15,17,15,14,14.71428571,1,1,1,1,1,1,4,2,3,2,5,2,4,3.142857143,4,2,5,2,3,2,5,4,2,3,1,2,5,2,4,1,5,1,2.944444444,5,6,7,7,6,6.2,2,5,1,4,2,4,2,2,4,2,2,1.857142857,1,3,4,2,4,2,2,2,3,2,2.333333333,2,2,3,2,1,1,1,1.714285714,5,4,2,2,2,3,8,4,3.75,100,4,1,5,3.333333333,225,0,242,61,132,1,1,7,1,1,5,1,3,1,2,1,2,1,4,5,3,7,1,2,6,2.5,6,2,1,1,4,1,2,1.833333333,2,6,6,6,2,6,6,6,6,6,6,2,2,2,2,2,2,2,2,2,2,4,4,4,4,1,3,1,1,1,1,1,1,1,1,1.2,1,1,1,1,1,Joshua Price,24,1,5,1,3,15,Finance ,1,2,2,3,8,15,1,4,
1/10/2025 17:58,1/10/2025 18:19,205.185.107.19,1299,1,1/10/2025 18:19,5,5,4,3,3,3,2,3,1,2,2,5,2,3,2,2,4,5,2,4,3.1,5,7,7,7,6.5,7,7,5,7,7,6.6,5,6,2,4,2,3.8,17,17,13,13,14,17,13,14.85714286,2,4,1,2,2,2.2,6,2,5,5,7,5,5,5,3,4,4,4,4,3,3,4,5,5,1,3,4,4,5,1,3,5,3.611111111,6,7,6,7,6,6.4,4,2,4,4,2,5,1,4,2,4,3,3.142857143,5,5,3,3,4,2,3.75,1,1,1,1,3,1,3,3,1,1,3,2.142857143,7,4,6,6,6,6,6,4,5.625,294,5,1,5,3.666666667,294,92,414,423,305.75,2,,,,,,,,,#DIV/0!,,,,,,,,,,,#DIV/0!,,,,,,,,#DIV/0!,,,,,,,,,,,#DIV/0!,,,,,,,,,,#DIV/0!,,,,#DIV/0!,,,,,,,,,,,#DIV/0!,,,,,#DIV/0!,Kylee Middaugh,22,2,5,3,3,17,Psychology general,1,2,2,3,8,15.4,1,4,
1/10/2025 18:07,1/10/2025 18:40,24.117.237.80,2008,1,1/10/2025 18:40,3,5,2,5,5,4,5,4,1,5,1,4,2,4,2,2,5,5,4,4,3.6,6,6,6,5,5.75,4,6,6,6,6,5.6,6,5,5,6,5,5.4,13,14,13,13,14,16,14,13.85714286,1,2,1,2,1,1.4,2,2,2,3,6,2,1,2.571428571,4,2,4,1,3,3,4,4,2,5,1,2,4,2,5,2,4,2,3,5,6,5,6,5,5.4,2,4,2,4,2,4,2,1,4,2,1,1.714285714,3,2,4,2,4,2,2.25,2,1,2,1.666666667,2,4,3,2,2,3,3,2.714285714,6,3,1,2,3,4,6,1,3.25,45,4,3,4,3.666666667,300,0,121,90,127.75,2,,,,,,,,,#DIV/0!,,,,,,,,,,,#DIV/0!,,,,,,,,#DIV/0!,,,,,,,,,,,#DIV/0!,,,,,,,,,,#DIV/0!,,,,#DIV/0!,,,,,,,,,,,#DIV/0!,,,,,#DIV/0!,Caysen Flint,26,1,5,1,4,8,"Psychology, Health",1,2,2,3,6,10,1,4,
1/10/2025 18:05,1/10/2025 18:50,192.225.189.130,2684,1,1/10/2025 18:50,3,4,2,4,2,4,3,4,1,5,3,4,2,4,2,2,5,5,3,3,3.25,5,5,5,6,5.25,4,5,5,5,4,4.6,5,3,4,5,5,4.4,16,17,16,16,16,17,14,16,1,1,1,1,1,1,6,6,2,5,4,5,3,4.428571429,4,2,4,2,4,2,5,4,3,5,1,3,3,3,5,2,4,4,3.333333333,6,5,6,6,3,5.2,3,3,3,4,2,3,3,4,4,2,4,3,4,4,3,3,3,3,3.5,4,4,4,4,2,1,1,3,3,2,1,1.857142857,2,3,1,3,2,1,6,1,2.375,240,5,1,9,5,400,0,200,400,250,1,1,3,5,6,6,5,5,4,5.166666667,4,5,3,6,4,4,4,4,4,4,4.25,4,4,4,4,4,5,4,4.166666667,3,5,3,4,3,5,6,5,5,6,4.875,5,5,5,4,4,4,5,5,5,4.666666667,5,5,5,5,1,2,1,1,1,1,1,1,1,1,1.1,1,1,1,1,1,Morgan Bohne,20,2,5,3,2,14,Biomedical Science ,1,2,2,2,2,15,1,4,
1/10/2025 18:33,1/10/2025 18:53,66.219.222.22,1222,1,1/10/2025 18:53,4,5,2,5,5,5,3,4,2,4,4,4,4,2,3,4,5,4,5,3,3.85,6,7,5,5,5.75,6,5,5,5,5,5.2,5,4,5,5,3,4.4,18,17,19,16,16,17,18,17.28571429,2,2,1,1,1,1.4,3,2,5,5,4,4,5,4,1,1,4,2,1,1,4,4,1,4,1,1,2,1,4,1,2,4,2.166666667,6,6,6,6,5,5.8,4,3,3,4,2,4,2,3,3,3,4,3,5,5,3,3,3,3,4,2,4,3,3,3,2,3,3,1,1,1,2,3,2,1,2,2,4,1,1,2,120,5,2,5,4,130,6,180,120,109,1,1,2,6,5,5,4,3,3,4.333333333,1,4,2,4,5,3,5,3,3,3,2.875,4,4,3,5,2,3,2,3.166666667,6,2,6,6,6,2,5,5,6,4,4.5,4,3,5,5,5,2,3,4,4,3.888888889,5,5,5,5,1,2,1,1,1,1,1,1,1,1,1.1,2,2,1,1,1.5,Megan Carey,21,2,2,1,3,6,psychology,1,2,2,3,2,6,1,4,
1/10/2025 17:40,1/10/2025 19:08,67.61.161.73,5322,1,1/10/2025 19:08,3,4,4,4,5,2,3,4,5,5,2,5,4,5,4,2,5,5,2,3,3.8,6,6,6,6,6,7,7,7,7,7,7,6,3,4,6,6,5,18,18,18,14,14,15,15,16,1,1,1,1,1,1,6,6,6,4,6,2,6,5.142857143,3,3,2,3,3,2,4,4,2,5,2,2,5,2,5,3,4,3,3.166666667,6,6,6,6,5,5.8,4,4,2,3,3,3,3,4,3,3,4,3.285714286,4,3,3,3,3,3,3.25,3,3,3,3,2,2,2,2,2,2,2,2,5,3,2,5,1,4,6,6,4,180,5,1,4,3.333333333,240,0,200,100,135,1,1,2,6,6,6,6,6,6,6,3,6,3,6,3,5,6,2,6,2,4.125,6,2,6,5,5,4,4,4.333333333,6,2,6,3,6,2,4,4,4,3,3.5,6,6,6,5,5,4,4,6,5,5.222222222,4,4,4,4,1,2,1,1,1,1,1,1,1,1,1.1,2,2,2,2,2,Ashley Castillo ,22,2,6,1,4,13,Psychology and emphasis in general psychology,1,2,2,2,6,15,1,4,
1/10/2025 18:12,1/10/2025 19:08,216.128.237.132,3410,1,1/10/2025 19:08,5,5,4,6,3,3,2,3,2,3,2,4,2,4,2,3,4,4,4,3,3.4,6,7,7,6,6.5,6,6,7,7,7,6.6,6,6,7,6,7,6.4,14,13,13,13,13,14,13,13.28571429,1,2,1,1,1,1.2,5,4,3,4,7,2,4,4.142857143,5,2,2,2,3,2,5,5,2,5,1,2,5,1,5,1,5,2,3.055555556,7,7,5,7,7,6.6,2,5,1,5,1,5,1,5,5,1,2,1.857142857,2,3,5,1,5,1,1.75,1,1,1,1,2,2,1,1,1,1,1,1.285714286,8,7,3,3,8,6,8,7,6.25,100,1,1,8,3.333333333,606,0,1000,85,422.75,1,1,4,4,7,7,7,7,7,6.5,6,7,5,7,1,7,1,7,6,1,5.75,3,5,7,7,4,5,5,5.5,4,4,5,5,4,4,1,1,1,5,3.25,7,7,7,7,7,6,7,7,2,6.333333333,5,5,5,5,1,2,1,1,1,1,1,1,1,1,1.1,1,2,1,2,1.5,Natalia Corzo,24,2,6,3,4,12,"Business management, minor in IO Psych",2,2,2,3,7,18.1,1,4,
1/10/2025 18:43,1/10/2025 19:18,205.185.105.35,2114,1,1/10/2025 19:18,4,5,5,4,2,5,2,3,1,5,3,4,3,2,2,4,4,4,3,4,3.45,4,6,5,4,4.75,5,5,5,4,5,4.8,6,3,6,5,5,5,17,14,16,14,17,15,14,15.28571429,3,1,1,1,4,2,5,6,5,7,7,7,7,6.285714286,2,3,4,2,3,3,4,4,4,4,1,2,3,2,4,1,3,4,2.944444444,3,3,4,3,3,3.2,4,3,3,3,3,3,3,2,3,3,2,2.857142857,4,4,3,3,3,3,3.5,2,3,4,3,3,3,3,3,2,1,2,2.428571429,7,2,2,3,3,4,8,4,4.125,128,2,1,2,1.666666667,315,78,0,209,150.5,2,,,,,,,,,#DIV/0!,,,,,,,,,,,#DIV/0!,,,,,,,,#DIV/0!,,,,,,,,,,,#DIV/0!,,,,,,,,,,#DIV/0!,,,,#DIV/0!,,,,,,,,,,,#DIV/0!,,,,,#DIV/0!,Carrie Bland,21,2,5,3,4,14,General Psychology,1,2,2,2,2,15.1,1,4,
1/9/2025 14:46,1/10/2025 19:48,205.185.98.23,104510,1,1/10/2025 19:48,4,3,3,3,1,4,2,5,1,3,2,5,2,3,1,3,5,2,1,5,2.9,4,4,5,5,4.5,4,5,6,5,5,5,3,4,2,4,3,3.2,14,17,17,15,15,17,15,15.71428571,3,3,1,1,2,2,5,4,5,5,5,4,5,4.714285714,2,1,4,3,2,1,4,3,5,3,2,2,3,1,4,2,4,4,2.777777778,4,5,6,5,4,4.8,4,3,3,3,3,3,3,3,3,3,4,3.285714286,4,4,3,3,3,3,3.5,3,2,2,2.333333333,2,3,3,3,1,2,3,2.428571429,7,2,1,3,7,5,8,1,4.25,19,4,7,5,5.333333333,194,0,229,388,202.75,1,1,2,6,6,6,6,6,6,6,5,6,4,4,2,6,2,6,6,2,4.875,2,6,7,7,6,7,6,6.5,4,4,6,5,4,4,3,2,2,2,3.5,7,7,7,7,7,5,7,6,6,6.555555556,4,4,4,4,1,2,2,2,1,1,1,1,1,1,1.3,1,1,2,2,1.5,Joseph Kertamus,26,1,5,3,4,6,Psychology (general),2,2,2,3,5,9,1,4,
1/10/2025 19:32,1/10/2025 19:51,205.185.105.21,1166,1,1/10/2025 19:51,2,4,4,5,4,3,3,2,2,4,4,3,3,5,2,5,5,5,4,2,3.55,6,6,6,3,5.25,4,6,6,6,6,5.6,6,6,5,6,6,5.8,15,15,15,17,18,17,14,15.85714286,1,2,1,1,1,1.2,6,2,4,4,6,2,2,3.714285714,4,2,4,2,4,2,3,5,1,5,1,2,4,2,4,1,4,2,2.888888889,3,4,3,5,6,4.2,3,4,2,4,2,4,2,2,4,2,2,2.142857143,3,4,3,3,3,3,3.25,2,2,2,2,2,1,1,1,1,1,2,1.285714286,6,4,4,3,5,4,6,7,4.875,203,6,4,5,5,165,11,156,219,137.75,1,1,7,1,1,2,2,2,2,1.666666667,1,4,1,4,3,5,7,1,1,4,2.625,7,1,1,1,1,3,1,1.333333333,3,5,6,6,2,6,2,6,6,6,5.375,5,5,5,4,4,1,6,4,2,4,5,5,5,5,1,1,1,1,1,1,1,1,1,1,1,5,4,4,4,4.25,Preston Marsh,24,1,5,1,4,12,Psychology Major ,2,1,2,3,5,15,1,4,
1/10/2025 18:39,1/10/2025 20:04,204.8.69.15,5121,1,1/10/2025 20:04,2,2,5,3,2,4,1,5,2,3,4,2,3,3,4,5,5,2,4,3,3.2,4,2,3,3,3,3,4,3,2,4,3.2,6,6,4,4,3,4.6,16,15,15,14,14,15,13,14.57142857,3,4,4,1,2,2.8,2,2,2,6,5,6,3,3.714285714,4,4,3,4,2,4,1,2,4,4,3,4,3,4,4,3,2,4,3.277777778,2,2,4,3,2,2.6,4,3,3,3,3,2,4,4,2,4,4,3.714285714,4,4,3,3,3,3,3.5,4,3,4,3.666666667,3,2,4,4,4,3,3,3.285714286,1,4,1,3,1,3,8,1,2.75,135,6,2,5,4.333333333,287,280,276,120,240.75,1,1,3,5,2,3,2,3,4,3.166666667,2,5,5,5,5,3,3,5,5,5,4.375,3,5,2,2,3,4,5,3.5,2,6,6,5,5,3,4,6,6,4,5,5,5,6,4,5,4,5,4,4,4.666666667,2,3,3,2.666666667,1,1,1,2,1,1,1,1,1,1,1.1,3,2,1,1,1.75,Brycen DeBerry,30,1,5,1,2,12,PsyIO,2,2,2,3,2,17.6,1,4,
1/10/2025 20:00,1/10/2025 20:42,38.43.25.77,2558,1,1/10/2025 20:42,5,5,4,4,2,3,5,4,1,2,3,5,4,3,4,2,5,4,2,4,3.55,7,7,7,7,7,4,6,7,7,7,6.2,6,2,4,6,5,4.6,13,17,13,13,13,17,13,14.14285714,1,2,1,1,1,1.2,1,1,1,1,7,1,2,2,5,2,5,1,5,2,5,5,1,5,1,2,5,2,5,1,5,1,3.222222222,7,7,7,7,7,7,1,5,1,5,1,5,1,1,4,2,1,1.142857143,1,1,5,1,5,1,1,1,1,1,1,2,3,3,3,2,1,1,2.142857143,5,4,1,5,3,4,1,2,3.125,48,3,4,1,2.666666667,180,120,400,1,175.25,1,1,2,6,7,7,6,7,7,6.666666667,2,6,7,7,1,7,1,7,7,1,5.5,3,5,3,6,6,7,7,5.666666667,6,2,6,4,1,7,6,5,6,7,5.375,6,7,7,6,6,4,6,6,5,5.888888889,5,5,5,5,1,1,1,2,1,1,1,1,1,1,1.1,2,1,1,1,1.25,Noah Aguilera,23,1,6,1,3,13,Health,1,2,2,4,8,9,1,4,
1/10/2025 20:31,1/10/2025 20:51,205.185.110.132,1201,1,1/10/2025 20:51,3,4,3,3,3,4,3,4,2,3,5,4,4,2,2,6,4,3,3,4,3.45,6,6,6,4,5.5,4,6,5,4,6,5,4,2,2,2,3,2.6,15,18,14,17,18,18,16,16.57142857,3,3,3,2,3,2.8,1,1,4,7,7,7,6,4.714285714,1,2,2,3,1,2,2,2,3,3,3,3,2,3,3,1,1,3,2.222222222,2,2,2,3,1,2,4,2,4,2,4,3,3,4,2,4,4,3.857142857,4,4,2,4,2,4,4,4,4,5,4.333333333,3,3,4,3,3,3,3,3.142857143,5,4,1,1,1,1,6,1,2.5,155,8,1,4,4.333333333,500,0,0,0,125,2,,,,,,,,,#DIV/0!,,,,,,,,,,,#DIV/0!,,,,,,,,#DIV/0!,,,,,,,,,,,#DIV/0!,,,,,,,,,,#DIV/0!,,,,#DIV/0!,,,,,,,,,,,#DIV/0!,,,,,#DIV/0!,Jordan Taylor,20,1,5,3,3,14,Pre-Nursing,1,2,2,4,7,12,1,4,
1/10/2025 20:20,1/10/2025 21:03,205.185.98.10,2584,1,1/10/2025 21:03,1,3,3,3,4,4,3,2,2,3,3,2,4,3,2,1,5,3,3,3,2.85,2,5,5,1,3.25,2,6,5,5,7,5,6,5,3,3,6,4.6,16,16,14,15,18,13,14,15.14285714,3,1,1,1,3,1.8,1,2,2,7,5,2,1,2.857142857,2,2,4,4,3,3,3,3,3,4,1,4,4,2,4,1,2,3,2.888888889,3,3,6,4,2,3.6,3,3,3,3,3,4,2,3,2,4,3,3,4,4,4,2,4,2,3,3,3,2,2.666666667,3,2,2,2,1,1,3,2,5,6,1,5,5,2,8,5,4.625,18,3,2,2,2.333333333,100,0,61,0,40.25,2,,,,,,,,,#DIV/0!,,,,,,,,,,,#DIV/0!,,,,,,,,#DIV/0!,,,,,,,,,,,#DIV/0!,,,,,,,,,,#DIV/0!,,,,#DIV/0!,,,,,,,,,,,#DIV/0!,,,,,#DIV/0!,Colton Ward ,20,1,5,4,1,13,Industrial/Organizational Psychology ,2,2,2,6,8,13.8,1,4,
1/10/2025 20:17,1/10/2025 21:13,205.185.98.55,3386,1,1/10/2025 21:13,1,3,2,4,6,2,6,1,1,3,2,2,2,5,1,1,2,6,2,6,2.9,7,6,6,5,6,4,6,5,5,6,5.2,7,6,6,6,7,6.4,14,14,14,14,14,15,14,14.14285714,1,1,1,1,1,1,1,1,1,1,1,1,1,1,4,2,4,3,3,1,4,4,3,3,2,3,4,1,5,1,4,2,2.944444444,3,5,6,6,7,5.4,2,4,2,4,2,4,2,2,4,2,1,1.857142857,3,3,4,2,4,2,2.5,3,3,3,3,2,2,2,2,1,2,1,1.714285714,5,3,3,2,4,2,1,1,2.625,31,3,1,1,1.666666667,63,0,152,0,53.75,1,2,2,6,7,7,7,4,7,6.333333333,6,6,7,6,2,6,2,6,7,2,5.75,5,3,6,2,2,2,2,2.833333333,6,2,2,4,2,6,6,3,2,2,3.375,7,7,4,6,5,6,5,6,6,5.777777778,3,3,4,3.333333333,1,1,1,1,1,1,1,1,1,1,1,1,1,1,1,1,Kobe Kennerley,26,1,3,4,4,12,Psychology,3,2,2,3,7,10.8,1,4,
1/10/2025 21:38,1/10/2025 22:13,97.138.115.216,2099,1,1/10/2025 22:13,2,3,3,2,2,2,3,4,2,2,4,3,4,3,2,3,4,3,3,4,2.9,7,7,7,7,7,6,7,6,7,7,6.6,6,6,5,5,5,5.4,14,15,14,16,13,16,13,14.42857143,2,1,2,1,1,1.4,1,3,1,2,3,2,2,2,4,2,4,2,4,1,4,4,2,5,3,2,4,3,5,1,4,2,3.111111111,6,6,6,5,2,5,3,4,2,4,2,4,2,2,3,3,1,2.142857143,2,2,4,2,4,2,2,2,2,2,2,3,2,2,2,1,2,3,2.142857143,6,5,4,2,4,3,8,7,4.875,90,4,3,1,2.666666667,180,0,241,43,116,2,,,,,,,,,#DIV/0!,,,,,,,,,,,#DIV/0!,,,,,,,,#DIV/0!,,,,,,,,,,,#DIV/0!,,,,,,,,,,#DIV/0!,,,,#DIV/0!,,,,,,,,,,,#DIV/0!,,,,,#DIV/0!,Ryan Sampson,24,1,5,4,3,11,general psychology ,1,2,2,3,8,15,1,4,
1/10/2025 21:57,1/10/2025 22:46,205.185.110.74,2940,1,1/10/2025 22:46,6,4,4,3,3,4,3,6,3,3,2,5,4,2,2,4,3,3,5,3,3.6,6,6,7,7,6.5,6,6,5,6,6,5.8,7,5,6,3,4,5,17,18,16,14,14,15,18,16,1,1,2,1,1,1.2,1,1,1,2,6,1,1,1.857142857,4,2,5,3,4,1,5,5,3,5,1,1,4,2,5,2,5,4,3.388888889,7,7,7,7,7,7,3,4,2,3,3,5,1,3,2,4,2,2.571428571,4,3,5,1,5,1,2.25,4,2,3,3,2,2,2,2,1,1,3,1.857142857,7,3,4,2,3,3,8,3,4.125,180,5,1,4,3.333333333,121,61,180,59,105.25,1,1,3,5,6,6,3,5,5,5,2,4,2,3,2,6,2,6,5,2,3.75,2,6,5,6,5,7,7,6,2,6,6,6,2,6,6,5,5,3,5.375,6,3,6,4,6,3,6,6,6,5.111111111,3,3,3,3,1,1,1,1,1,1,1,2,1,1,1.1,2,1,1,1,1.25,Hannah Lakenan,20,2,5,4,3,15,Social Work,1,2,2,4,8,12,1,4,
1/10/2025 22:35,1/10/2025 23:12,67.61.16.87,2236,1,1/10/2025 23:12,4,5,3,5,4,2,4,4,2,4,4,4,4,3,3,3,6,4,4,3,3.75,5,7,7,5,6,5,6,5,6,6,5.6,5,3,3,5,5,4.2,15,15,14,15,15,17,14,15,1,2,2,1,1,1.4,3,5,5,3,5,2,2,3.571428571,2,4,3,3,3,1,3,3,5,4,3,3,4,1,4,1,3,5,3.055555556,6,6,5,7,5,5.8,5,3,3,2,4,3,3,3,2,4,3,3.571428571,5,5,2,4,3,3,4.25,2,2,2,2,2,2,3,3,2,3,2,2.428571429,4,4,2,3,2,2,6,1,3,712,7,1,7,5,708,71,402,578,439.75,2,,,,,,,,,#DIV/0!,,,,,,,,,,,#DIV/0!,,,,,,,,#DIV/0!,,,,,,,,,,,#DIV/0!,,,,,,,,,,#DIV/0!,,,,#DIV/0!,,,,,,,,,,,#DIV/0!,,,,,#DIV/0!,Aline Moraes,26,2,6,1,3,12,Psychology (Health Psychology),1,2,2,4,2,16.5,1,4,
1/10/2025 23:06,1/10/2025 23:20,205.185.105.33,844,1,1/10/2025 23:20,2,3,5,1,1,2,2,2,2,2,4,2,5,2,5,5,5,2,5,2,2.95,6,6,6,6,6,6,6,,6,6,6,3,2,2,6,3,3.2,14,17,19,13,14,17,13,15.28571429,1,2,1,1,2,1.4,2,2,5,6,5,2,2,3.428571429,4,2,3,2,2,2,4,4,3,3,1,2,3,2,3,4,3,4,2.833333333,3,3,5,2,1,2.8,3,3,3,3,3,3,3,3,3,3,3,3,3,4,3,3,3,3,3.25,4,3,4,3.666666667,3,3,4,3,2,4,4,3.285714286,4,4,4,3,4,2,8,4,4.125,131,6,1,5,4,116,0,121,122,89.75,2,,,,,,,,,#DIV/0!,,,,,,,,,,,#DIV/0!,,,,,,,,#DIV/0!,,,,,,,,,,,#DIV/0!,,,,,,,,,,#DIV/0!,,,,#DIV/0!,,,,,,,,,,,#DIV/0!,,,,,#DIV/0!,Joshua Briggs,23,1,5,4,3,16,"Psychology, emphasis Health Psychology ",1,1,2,4,4,6,1,4,
1/10/2025 23:17,1/10/2025 23:45,205.185.110.140,1686,1,1/10/2025 23:45,2,4,1,6,4,1,5,1,1,5,1,5,1,6,2,1,5,4,1,5,3.05,5,5,6,6,5.5,6,4,6,4,7,5.4,7,5,6,7,7,6.4,17,17,14,14,13,14,15,14.85714286,2,1,1,1,2,1.4,2,1,1,6,5,2,3,2.857142857,3,2,4,3,3,4,2,3,2,4,2,2,4,4,4,1,3,5,3.055555556,5,5,3,6,2,4.2,3,3,3,3,3,4,2,5,3,3,3,3.142857143,5,5,3,3,3,3,4,3,3,4,3.333333333,3,1,3,3,1,1,3,2.142857143,3,2,1,2,2,1,8,1,2.5,120,5,1,1,2.333333333,200,4,120,30,88.5,1,1,6,2,3,4,2,4,3,3,1,5,2,6,6,2,7,1,3,7,3.375,7,1,4,3,2,2,1,2.166666667,1,7,6,6,1,7,6,6,7,7,6.5,2,2,6,1,1,1,3,5,4,2.777777778,5,5,5,5,1,1,1,1,1,1,1,1,1,1,1,3,2,1,1,1.75,Megan Ivy Rowan,23,2,5,4,1,14,"Psychology, general emphasis",1,2,2,4,6,20,1,4,
1/11/2025 0:01,1/11/2025 1:10,205.185.107.16,4131,1,1/11/2025 1:10,4,4,2,4,2,4,2,4,3,5,3,4,5,4,2,2,5,5,3,4,3.55,6,6,7,5,6,4,6,5,6,6,5.4,5,1,4,5,3,3.6,19,16,13,13,13,17,13,14.85714286,3,1,3,3,2,2.4,2,1,5,7,5,3,5,4,3,2,4,4,3,1,4,2,1,4,1,1,2,2,5,1,3,5,2.666666667,5,5,6,7,3,5.2,4,4,2,3,3,4,2,3,4,2,4,2.857142857,4,5,4,2,4,2,3.25,2,3,2,2.333333333,3,2,3,1,1,1,2,1.857142857,4,2,1,3,4,5,6,3,3.5,438,4,1,1,2,506,0,607,275,347,1,1,5,3,3,6,4,3,4,3.833333333,2,2,3,4,4,4,3,5,2,4,3.25,1,7,6,6,3,6,3,5.166666667,6,2,1,1,6,2,1,1,1,3,1.5,5,4,5,5,5,1,5,6,5,4.555555556,4,5,5,4.666666667,2,3,2,3,1,1,1,2,1,1,1.7,3,2,1,1,1.75,Ember Christensen,24,2,5,5,4,17,Communications: Strategic Organization,1,2,2,4,8,7.4,1,4,
1/11/2025 10:32,1/11/2025 10:56,192.225.189.130,1479,1,1/11/2025 10:56,4,4,4,5,2,4,2,5,6,3,2,2,6,2,5,4,5,2,2,2,3.55,7,7,7,7,7,2,2,6,2,6,3.6,2,2,2,2,2,2,14,18,14,14,14,17,17,15.42857143,3,3,3,2,3,2.8,6,2,6,6,6,6,2,4.857142857,3,4,2,5,2,1,1,3,3,2,3,3,4,2,2,3,2,4,2.722222222,2,2,2,2,2,2,2,2,4,2,4,2,4,2,2,4,5,3.571428571,4,4,2,4,2,4,4,5,5,5,5,5,4,4,4,2,2,2,3.285714286,1,1,1,6,1,1,6,1,2.25,35,9,4,9,7.333333333,44,908,401,944,574.25,2,,,,,,,,,#DIV/0!,,,,,,,,,,,#DIV/0!,,,,,,,,#DIV/0!,,,,,,,,,,,#DIV/0!,,,,,,,,,,#DIV/0!,,,,#DIV/0!,,,,,,,,,,,#DIV/0!,,,,,#DIV/0!,Tammy Vander Meide ,27,2,5,4,3,12,General psychology ,1,2,2,1,1,4.8,1,4,
1/11/2025 11:25,1/11/2025 12:03,205.185.98.33,2295,1,1/11/2025 12:03,5,4,3,3,2,4,2,4,1,3,2,5,4,2,3,4,5,3,2,4,3.25,5,5,6,4,5,5,6,6,6,4,5.4,3,3,3,5,2,3.2,16,15,18,14,15,16,17,15.85714286,3,2,2,1,2,2,4,3,3,6,7,5,4,4.571428571,3,3,4,3,1,1,4,4,3,4,1,1,3,2,5,1,2,3,2.666666667,6,6,5,5,1,4.6,4,3,3,3,3,3,3,4,2,4,3,3.428571429,4,3,3,3,3,3,3.25,4,4,3,3.666666667,4,4,4,3,3,3,3,3.428571429,7,2,1,4,3,1,1,1,2.5,211,6,1,1,2.666666667,274,0,211,170,163.75,1,1,3,5,6,6,5,6,6,5.666666667,3,5,2,6,6,2,6,2,2,4,3.25,4,4,3,3,5,5,2,3.666666667,2,6,5,2,2,6,6,6,7,2,5,6,3,4,5,5,2,4,4,4,4.111111111,5,5,5,5,1,2,2,1,1,1,1,1,1,1,1.2,4,1,3,1,2.25,Jacob Daniels,22,1,5,4,3,14,Psychology,1,2,2,4,2,18,1,4,
1/11/2025 8:33,1/11/2025 13:16,174.162.169.203,16926,1,1/11/2025 13:16,5,2,3,5,2,5,3,5,4,2,5,2,5,2,3,4,5,3,2,4,3.55,6,7,7,7,6.75,6,4,6,6,6,5.6,6,2,4,5,3,4,16,16,18,14,17,17,16,16.28571429,3,2,3,3,3,2.8,2,3,4,5,7,7,2,4.285714286,3,4,4,4,2,4,4,5,4,3,2,5,3,2,5,3,4,5,3.666666667,3,4,4,4,4,3.8,4,4,2,5,1,3,3,3,3,3,3,2.714285714,5,5,3,3,4,2,3.75,2,5,4,3.666666667,3,1,3,4,2,3,4,2.857142857,1,4,6,4,3,5,8,7,4.75,399,1,1,5,2.333333333,908,607,932,196,660.75,1,1,1,7,6,6,6,6,6,6.166666667,4,6,4,2,1,7,4,4,4,1,4,2,6,6,6,6,6,4,5.666666667,2,6,6,6,2,6,6,6,6,6,6,6,6,6,4,4,5,4,5,5,5,4,4,4,4,1,1,1,1,1,1,1,1,1,1,1,1,1,1,1,1,Camila Peterson,21,2,6,1,3,18,Psychology and general psych,1,2,2,4,1,20,1,4,
1/11/2025 12:40,1/11/2025 13:50,205.185.107.17,4155,1,1/11/2025 13:50,2,5,5,2,2,2,2,2,1,2,2,4,2,2,4,1,6,4,2,2,2.7,2,2,5,2,2.75,6,6,6,2,5,5,5,6,3,6,6,5.2,17,17,13,18,19,19,17,17.14285714,3,2,2,1,2,2,5,6,2,6,6,6,7,5.428571429,4,2,4,3,3,2,4,5,4,4,2,4,3,1,4,2,5,5,3.388888889,7,6,6,6,6,6.2,4,5,1,4,2,4,2,3,4,2,3,2.428571429,5,5,4,2,4,2,3.5,2,2,2,2,2,2,2,2,1,1,3,1.857142857,2,4,1,6,1,3,7,1,3.125,16,1,5,4,3.333333333,122,67,121,60,92.5,1,1,5,3,6,6,3,6,7,5.166666667,1,6,6,2,6,2,2,6,7,2,4,3,5,6,6,6,6,2,5.166666667,5,3,2,2,2,6,6,2,2,2,3.125,6,2,6,6,6,6,7,6,4,5.444444444,4,4,2,3.333333333,1,1,1,2,1,1,1,1,1,1,1.1,3,3,1,1,2,Nathan John,25,1,5,1,4,12,Psychology Major with a Psychology emphasis,1,2,2,4,7,20.3,1,4,
1/11/2025 13:57,1/11/2025 14:22,216.128.237.228,1480,1,1/11/2025 14:22,4,5,2,4,3,4,3,4,2,3,4,3,2,2,3,3,3,3,4,3,3.2,5,7,6,5,5.75,6,5,5,5,6,5.4,5,5,6,6,6,5.6,15,17,15,14,17,15,14,15.28571429,3,4,3,1,2,2.6,5,5,5,6,4,3,2,4.285714286,4,3,2,4,1,2,4,2,4,3,1,2,4,1,3,1,2,5,2.666666667,5,6,5,4,3,4.6,3,3,3,4,2,3,3,3,4,2,3,2.714285714,5,5,3,3,3,3,4,4,3,4,3.666666667,3,2,3,3,3,3,4,3,4,4,3,3,3,2,6,2,3.375,63,4,1,4,3,75,73,593,165,226.5,1,1,1,7,6,6,3,5,6,5.5,3,6,6,6,2,6,2,6,6,2,5.125,3,5,6,6,,3,5,5,1,7,6,6,2,6,6,6,6,3,5.75,6,5,6,6,6,6,6,6,6,5.888888889,4,4,4,4,1,4,1,2,1,1,1,1,1,1,1.4,1,1,1,1,1,Mackenna Braack-Saufley,23,2,5,4,3,8,Psychology,1,2,1,2,6,10,1,4,
1/11/2025 15:03,1/11/2025 15:33,205.185.107.12,1804,1,1/11/2025 15:33,3,5,3,4,3,2,3,5,1,4,4,4,5,3,2,4,6,3,4,4,3.6,5,5,3,3,4,6,5,5,5,7,5.6,4,2,3,6,5,4,16,15,18,15,19,17,15,16.42857143,1,2,1,1,1,1.2,1,2,1,3,5,1,2,2.142857143,3,2,4,2,3,3,5,4,2,5,1,2,5,2,5,1,4,2,3.055555556,6,6,6,7,3,5.6,2,4,2,4,2,5,1,2,4,2,1,1.714285714,2,3,5,1,5,1,1.75,1,2,1,1.333333333,3,1,2,2,1,1,2,1.714285714,5,3,2,3,5,6,8,2,4.25,202,5,1,3,3,362,0,150,0,128,2,,,,,,,,,#DIV/0!,,,,,,,,,,,#DIV/0!,,,,,,,,#DIV/0!,,,,,,,,,,,#DIV/0!,,,,,,,,,,#DIV/0!,,,,#DIV/0!,,,,,,,,,,,#DIV/0!,,,,,#DIV/0!,Audrey Temple,21,2,5,2,4,12,Psychology,1,2,2,6,2,15,1,4,
1/11/2025 17:05,1/11/2025 17:34,73.3.65.249,1737,1,1/11/2025 17:34,4,4,2,5,2,2,5,1,1,3,3,5,2,4,2,3,5,4,2,4,3.15,6,5,5,7,5.75,6,4,5,5,7,5.4,7,2,5,4,5,4.6,19,17,14,15,13,15,17,15.71428571,2,3,2,1,4,2.4,2,2,2,3,5,2,1,2.428571429,2,3,4,3,2,2,4,4,3,5,2,2,4,1,5,2,4,5,3.166666667,6,6,4,7,7,6,3,4,2,4,2,3,3,4,3,3,2,2.714285714,5,3,3,3,4,2,3.25,3,2,3,2.666666667,2,2,3,3,3,2,4,2.714285714,7,2,3,2,5,2,8,1,3.75,200,5,1,4,3.333333333,221,0,300,100,155.25,2,,,,,,,,,#DIV/0!,,,,,,,,,,,#DIV/0!,,,,,,,,#DIV/0!,,,,,,,,,,,#DIV/0!,,,,,,,,,,#DIV/0!,,,,#DIV/0!,,,,,,,,,,,#DIV/0!,,,,,#DIV/0!,Ava Schlottmann,20,2,5,4,4,15,Psychology,1,2,2,3,9,20,1,4,
1/8/2025 9:53,1/11/2025 23:10,38.43.24.15,307047,1,1/11/2025 23:10,5,3,5,4,4,4,3,5,5,2,4,4,5,2,4,4,2,2,5,4,3.8,5,6,6,5,5.5,5,5,5,6,6,5.4,6,4,6,6,7,5.8,17,19,14,15,14,17,14,15.71428571,1,1,1,1,2,1.2,3,2,2,4,3,2,2,2.571428571,2,2,4,3,3,2,4,4,2,4,3,3,5,2,5,2,4,2,3.111111111,5,5,5,5,3,4.6,2,4,2,4,2,3,3,2,4,2,2,2.142857143,2,3,4,2,4,2,2.25,2,2,3,2.333333333,2,1,2,1,1,1,3,1.571428571,4,4,2,4,3,4,8,1,3.75,155,4,4,4,4,220,1,210,180,152.75,2,,,,,,,,,#DIV/0!,,,,,,,,,,,#DIV/0!,,,,,,,,#DIV/0!,,,,,,,,,,,#DIV/0!,,,,,,,,,,#DIV/0!,,,,#DIV/0!,,,,,,,,,,,#DIV/0!,,,,,#DIV/0!,Luke Sutton,24,1,5,1,4,14,Health Psychology,1,2,2,6,7,18,1,4,
1/11/2025 22:55,1/11/2025 23:35,217.147.184.143,2432,1,1/11/2025 23:35,2,5,2,4,4,5,3,4,1,5,4,3,5,4,2,3,5,4,4,4,3.65,6,6,7,2,5.25,7,6,4,7,7,6.2,5,6,4,5,3,4.6,19,15,16,19,17,15,16,16.71428571,2,2,2,1,2,1.8,2,2,4,6,7,7,2,4.285714286,1,1,4,3,3,3,3,2,4,4,3,4,4,4,4,2,1,4,3,6,6,6,5,2,5,3,4,2,2,4,3,3,5,2,4,5,3.714285714,4,3,2,4,2,4,3.75,4,2,3,3,1,1,2,2,2,3,4,2.142857143,8,6,3,3,4,4,8,6,5.25,25,4,1,1,2,180,0,121,0,75.25,2,,,,,,,,,#DIV/0!,,,,,,,,,,,#DIV/0!,,,,,,,,#DIV/0!,,,,,,,,,,,#DIV/0!,,,,,,,,,,#DIV/0!,,,,#DIV/0!,,,,,,,,,,,#DIV/0!,,,,,#DIV/0!,Robbie-Kate Wilkins,19,2,5,4,2,12,Health Psychology,1,2,2,3,2,12,1,4,
1/12/2025 13:36,1/12/2025 13:37,205.185.107.38,8,0,1/15/2025 8:15,,,,,,,,,,,,,,,,,,,,,#DIV/0!,,,,,#DIV/0!,,,,,,#DIV/0!,,,,,,#DIV/0!,,,,,,,,#DIV/0!,,,,,,#DIV/0!,,,,,,,,#DIV/0!,,,,,,,,,,,,,,,,,,,#DIV/0!,,,,,,#DIV/0!,,,,,,,,,,,,#DIV/0!,,,,,,,#DIV/0!,,,,#DIV/0!,,,,,,,,#DIV/0!,,,,,,,,,#DIV/0!,,,,,#DIV/0!,,,,,#DIV/0!,,,,,,,,,,#DIV/0!,,,,,,,,,,,#DIV/0!,,,,,,,,#DIV/0!,,,,,,,,,,,#DIV/0!,,,,,,,,,,#DIV/0!,,,,#DIV/0!,,,,,,,,,,,#DIV/0!,,,,,#DIV/0!,,,,,,,,,,,,,,,,,
1/9/2025 22:51,1/9/2025 22:52,67.61.17.185,51,0,1/15/2025 8:15,,,,,,,,,,,,,,,,,,,,,#DIV/0!,,,,,#DIV/0!,,,,,,#DIV/0!,,,,,,#DIV/0!,,,,,,,,#DIV/0!,,,,,,#DIV/0!,,,,,,,,#DIV/0!,,,,,,,,,,,,,,,,,,,#DIV/0!,,,,,,#DIV/0!,,,,,,,,,,,,#DIV/0!,,,,,,,#DIV/0!,,,,#DIV/0!,,,,,,,,#DIV/0!,,,,,,,,,#DIV/0!,,,,,#DIV/0!,,,,,#DIV/0!,,,,,,,,,,#DIV/0!,,,,,,,,,,,#DIV/0!,,,,,,,,#DIV/0!,,,,,,,,,,,#DIV/0!,,,,,,,,,,#DIV/0!,,,,#DIV/0!,,,,,,,,,,,#DIV/0!,,,,,#DIV/0!,,,,,,,,,,,,,,,,,
1/8/2025 22:14,1/8/2025 22:32,205.185.107.42,1072,0,1/15/2025 8:15,3,4,3,5,3,3,4,4,2,5,4,3,4,4,4,4,4,,3,4,3.684210526,5,6,6,7,6,5,5,5,6,7,5.6,7,5,6,5,4,5.4,17,17,18,18,19,17,17,17.57142857,,,,,,#DIV/0!,,,,,,,,#DIV/0!,,,,,,,,,,,,,,,,,,,#DIV/0!,,,,,,#DIV/0!,,,,,,,,,,,,#DIV/0!,,,,,,,#DIV/0!,,,,#DIV/0!,,,,,,,,#DIV/0!,,,,,,,,,#DIV/0!,,,,,#DIV/0!,,,,,#DIV/0!,,,,,,,,,,#DIV/0!,,,,,,,,,,,#DIV/0!,,,,,,,,#DIV/0!,,,,,,,,,,,#DIV/0!,,,,,,,,,,#DIV/0!,,,,#DIV/0!,,,,,,,,,,,#DIV/0!,,,,,#DIV/0!,,,,,,,,,,,,,,,,,
1/9/2025 16:12,1/9/2025 16:32,192.225.189.130,1234,0,1/15/2025 8:15,5,3,3,5,2,3,2,5,5,5,4,2,5,2,5,5,5,2,5,2,3.75,6,6,6,6,6,6,6,6,6,6,6,2,2,2,2,5,2.6,14,18,14,18,18,18,18,16.85714286,,,,,,#DIV/0!,,,,,,,,#DIV/0!,,,,,,,,,,,,,,,,,,,#DIV/0!,,,,,,#DIV/0!,,,,,,,,,,,,#DIV/0!,,,,,,,#DIV/0!,,,,#DIV/0!,,,,,,,,#DIV/0!,,,,,,,,,#DIV/0!,,,,,#DIV/0!,,,,,#DIV/0!,,,,,,,,,,#DIV/0!,,,,,,,,,,,#DIV/0!,,,,,,,,#DIV/0!,,,,,,,,,,,#DIV/0!,,,,,,,,,,#DIV/0!,,,,#DIV/0!,,,,,,,,,,,#DIV/0!,,,,,#DIV/0!,,,,,,,,,,,,,,,,,
1/10/2025 22:23,1/11/2025 1:24,174.230.195.86,10857,0,1/15/2025 8:15,2,5,1,5,5,5,3,4,1,4,3,5,5,3,2,2,4,5,3,4,3.55,6,6,7,4,5.75,7,6,6,7,7,6.6,5,6,5,3,4,4.6,18,15,17,18,18,17,17,17.14285714,,,,,,#DIV/0!,,,,,,,,#DIV/0!,,,,,,,,,,,,,,,,,,,#DIV/0!,,,,,,#DIV/0!,,,,,,,,,,,,#DIV/0!,,,,,,,#DIV/0!,,,,#DIV/0!,,,,,,,,#DIV/0!,,,,,,,,,#DIV/0!,,,,,#DIV/0!,,,,,#DIV/0!,,,,,,,,,,#DIV/0!,,,,,,,,,,,#DIV/0!,,,,,,,,#DIV/0!,,,,,,,,,,,#DIV/0!,,,,,,,,,,#DIV/0!,,,,#DIV/0!,,,,,,,,,,,#DIV/0!,,,,,#DIV/0!,,,,,,,,,,,,,,,,,
4/23/2025 7:59,4/23/2025 8:13,174.218.184.174,813,1,4/23/2025 8:13,4,4,4,4,4,4,4,4,4,4,4,4,4,4,4,4,4,4,4,4,4,6,7,7,7,6.75,6,7,7,7,7,6.8,7,7,7,7,7,7,16,15,14,14,14,16,15,14.85714286,2,2,2,1,1,1.6,4,4,4,4,4,4,4,4,4,1,3,1,2,1,1,3,2,5,1,1,4,1,3,1,1,3,2.111111111,4,4,4,4,4,4,1,5,1,4,2,3,3,4,3,3,3,2.428571429,3,2,3,3,3,3,2.75,2,1,1,1.333333333,1,1,1,1,1,1,1,1,8,5,7,3,7,4,8,6,6,488,6,3,5,4.666666667,753,549,619,216,534.25,1,1,6,2,4,4,4,4,4,3.666666667,2,4,4,4,4,4,4,4,4,4,3.75,4,4,4,4,4,4,4,4,4,4,4,4,4,4,4,4,4,4,4,4,4,4,4,4,4,4,4,4,4,3,3,3,3,1,1,1,1,1,1,1,1,1,1,1,3,3,3,3,3,Cade Young,23,1,5,5,4,15,Psychology,2,1,1,4,8,20.2,1,4,
4/23/2025 13:24,4/23/2025 14:07,192.225.189.18,2579,1,4/23/2025 14:07,2,5,2,5,5,5,5,6,1,6,6,6,6,4,6,6,6,6,6,2,4.8,7,7,7,7,7,2,6,6,6,7,5.4,7,1,7,7,7,5.8,19,17,19,14,19,19,19,18,1,1,1,1,1,1,1,1,1,1,4,1,1,1.428571429,5,4,5,2,3,1,5,5,1,5,1,1,3,1,2,1,4,5,3,7,7,5,7,6,6.4,4,4,2,4,2,4,2,1,4,2,1,2,5,3,3,3,3,3,3.5,2,1,1,1.333333333,1,4,4,4,1,1,4,2.714285714,5,1,6,4,1,3,6,4,3.75,359,5,1,1,2.333333333,300,0,621,0,230.25,1,2,1,7,7,7,7,6,7,6.833333333,2,5,2,6,6,2,1,7,6,6,4.5,7,1,1,1,1,1,1,1,1,7,1,5,1,7,7,1,7,7,5.25,6,2,6,2,2,2,6,6,2,3.777777778,4,4,4,4,1,4,4,1,1,2,1,2,1,4,2.1,4,4,1,1,2.5,Marissa Edelmayer,31,2,6,5,4,11,I/O,2,2,2,1,2,20,1,4,
4/23/2025 16:04,4/23/2025 16:35,157.201.96.100,1859,1,4/23/2025 16:36,2,2,2,6,5,4,2,5,1,6,5,4,3,4,2,1,4,4,3,6,3.55,2,5,6,5,4.5,6,5,5,6,4,5.2,6,4,3,3,4,4,16,16,15,13,14,17,13,14.85714286,4,2,1,4,4,3,1,5,5,7,7,7,7,5.571428571,3,4,4,4,4,3,3,4,5,2,2,4,3,4,3,3,3,5,3.5,2,4,4,1,1,2.4,5,3,3,3,3,3,3,5,3,3,5,3.857142857,5,5,3,3,3,3,4,3,4,5,4,4,2,4,3,3,3,4,3.285714286,7,5,1,2,6,2,8,1,4,226,7,1,7,5,526,0,680,67,318.25,2,,,,,,,,,#DIV/0!,,,,,,,,,,,#DIV/0!,,,,,,,,#DIV/0!,,,,,,,,,,,#DIV/0!,,,,,,,,,,#DIV/0!,,,,#DIV/0!,,,,,,,,,,,#DIV/0!,,,,,#DIV/0!,Julie Hanford,21,2,7,4,3,11,"Psychology, general emphasis.",2,2,2,3,2,10.6,1,4,
4/23/2025 18:05,4/23/2025 18:29,184.155.66.69,1415,1,4/23/2025 18:29,5,5,4,4,4,4,4,3,1,4,5,3,4,4,4,3,4,4,4,3,3.8,6,6,6,6,6,6,6,6,6,6,6,6,6,6,6,6,6,15,15,15,15,15,17,15,15.28571429,1,1,1,1,1,1,1,2,2,3,,6,4,3,4,3,5,3,3,2,5,5,2,5,2,3,5,2,5,1,5,2,3.444444444,4,5,5,5,5,4.8,2,5,1,5,1,5,1,1,4,2,1,1.285714286,3,2,5,1,5,1,1.75,3,2,2,2.333333333,4,4,4,4,4,4,4,4,5,6,3,2,3,4,6,3,4,88,7,7,6,6.666666667,93,0,274,118,121.25,1,1,4,4,4,4,4,4,4,4,4,4,4,4,4,4,4,4,4,4,4,4,4,4,4,4,4,4,4,4,4,4,4,4,4,4,4,4,4,4,4,4,4,4,4,4,4,4,4,4,4,4,4,4,1,1,1,1,1,1,1,1,1,1,1,2,2,2,2,2,Janzsen Olsen,24,1,5,1,3,14,Psychology,2,2,2,3,2,16,1,4,
4/23/2025 21:24,4/23/2025 22:02,65.181.53.74,2250,1,4/23/2025 22:02,4,3,3,5,3,4,3,4,3,4,4,3,4,4,4,3,4,4,4,3,3.65,4,4,5,3,4,4,5,6,6,6,5.4,5,5,5,5,6,5.2,17,17,18,16,19,17,16,17.14285714,1,1,1,1,2,1.2,5,5,3,7,6,5,5,5.142857143,4,2,3,3,3,2,2,2,2,3,2,2,3,2,3,2,3,2,2.5,5,5,6,6,5,5.4,2,2,4,3,3,3,3,2,3,3,2,2.714285714,3,3,3,3,4,2,2.75,3,2,4,3,2,1,2,1,1,1,2,1.428571429,4,3,1,2,1,4,8,1,3,162,5,4,4,4.333333333,215,3,201,90,127.25,2,,,,,,,,,#DIV/0!,,,,,,,,,,,#DIV/0!,,,,,,,,#DIV/0!,,,,,,,,,,,#DIV/0!,,,,,,,,,,#DIV/0!,,,,#DIV/0!,,,,,,,,,,,#DIV/0!,,,,,#DIV/0!,Tobin Price,22,1,5,4,4,11,Industrial Organization Psychology,2,2,2,4,6,12,1,4,
4/23/2025 23:56,4/24/2025 0:06,205.185.105.51,601,1,4/24/2025 0:06,,,,,,,,,,,,,,,,,,,,,#DIV/0!,,,,,#DIV/0!,,,,,,#DIV/0!,,,,,,#DIV/0!,,,,,,,,#DIV/0!,,,,,,#DIV/0!,,,,,,,,#DIV/0!,,,,,,,,,,,,,,,,,,,#DIV/0!,,,,,,#DIV/0!,,,,,,,,,,,,#DIV/0!,,,,,,,#DIV/0!,,,,#DIV/0!,,,,,,,,#DIV/0!,,,,,,,,,#DIV/0!,,,,,#DIV/0!,,,,,#DIV/0!,,,,,,,,,,#DIV/0!,,,,,,,,,,,#DIV/0!,,,,,,,,#DIV/0!,,,,,,,,,,,#DIV/0!,,,,,,,,,,#DIV/0!,,,,#DIV/0!,,,,,,,,,,,#DIV/0!,,,,,#DIV/0!,,,,,,,,,,,,,,,,,
4/24/2025 7:38,4/24/2025 8:05,184.155.64.216,1599,1,4/24/2025 8:05,4,5,2,5,3,2,2,4,2,4,3,4,3,4,3,4,4,4,4,4,3.5,6,7,7,6,6.5,6,6,6,6,6,6,5,5,5,6,5,5.2,14,17,16,14,17,15,14,15.28571429,2,2,2,2,2,2,2,2,2,2,6,2,2,2.571428571,4,3,4,2,4,1,5,5,2,4,1,2,4,1,5,2,4,3,3.111111111,7,7,7,7,7,7,3,3,3,4,2,4,2,3,4,2,3,2.571428571,3,3,4,2,4,2,2.5,3,3,3,3,3,1,2,2,1,1,2,1.714285714,4,5,1,3,3,4,6,1,3.375,359,6,1,6,4.333333333,252,0,178,125,138.75,1,1,2,6,6,6,4,4,4,5,2,4,2,4,2,6,4,4,5,2,3.625,3,5,6,5,5,4,2,4.5,6,2,2,2,6,2,2,2,2,2,2,6,6,6,5,5,5,5,6,6,5.555555556,5,5,5,5,1,1,1,1,1,1,1,1,1,1,1,1,1,1,1,1,Lisa Kurns,24,2,5,1,4,12,Psychology General Emphasis,2,2,2,4,7,21,1,4,
4/24/2025 10:43,4/24/2025 11:10,157.201.98.1,1644,1,4/24/2025 11:10,5,3,3,5,1,3,4,5,1,4,4,4,2,2,1,5,5,3,4,5,3.45,6,7,7,6,6.5,7,7,6,6,7,6.6,7,6,5,3,7,5.6,18,15,14,14,17,15,15,15.42857143,1,1,1,1,2,1.2,3,5,2,7,7,2,3,4.142857143,3,1,5,3,4,4,4,4,2,4,2,2,4,2,5,1,4,4,3.222222222,6,7,7,7,3,6,2,4,2,4,2,4,2,2,4,2,1,1.857142857,4,3,4,2,5,1,2.5,1,2,2,1.666666667,2,1,2,1,1,2,3,1.714285714,3,1,1,4,3,4,8,1,3.125,60,4,2,1,2.333333333,114,0,395,132,160.25,1,,2,6,7,6,6,7,6,6.333333333,4,3,1,7,5,3,5,3,6,1,3.5,7,1,7,5,3,6,5,4.5,3,5,3,3,5,3,2,1,1,2,2.5,6,6,7,5,5,4,5,5,5,5.333333333,3,5,5,4.333333333,1,1,1,1,1,1,1,1,1,1,1,4,1,1,2,2,Casey Summers,24,1,5,1,4,11,Psychology (general),2,2,2,3,6,21.1,1,4,
4/24/2025 14:34,4/24/2025 15:24,172.56.149.0,3011,1,4/24/2025 15:24,4,3,3,2,2,3,2,5,2,2,4,3,6,4,4,3,4,3,3,3,3.25,6,6,6,5,5.75,6,6,6,6,6,6,5,1,5,6,4,4.2,18,19,13,14,13,19,14,15.71428571,1,1,1,1,1,1,1,1,1,1,5,1,1,1.571428571,4,1,5,1,2,1,5,4,1,3,1,1,4,1,5,2,5,1,2.611111111,7,6,6,7,5,6.2,5,5,1,5,1,5,1,1,4,2,1,1.714285714,2,3,5,1,5,1,1.75,1,2,2,1.666666667,2,2,1,1,1,3,3,1.857142857,3,2,2,2,5,3,8,6,3.875,41,4,4,5,4.333333333,242,0,170,126,134.5,1,1,3,5,2,6,3,4,2,3.666666667,1,1,1,4,5,3,7,1,1,,1.714285714,6,2,1,4,2,1,1,1.833333333,3,5,1,2,4,4,1,3,5,1,2.75,4,1,2,1,1,1,2,1,1,1.555555556,3,4,3,3.333333333,1,1,1,3,1,1,1,1,1,2,1.3,3,2,1,1,1.75,Ryan Oehler,21,1,5,1,2,14,IO psychology ,2,2,2,4,1,15,1,4,
4/24/2025 17:07,4/24/2025 17:45,75.174.89.219,2267,1,4/24/2025 17:45,3,4,6,5,3,3,3,3,1,4,2,3,4,5,4,3,5,3,3,3,3.5,6,6,6,4,5.5,4,6,6,5,6,5.4,7,7,7,7,7,7,15,15,15,15,17,17,15,15.57142857,1,1,1,1,1,1,1,1,1,4,3,1,1,1.714285714,4,1,5,2,3,1,4,4,2,5,2,2,5,1,4,1,4,2,2.888888889,4,7,7,5,7,6,2,5,1,5,1,3,3,2,4,2,1,1.714285714,2,2,4,2,4,2,2,1,1,1,1,1,1,1,2,2,2,1,1.428571429,5,4,3,2,3,1,6,3,3.375,94,9,2,4,5,490,6,490,49,258.75,1,1,1,7,7,7,7,7,7,7,5,5,3,5,3,5,3,5,5,3,4.5,4,4,5,5,4,5,5,4.666666667,5,3,3,3,5,3,4,4,1,1,2.75,7,4,7,7,7,7,7,7,7,6.666666667,5,5,5,5,1,1,1,2,1,1,1,1,1,1,1.1,1,1,1,1,1,Amie Grace Smith,45,2,5,5,4,6,Generals,2,2,2,2,9,6,1,4,
4/24/2025 18:26,4/24/2025 18:44,192.225.186.5,1086,1,4/24/2025 18:44,3,2,3,2,2,4,3,4,4,3,4,4,4,2,4,5,4,3,3,2,3.25,5,5,5,5,5,4,5,5,4,5,4.6,5,3,4,5,6,4.6,16,17,17,18,17,18,19,17.42857143,3,2,2,1,1,1.8,4,5,5,5,5,6,6,5.142857143,4,3,2,4,2,3,2,3,3,3,1,1,3,1,4,2,2,4,2.611111111,2,3,3,2,2,2.4,3,3,3,3,3,2,4,3,2,4,4,3.428571429,4,4,3,3,2,4,3.75,3,3,2,2.666666667,3,2,4,2,2,3,4,2.857142857,4,1,1,2,1,1,1,2,1.625,268,5,6,4,5,248,0,359,190,199.25,1,1,5,3,5,5,4,3,3,3.833333333,4,5,2,5,6,2,6,2,3,2,3.125,5,3,4,3,5,5,2,3.666666667,2,6,5,5,2,6,6,6,6,6,5.75,4,4,5,4,3,3,2,5,5,3.888888889,4,4,4,4,2,4,1,2,2,1,1,1,1,1,1.6,2,1,1,1,1.25,Samuel James,26,1,5,1,4,12,Psych general,2,2,2,4,5,12.2,1,4,
4/23/2025 21:36,4/24/2025 21:00,205.185.107.46,84215,1,4/24/2025 21:00,4,3,3,4,3,5,5,5,3,4,4,4,4,2,4,4,3,5,3,4,3.8,5,5,6,4,5,4,5,5,5,7,5.2,5,4,5,4,3,4.2,15,16,17,16,17,16,15,16,1,2,1,1,1,1.2,2,2,1,4,5,5,2,3,3,3,3,3,2,2,3,3,2,3,3,3,3,2,3,3,3,3,2.777777778,4,6,5,6,5,5.2,3,3,3,3,3,3,3,2,2,4,3,3,3,3,3,3,3,3,3,2,3,2,2.333333333,2,3,2,1,1,2,3,2,6,3,3,3,3,1,8,6,4.125,300,4,1,4,3,400,292,396,110,299.5,1,1,2,6,5,6,5,5,6,5.5,5,6,5,4,2,6,3,5,5,3,4.875,3,5,2,4,5,5,4,4.166666667,4,4,6,6,6,2,6,6,6,6,5.25,5,5,4,5,5,5,5,5,5,4.888888889,3,4,4,3.666666667,1,1,1,1,1,1,1,1,1,1,1,2,2,1,2,1.75,Dulce Leamsi Gallegos,24,2,6,4,2,15,Major in Psychology with an I-O emphassis,2,2,2,2,2,30,1,4,
4/24/2025 22:38,4/25/2025 0:39,205.185.107.55,7284,1,4/25/2025 0:39,5,3,4,4,3,4,4,4,2,3,4,5,3,2,3,3,2,3,3,4,3.4,3,5,5,5,4.5,6,6,4,5,6,5.4,5,3,4,4,4,4,17,17,14,14,14,16,14,15.14285714,1,1,1,1,1,1,5,2,4,6,6,5,4,4.571428571,2,4,3,2,3,3,3,5,1,5,3,1,1,1,4,2,3,2,2.666666667,3,4,2,4,4,3.4,4,3,3,4,2,3,3,3,2,4,4,3.285714286,4,2,3,3,4,2,2.75,2,2,2,2,3,2,1,1,1,1,1,1.428571429,2,3,1,1,1,4,6,1,2.375,300,4,3,3,3.333333333,300,30,200,30,140,1,1,2,6,6,6,4,4,5,5.166666667,4,4,3,5,3,5,3,5,5,3,4.25,5,3,4,2,6,3,3,3.5,5,3,5,2,4,4,4,4,4,4,3.75,5,4,5,4,4,4,6,6,5,4.777777778,4,4,4,4,1,1,1,1,1,1,1,1,1,1,1,2,3,1,3,2.25,Emer Rodriguez,26,1,6,1,3,13,I/O Psych,2,2,2,3,2,12,1,4,
4/25/2025 10:32,4/25/2025 10:42,185.195.232.165,602,1,4/25/2025 10:42,1,1,1,1,1,1,1,1,1,1,1,1,1,1,1,1,1,1,1,1,1,1,1,1,1,1,1,1,1,1,1,1,1,1,1,1,1,1,13,13,13,13,13,13,13,13,1,1,1,1,1,1,4,4,4,4,4,4,4,4,3,3,3,3,3,3,3,3,3,3,3,3,3,3,3,3,3,3,3,4,4,4,4,4,4,3,3,3,3,3,3,3,3,3,3,3,3,4,3,3,3,3,3,3.25,3,3,3,3,3,3,3,3,3,3,3,3,2,1,1,2,2,3,1,1,1.625,267,3,2,2,2.333333333,188,0,480,104,193,2,,,,,,,,,#DIV/0!,,,,,,,,,,,#DIV/0!,,,,,,,,#DIV/0!,,,,,,,,,,,#DIV/0!,,,,,,,,,,#DIV/0!,,,,#DIV/0!,,,,,,,,,,,#DIV/0!,,,,,#DIV/0!,BURKLEY CARTER,25,1,5,1,4,18,I/O Psych,2,1,2,4,1,25.8,1,4,
4/25/2025 8:24,4/25/2025 11:31,65.181.53.74,11237,1,4/25/2025 11:31,4,4,3,4,2,3,4,3,2,4,4,4,4,3,5,3,4,3,3,3,3.45,5,6,5,3,4.75,4,6,6,5,6,5.4,3,4,2,4,4,3.4,15,17,14,14,18,15,15,15.42857143,2,2,2,1,2,1.8,3,3,2,6,3,1,3,3,5,2,3,3,2,2,3,4,2,4,2,1,3,2,3,3,3,4,2.833333333,3,3,3,5,4,3.6,4,3,3,3,3,2,4,4,3,3,3,3.428571429,4,4,3,3,3,3,3.5,3,3,3,3,2,1,2,2,2,1,3,1.857142857,7,4,4,3,6,4,8,3,4.875,36,3,1,1,1.666666667,150,0,300,0,112.5,2,,,,,,,,,#DIV/0!,,,,,,,,,,,#DIV/0!,,,,,,,,#DIV/0!,,,,,,,,,,,#DIV/0!,,,,,,,,,,#DIV/0!,,,,#DIV/0!,,,,,,,,,,,#DIV/0!,,,,,#DIV/0!,Sarah Robertson,20,2,5,3,3,9,I/O Psychology,2,2,2,4,7,30,1,4,
4/25/2025 12:08,4/25/2025 12:33,174.230.194.183,1478,1,4/25/2025 12:33,4,2,4,5,5,2,4,5,,5,5,4,4,4,2,4,3,4,4,4,3.894736842,5,6,6,6,5.75,6,6,6,6,6,6,6,6,5,5,5,5.4,14,15,14,15,17,14,14,14.71428571,1,3,1,2,1,1.6,2,3,5,3,6,3,3,3.571428571,4,3,4,2,3,2,4,4,1,4,2,3,4,2,4,2,4,4,3.111111111,5,6,6,6,4,5.4,4,4,2,4,2,4,2,2,4,2,3,2.428571429,4,4,3,3,3,3,3.5,2,2,2,2,3,3,3,3,3,3,3,3,6,3,5,3,4,4,6,5,4.5,151,5,1,1,2.333333333,203,18,203,31,113.75,1,1,3,5,6,6,6,6,6,5.833333333,3,6,6,6,2,6,2,6,6,2,5.125,2,6,6,6,6,6,6,6,3,5,2,2,2,6,5,5,3,3,3.875,6,6,6,6,6,4,6,6,,5.75,3,4,4,3.666666667,2,3,1,1,1,1,1,1,1,1,1.3,2,2,2,1,1.75,Celeste Hudson,21,2,5,3,4,9,Psychology General,2,1,2,4,7,12,1,4,
4/25/2025 12:40,4/25/2025 12:58,157.201.98.1,1078,1,4/25/2025 12:58,2,4,2,4,4,2,2,3,1,3,3,5,4,4,3,4,4,4,3,5,3.3,5,3,6,5,4.75,4,4,3,3,5,3.8,6,5,5,4,7,5.4,14,13,14,14,16,17,16,14.85714286,1,1,3,1,1,1.4,3,1,5,5,7,3,4,4,2,1,4,2,2,2,4,4,2,4,3,3,4,2,5,1,4,2,2.833333333,3,2,4,5,2,3.2,4,4,2,4,2,2,4,2,2,4,1,2.714285714,3,3,4,2,3,3,2.75,5,3,3,3.666666667,2,2,4,3,2,2,5,2.857142857,6,6,3,3,3,3,8,5,4.625,31,2,6,2,3.333333333,37,0,214,3,63.5,2,,,,,,,,,#DIV/0!,,,,,,,,,,,#DIV/0!,,,,,,,,#DIV/0!,,,,,,,,,,,#DIV/0!,,,,,,,,,,#DIV/0!,,,,#DIV/0!,,,,,,,,,,,#DIV/0!,,,,,#DIV/0!,Mark Martin ,25,1,5,4,4,11,Psychology,2,1,2,4,4,5.9,1,4,
4/25/2025 13:03,4/25/2025 13:52,157.201.98.1,2917,1,4/25/2025 13:52,2,4,4,4,3,3,4,3,3,3,4,4,5,4,4,3,5,5,4,4,3.75,6,6,6,6,6,5,6,5,6,6,5.6,6,5,5,6,6,5.6,18,18,14,14,14,14,14,15.14285714,2,1,2,1,1,1.4,5,4,2,7,5,4,5,4.571428571,3,1,3,4,2,2,4,3,2,4,1,1,4,1,2,1,2,3,2.388888889,4,4,4,3,3,3.6,2,4,2,4,2,3,3,3,3,3,3,2.571428571,3,4,3,3,4,2,3,4,3,3,3.333333333,2,2,2,1,1,1,2,1.571428571,6,5,4,4,5,1,7,7,4.875,300,4,5,1,3.333333333,300,0,180,0,120,2,,,,,,,,,#DIV/0!,,,,,,,,,,,#DIV/0!,,,,,,,,#DIV/0!,,,,,,,,,,,#DIV/0!,,,,,,,,,,#DIV/0!,,,,#DIV/0!,,,,,,,,,,,#DIV/0!,,,,,#DIV/0!,Andrew Vargas,26,1,6,4,3,15,"Psychology, General",2,2,2,4,5,13,1,4,
4/25/2025 17:44,4/25/2025 18:01,66.219.222.22,1041,1,4/25/2025 18:01,4,5,3,4,2,2,2,3,2,1,3,4,4,4,2,3,4,4,4,3,3.15,7,7,7,6,6.75,7,7,7,6,7,6.8,6,6,3,5,6,5.2,14,17,14,14,18,19,14,15.71428571,1,1,2,1,2,1.4,1,1,1,2,5,1,1,1.714285714,4,2,3,2,2,2,5,4,2,5,1,2,4,1,5,2,4,4,3,5,6,5,6,6,5.6,3,4,2,5,1,4,2,3,4,2,2,2.142857143,4,4,4,2,4,2,3,2,3,3,2.666666667,3,1,2,2,1,1,3,1.857142857,4,2,3,3,3,3,6,6,3.75,242,4,2,4,3.333333333,186,44,189,120,134.75,2,,,,,,,,,#DIV/0!,,,,,,,,,,,#DIV/0!,,,,,,,,#DIV/0!,,,,,,,,,,,#DIV/0!,,,,,,,,,,#DIV/0!,,,,#DIV/0!,,,,,,,,,,,#DIV/0!,,,,,#DIV/0!,Jakobi Richins,24,2,5,1,4,9,Psychology,2,1,2,4,6,8,1,4,
4/25/2025 18:01,4/25/2025 18:26,38.43.13.187,1480,1,4/25/2025 18:26,2,5,2,5,4,2,4,2,1,5,2,4,2,4,2,2,4,4,2,5,3.15,7,6,7,6,6.5,6,6,6,6,6,6,7,6,6,6,6,6.2,14,14,14,14,17,14,14,14.42857143,1,4,1,1,2,1.8,1,1,1,1,3,1,1,1.285714286,5,1,4,1,4,1,3,4,1,4,1,2,4,2,4,1,4,2,2.666666667,6,6,5,6,5,5.6,3,4,2,3,3,4,2,3,4,2,3,2.571428571,2,2,4,2,4,2,2,2,2,3,2.333333333,1,1,1,2,1,2,2,1.428571429,4,4,2,2,1,3,7,1,3,121,4,2,4,3.333333333,122,0,56,62,60,2,,,,,,,,,#DIV/0!,,,,,,,,,,,#DIV/0!,,,,,,,,#DIV/0!,,,,,,,,,,,#DIV/0!,,,,,,,,,,#DIV/0!,,,,#DIV/0!,,,,,,,,,,,#DIV/0!,,,,,#DIV/0!,Alex Sommerfeldt,23,1,5,1,4,14,I/O Psychology,2,2,2,2,7,6,1,4,
4/25/2025 21:07,4/25/2025 21:23,67.61.161.86,1015,1,4/25/2025 21:24,3,4,5,5,1,4,3,4,1,5,5,4,5,3,5,3,3,4,3,4,3.7,3,5,6,4,4.5,5,6,5,5,4,5,2,1,1,2,3,1.8,17,18,14,14,18,19,16,16.57142857,4,2,3,1,4,2.8,6,7,5,7,6,4,4,5.571428571,2,1,3,5,1,4,2,2,5,3,1,5,2,5,4,1,2,4,2.888888889,3,3,3,4,1,2.8,3,2,4,1,5,3,3,3,2,4,4,3.714285714,4,5,3,3,3,3,3.75,1,3,4,2.666666667,2,1,1,1,1,1,2,1.285714286,5,1,1,3,2,4,6,1,2.875,218,3,5,5,4.333333333,345,146,159,190,210,2,,,,,,,,,#DIV/0!,,,,,,,,,,,#DIV/0!,,,,,,,,#DIV/0!,,,,,,,,,,,#DIV/0!,,,,,,,,,,#DIV/0!,,,,#DIV/0!,,,,,,,,,,,#DIV/0!,,,,,#DIV/0!,Leanne Sorensen,22,2,5,1,4,12,i/o psych,2,1,2,4,6,8.9,1,4,
4/24/2025 13:54,4/24/2025 13:54,157.201.64.11,45,0,4/28/2025 8:52,,,,,,,,,,,,,,,,,,,,,#DIV/0!,,,,,#DIV/0!,,,,,,#DIV/0!,,,,,,#DIV/0!,,,,,,,,#DIV/0!,,,,,,#DIV/0!,,,,,,,,#DIV/0!,,,,,,,,,,,,,,,,,,,#DIV/0!,,,,,,#DIV/0!,,,,,,,,,,,,#DIV/0!,,,,,,,#DIV/0!,,,,#DIV/0!,,,,,,,,#DIV/0!,,,,,,,,,#DIV/0!,,,,,#DIV/0!,,,,,#DIV/0!,,,,,,,,,,#DIV/0!,,,,,,,,,,,#DIV/0!,,,,,,,,#DIV/0!,,,,,,,,,,,#DIV/0!,,,,,,,,,,#DIV/0!,,,,#DIV/0!,,,,,,,,,,,#DIV/0!,,,,,#DIV/0!,,,,,,,,,,,,,,,,,
9/15/2025 9:17,9/15/2025 9:55,157.201.96.100,2273,1,9/15/2025 9:55,6,4,4,4,2,3,4,4,2,3,3,4,4,2,4,4,4,2,2,1,3.3,6,7,7,5,6.25,5,6,5,7,7,6,6,5,1,5,3,4,14,15,14,13,14,15,14,14.14285714,1,1,1,1,1,1,5,3,3,4,6,2,2,3.571428571,3,2,4,1,3,2,3,3,3,3,1,1,3,1,3,1,3,4,2.444444444,3,3,5,4,4,3.8,3,3,3,4,2,3,3,2,4,2,2,2.428571429,4,4,3,3,4,2,3.25,3,2,2,2.333333333,2,3,2,2,1,3,4,2.428571429,5,3,4,5,5,1,6,6,4.375,200,4,5,1,3.333333333,199,0,0,59,64.5,1,1,4,4,2,4,1,3,1,2.5,1,3,1,1,7,1,7,1,1,6,1.875,5,3,3,1,3,2,5,2.833333333,2,6,2,6,5,3,7,6,7,4,5.125,2,2,7,2,5,1,2,7,7,3.888888889,3,4,4,3.666666667,1,2,1,2,1,1,1,1,1,1,1.2,2,2,1,1,1.5,Jacob Burningham,21,1,5,4,2,14,Psychology,2,2,2,4,2,12,1,4,
9/15/2025 10:17,9/15/2025 10:50,192.225.189.130,1965,1,9/15/2025 10:50,4,3,3,5,2,2,3,3,1,4,2,4,2,3,2,4,5,3,3,5,3.15,6,6,7,6,6.25,5,6,6,6,6,5.8,5,3,3,6,2,3.8,17,17,18,15,19,14,17,16.71428571,1,1,1,1,1,1,2,4,3,4,5,2,4,3.428571429,4,2,4,3,2,3,3,4,3,5,2,2,3,2,4,3,3,4,3.111111111,5,5,7,6,5,5.6,3,4,2,5,1,4,2,2,3,3,2,2.142857143,3,3,4,2,4,2,2.5,2,2,2,2,2,3,3,1,1,1,4,2.142857143,6,5,3,3,6,1,1,3,3.5,151,5,3,5,4.333333333,300,0,1,121,105.5,2,,,,,,,,,#DIV/0!,,,,,,,,,,,#DIV/0!,,,,,,,,#DIV/0!,,,,,,,,,,,#DIV/0!,,,,,,,,,,#DIV/0!,,,,#DIV/0!,,,,,,,,,,,#DIV/0!,,,,,#DIV/0!,Isabelle Reid,19,2,5,4,3,12,Psychology (no emphasis),2,2,2,6,8,20,1,4,
9/15/2025 10:43,9/15/2025 11:34,157.201.96.100,3058,1,9/15/2025 11:34,5,4,4,4,4,4,4,5,4,4,5,3,4,3,4,4,4,3,4,3,3.95,6,6,6,6,6,6,6,6,6,6,6,5,5,6,6,5,5.4,16,17,15,13,14,16,13,14.85714286,1,1,1,1,1,1,6,5,5,5,5,5,5,5.142857143,3,4,4,2,3,2,4,4,2,4,2,2,4,2,4,2,3,2,2.944444444,6,6,6,6,5,5.8,2,4,2,4,2,4,2,2,4,2,2,2,2,2,4,2,4,2,2,3,4,3,3.333333333,3,2,2,2,1,1,1,1.714285714,6,5,3,2,3,1,8,7,4.375,100,4,3,3,3.333333333,200,65,10,75,87.5,1,1,6,2,6,6,6,6,6,5.333333333,4,5,5,5,3,5,5,3,4,3,4.25,6,2,6,3,4,4,4,3.833333333,2,6,6,2,2,6,5,4,4,4,4.625,6,5,6,5,6,5,5,5,5,5.333333333,5,5,5,5,1,1,1,1,1,1,1,1,1,1,1,1,2,1,1,1.25,Natasha Rodriguez,21,2,6,4,4,14,Psychology. General emphasis.,2,2,2,1,6,10,1,4,
9/15/2025 13:10,9/15/2025 13:26,157.201.98.1,945,1,9/15/2025 13:26,4,4,2,4,4,5,3,2,4,4,5,6,2,2,4,3,5,2,4,2,3.55,6,6,6,5,5.75,6,5,6,6,6,5.8,5,5,5,5,4,4.8,19,19,18,17,19,18,17,18.14285714,1,2,2,1,1,1.4,6,5,6,6,6,6,6,5.857142857,4,3,4,2,4,2,4,4,4,4,2,2,4,2,4,2,4,4,3.277777778,6,6,5,5,5,5.4,3,4,2,4,2,4,2,2,4,2,2,2.142857143,4,4,4,2,4,2,3,4,4,4,4,4,3,3,2,1,1,3,2.428571429,6,6,2,1,5,3,8,2,4.125,123,6,1,4,3.666666667,123,14,228,134,124.75,1,1,3,5,6,6,6,6,6,5.833333333,5,5,5,4,4,4,3,5,5,3,4.5,3,5,5,5,5,5,4,4.833333333,2,6,5,2,2,6,4,5,6,5,4.875,5,5,6,5,5,3,4,5,5,4.777777778,4,4,4,4,2,2,1,2,2,1,1,1,1,1,1.4,4,3,3,4,3.5,Caleb Lemon,23,1,5,4,4,15,"Psychology, General ",2,2,2,4,8,21,1,4,
9/15/2025 16:25,9/15/2025 16:53,205.185.107.33,1706,1,9/15/2025 16:53,4,3,5,2,2,2,3,4,1,5,4,2,4,2,2,4,4,4,5,2,3.2,6,6,6,5,5.75,4,6,6,6,6,5.6,6,5,6,6,5,5.6,17,17,14,15,17,14,17,15.85714286,1,2,1,1,1,1.2,5,1,2,4,5,2,1,2.857142857,5,3,3,2,2,1,3,4,3,4,1,1,4,1,5,1,4,2,2.722222222,5,6,5,6,6,5.6,3,5,1,4,2,4,2,1,4,2,1,1.714285714,2,3,4,2,4,2,2.25,1,1,3,1.666666667,1,3,2,3,1,1,1,1.714285714,2,4,2,2,4,3,8,1,3.25,64,3,1,3,2.333333333,184,0,232,80,124,1,2,4,4,5,6,5,4,4,4.666666667,3,6,6,6,2,6,2,6,6,2,5.125,2,6,4,2,2,6,6,4.333333333,5,3,6,5,6,2,5,2,5,6,4.25,6,4,6,4,4,4,6,6,6,5.111111111,5,5,5,5,1,1,1,1,1,1,1,1,1,1,1,1,1,1,1,1,Leon Correa,34,1,6,1,4,15,"Psychology, health emphasis ",1,2,2,3,1,28,1,4,
9/15/2025 16:43,9/15/2025 17:05,205.185.107.57,1362,1,9/15/2025 17:05,3,4,4,3,2,3,3,4,1,3,4,3,4,3,2,2,4,3,4,4,3.15,2,3,4,5,3.5,3,5,4,3,6,4.2,6,1,4,6,5,4.4,14,14,14,17,16,14,14,14.71428571,2,4,3,2,3,2.8,1,1,1,6,2,1,1,1.857142857,4,3,4,3,2,2,4,3,4,3,2,2,3,2,5,3,3,5,3.166666667,6,6,5,6,6,5.8,5,3,3,2,4,2,4,3,3,3,3,3.571428571,5,5,4,2,4,2,3.5,3,4,3,3.333333333,3,3,3,3,2,2,3,2.714285714,2,2,2,2,2,4,6,1,2.625,123,5,4,5,4.666666667,311,11,245,285,213,2,,,,,,,,,#DIV/0!,,,,,,,,,,,#DIV/0!,,,,,,,,#DIV/0!,,,,,,,,,,,#DIV/0!,,,,,,,,,,#DIV/0!,,,,#DIV/0!,,,,,,,,,,,#DIV/0!,,,,,#DIV/0!,Reagan Krogh,20,2,5,1,3,15,"Psychology, Developmental emphasis",2,2,2,2,4,12,1,4,
9/15/2025 10:42,9/15/2025 19:16,192.187.62.4,30816,1,9/15/2025 19:16,5,5,5,4,2,4,2,5,1,4,4,4,3,3,4,6,3,4,3,3,3.7,5,6,,,5.5,5,6,4,5,5,5,5,3,3,2,3,3.2,17,18,14,15,13,18,15,15.71428571,3,1,4,4,2,2.8,2,6,5,5,4,5,5,4.571428571,4,2,4,4,4,3,4,5,3,4,2,3,3,3,4,2,3,4,3.388888889,2,4,6,5,6,4.6,4,4,2,3,3,3,3,2,2,4,4,3.142857143,4,4,4,2,3,3,3.25,4,3,3,3.333333333,2,2,3,2,2,3,3,2.428571429,5,5,2,3,4,1,4,1,3.125,642,5,1,4,3.333333333,524,5,276,19,206,2,,,,,,,,,#DIV/0!,,,,,,,,,,,#DIV/0!,,,,,,,,#DIV/0!,,,,,,,,,,,#DIV/0!,,,,,,,,,,#DIV/0!,,,,#DIV/0!,,,,,,,,,,,#DIV/0!,,,,,#DIV/0!,Mayra Segura Lopez,19,2,6,4,3,15,"Public Health, Peace and Conflict Transformation Minor",1,2,2,2,5,7.2,1,4,
9/16/2025 0:44,9/16/2025 1:04,205.185.107.67,1214,1,9/16/2025 1:04,2,5,2,3,3,3,3,4,1,4,4,6,5,4,3,4,4,3,4,5,3.6,6,6,6,6,6,5,6,6,6,6,5.8,5,1,5,6,5,4.4,18,18,15,16,15,18,17,16.71428571,2,4,2,1,3,2.4,4,5,3,5,5,1,2,3.571428571,4,3,4,2,1,1,4,4,2,3,2,1,3,1,4,1,4,2,2.555555556,6,6,5,6,5,5.6,2,4,2,4,2,4,2,2,4,2,2,2,2,3,4,2,4,2,2.25,2,1,1,1.333333333,3,3,4,4,2,4,4,3.428571429,4,1,2,2,4,4,7,3,3.375,221,4,5,4,4.333333333,90,0,200,121,102.75,1,,3,5,2,5,5,5,5,4.5,1,1,1,4,1,7,7,1,1,4,2.5,7,1,1,1,1,2,1,1.166666667,6,2,2,1,5,3,1,1,5,2,2.125,7,1,7,6,7,1,1,7,7,4.888888889,5,5,5,5,4,2,4,1,1,2,1,2,1,1,1.9,2,1,1,1,1.25,Jeremy Boehme,27,1,5,1,4,11,Psychology,1,2,2,2,6,12,1,4,
9/15/2025 18:15,9/16/2025 8:06,157.201.98.1,49863,1,9/16/2025 8:06,2,4,3,5,5,3,4,4,1,1,3,4,3,4,3,3,4,5,3,5,3.45,6,6,6,6,6,5,6,6,5,6,5.6,3,6,5,5,5,4.8,14,14,17,13,17,14,14,14.71428571,1,3,1,2,1,1.6,2,5,3,4,6,2,2,3.428571429,4,2,4,2,3,2,4,5,2,4,1,2,4,2,5,1,4,2,2.944444444,6,6,6,6,5,5.8,3,4,2,4,2,4,2,3,4,2,3,2.428571429,3,3,4,2,4,2,2.5,1,2,1,1.333333333,2,3,2,2,1,2,2,2,5,4,1,3,5,4,5,7,4.25,25,2,1,3,2,122,0,123,46,72.75,1,1,2,6,6,6,6,6,7,6.166666667,7,7,7,5,2,6,2,6,7,2,5.875,5,3,6,6,6,6,6,5.5,6,2,5,2,6,2,2,2,2,2,2.375,6,7,6,6,6,6,7,6,6,6.222222222,5,5,5,5,1,2,1,1,1,1,1,1,1,1,1.1,1,1,1,1,1,Isabella Cottle,22,2,5,1,4,12,Psychology,1,2,2,5,7,16.7,1,4,
9/16/2025 8:32,9/16/2025 8:50,205.185.107.38,1036,1,9/16/2025 8:50,6,5,4,4,3,5,3,5,3,3,4,4,3,3,4,4,3,4,3,3,3.8,7,7,6,6,6.5,7,6,7,7,7,6.8,5,4,3,6,5,4.6,13,13,13,13,18,13,13,13.71428571,1,2,2,1,1,1.4,3,2,2,2,6,2,1,2.571428571,3,2,2,2,1,2,4,5,2,5,2,1,2,2,5,1,4,2,2.611111111,6,6,6,6,6,6,2,4,2,4,2,4,2,2,4,2,3,2.142857143,3,3,4,2,4,2,2.5,1,2,1,1.333333333,2,2,2,2,2,2,3,2.142857143,7,3,7,2,3,6,8,8,5.5,206,6,1,6,4.333333333,454,379,452,21,326.5,2,,,,,,,,,#DIV/0!,,,,,,,,,,,#DIV/0!,,,,,,,,#DIV/0!,,,,,,,,,,,#DIV/0!,,,,,,,,,,#DIV/0!,,,,#DIV/0!,,,,,,,,,,,#DIV/0!,,,,,#DIV/0!,Aurora Kokona,20,2,5,3,3,14,psychology health,1,2,2,4,8,17.5,1,5,
9/16/2025 9:49,9/16/2025 10:15,157.201.96.100,1551,1,9/16/2025 10:15,2,4,5,3,2,4,2,5,4,2,6,3,4,5,3,2,3,3,4,4,3.5,6,7,7,6,6.5,5,6,7,7,7,6.4,6,6,7,7,6,6.4,15,18,17,15,19,17,17,16.85714286,1,2,1,1,1,1.2,6,3,2,5,7,3,2,4,5,2,5,3,2,1,4,4,2,4,3,2,4,1,5,2,4,3,3.111111111,6,7,7,7,7,6.8,3,5,1,5,1,5,1,1,4,2,1,1.428571429,3,3,4,2,4,2,2.5,2,2,2,2,3,2,3,2,2,1,4,2.428571429,8,6,4,5,8,5,6,6,6,137,3,4,4,3.666666667,240,6,197,42,121.25,1,1,5,3,6,6,6,6,5,5.333333333,1,3,3,5,1,7,1,7,3,3,4,3,5,1,3,6,5,1,3.5,1,7,2,2,2,6,6,6,7,2,4.75,6,5,6,6,6,6,7,5,5,5.777777778,5,5,5,5,1,1,1,1,1,1,1,1,1,1,1,5,4,3,3,3.75,Wilford Hester,22,1,5,3,3,15,Health Psychology,1,2,2,6,8,11.2,1,4,
9/16/2025 8:22,9/16/2025 11:37,192.64.2.138,11686,1,9/16/2025 11:37,4,5,3,4,3,4,5,4,3,4,3,5,4,4,3,4,4,4,5,4,3.95,4,5,5,5,4.75,6,6,6,5,5,5.6,4,5,3,5,3,4,15,16,14,14,14,15,14,14.57142857,3,2,3,1,1,2,5,5,3,6,6,5,5,5,3,2,3,3,3,4,4,3,4,3,2,3,3,3,3,3,3,3,3.055555556,4,5,6,5,3,4.6,4,3,3,4,2,3,3,3,4,2,4,3,3,5,3,3,3,3,3.5,4,4,3,3.666666667,4,3,4,2,2,1,3,2.714285714,7,6,6,4,6,3,8,7,5.875,350,4,1,1,2,370,0,165,0,133.75,2,,,,,,,,,#DIV/0!,,,,,,,,,,,#DIV/0!,,,,,,,,#DIV/0!,,,,,,,,,,,#DIV/0!,,,,,,,,,,#DIV/0!,,,,#DIV/0!,,,,,,,,,,,#DIV/0!,,,,,#DIV/0!,cole thornock,23,1,5,4,4,13,psychology (sports psychology),1,2,2,4,7,5,1,4,
9/16/2025 12:38,9/16/2025 13:03,157.201.96.100,1517,1,9/16/2025 13:03,5,3,3,4,2,3,2,4,2,4,4,3,5,2,5,3,5,4,4,2,3.45,7,7,7,7,7,7,7,7,7,7,7,6,5,6,5,5,5.4,13,17,13,13,17,16,14,14.71428571,2,1,2,1,1,1.4,3,1,1,7,5,1,3,3,4,2,5,2,5,2,4,4,2,5,1,3,5,2,5,1,5,2,3.277777778,5,6,5,6,5,5.4,3,4,2,3,3,3,3,2,4,2,2,2.428571429,2,2,4,2,4,2,2,2,2,1,1.666666667,2,2,4,2,2,3,4,2.714285714,6,5,2,3,2,4,6,2,3.75,59,3,4,2,3,60,0,73,0,33.25,1,1,5,3,7,7,5,3,3,4.666666667,1,1,1,7,2,6,1,7,1,2,3.25,7,1,1,1,1,1,2,1.166666667,2,6,1,1,7,1,1,1,5,1,2.125,5,3,7,2,5,1,7,3,3,4,2,2,2,2,1,3,1,4,1,1,1,1,1,1,1.5,5,5,1,4,3.75,Dylan Wright,22,1,5,1,2,15,Public Policy and Administration,1,2,2,6,1,12.1,1,4,
9/16/2025 13:21,9/16/2025 13:49,216.128.237.134,1685,1,9/16/2025 13:49,4,4,4,4,3,3,3,3,1,3,3,4,3,4,3,3,3,3,3,4,3.25,6,6,6,6,6,5,5,6,6,6,5.6,5,4,3,4,3,3.8,17,17,16,15,19,14,16,16.28571429,1,2,1,2,1,1.4,5,2,2,6,6,2,5,4,4,2,4,3,1,2,3,3,2,4,1,2,3,2,4,1,3,3,2.611111111,6,6,5,6,6,5.8,2,3,3,3,3,2,4,2,3,3,2,2.714285714,3,3,4,2,4,2,2.5,3,2,2,2.333333333,1,1,2,2,1,2,1,1.428571429,5,4,3,2,5,5,5,4,4.125,15,2,2,3,2.333333333,180,1,8,90,69.75,1,1,6,2,3,6,3,4,3,3.5,1,5,3,5,4,4,4,4,3,3,3.5,4,4,3,3,3,5,3,3.5,2,6,3,5,3,5,5,5,5,5,4.875,2,2,5,2,2,2,2,2,2,2.333333333,4,4,4,4,1,3,1,1,1,1,1,1,1,1,1.2,2,2,2,2,2,Teja Scott,22,1,5,3,4,13,Health Psychology,1,2,2,2,7,6,1,4,
9/16/2025 13:24,9/16/2025 13:54,157.201.96.100,1796,1,9/16/2025 13:54,5,5,2,4,3,3,3,5,1,4,4,5,4,2,5,6,4,5,3,4,3.85,7,7,7,7,7,7,7,7,7,7,7,4,1,5,5,3,3.6,16,17,15,13,13,18,14,15.14285714,1,1,1,1,1,1,2,2,1,1,7,1,3,2.428571429,5,3,5,2,5,1,5,5,3,5,1,2,4,1,5,1,4,2,3.277777778,7,7,7,7,7,7,2,5,1,5,1,5,1,1,4,2,1,1.285714286,2,2,5,1,5,1,1.5,1,2,1,1.333333333,2,1,1,1,1,1,2,1.285714286,7,4,4,4,5,4,8,2,4.75,176,1,1,1,1,326,0,294,0,155,1,1,1,7,7,7,7,7,7,7,6,7,1,7,1,7,5,3,6,1,4.75,6,2,6,7,7,7,4,5.5,5,3,2,1,6,2,1,1,1,1,1.5,7,7,7,7,7,6,7,7,4,6.555555556,5,5,5,5,1,3,1,1,1,1,1,1,1,1,1.2,1,1,1,1,1,Cammie Johns,22,2,5,3,3,18,Health Psychology,1,2,2,3,8,16.8,1,4,
9/16/2025 16:04,9/16/2025 16:28,157.201.62.1,1455,1,9/16/2025 16:28,3,2,4,5,2,5,2,3,1,4,2,4,5,3,4,5,5,4,3,3,3.45,5,4,7,4,5,2,6,6,2,5,4.2,5,4,3,4,3,3.8,14,13,14,13,14,16,14,14,1,3,3,1,1,1.8,3,2,6,6,6,7,3,4.714285714,3,1,3,3,1,2,4,1,4,3,2,4,3,5,3,3,3,2,2.777777778,3,3,7,3,2,3.6,2,4,2,3,3,4,2,2,3,3,2,2.285714286,2,2,3,3,4,2,2.25,4,3,4,3.666666667,1,2,1,2,1,2,2,1.571428571,5,6,1,3,3,2,5,2,3.375,341,3,2,2,2.333333333,20,10,51,45,31.5,1,1,2,6,6,6,5,4,4,5.166666667,2,3,2,6,1,7,3,5,4,3,4,5,3,2,1,3,3,3,2.5,6,2,1,1,2,6,5,6,5,3,3.625,4,4,6,3,5,3,3,4,3,3.888888889,3,4,4,3.666666667,2,1,1,1,1,1,1,1,1,1,1.1,2,1,1,1,1.25,John (Jarom) Tracy,22,1,5,4,2,14,Psychology major with emphasis in Behavioral Interventions with a minor in emphasis I.O. Psych,2,2,2,4,7,18.5,1,4,
9/16/2025 17:10,9/16/2025 17:49,97.178.217.43,2327,1,9/16/2025 17:49,2,4,3,4,2,3,3,3,1,4,3,4,5,3,3,4,5,3,1,3,3.15,7,7,7,5,6.5,4,6,6,7,6,5.8,7,6,6,7,6,6.4,14,15,17,14,17,15,14,15.14285714,2,1,1,1,1,1.2,2,2,2,3,4,2,3,2.571428571,2,2,3,3,2,1,4,4,1,5,2,1,5,2,5,1,4,2,2.722222222,6,6,6,6,6,6,2,4,2,4,2,4,2,2,4,2,1,1.857142857,2,2,4,2,4,2,2,1,2,2,1.666666667,1,2,3,2,1,2,2,1.857142857,6,5,1,1,5,4,8,7,4.625,45,4,1,3,2.666666667,270,1,360,91,180.5,1,1,3,5,5,5,3,5,3,4.333333333,4,5,3,6,6,2,5,3,5,3,3.875,5,3,6,5,5,5,4,4.666666667,3,5,3,5,3,5,4,3,3,5,4.125,4,5,5,3,3,2,3,3,2,3.333333333,5,5,5,5,1,2,1,1,1,1,1,1,1,1,1.1,4,4,1,2,2.75,Brian Ellis,22,1,5,1,4,14,Psychology - Industrial and Organizational,2,2,2,4,7,18,1,4,
9/16/2025 19:32,9/16/2025 19:54,205.185.105.14,1339,1,9/16/2025 19:54,5,4,4,3,3,2,3,6,3,4,5,3,5,2,2,4,2,4,5,1,3.5,2,5,5,7,4.75,3,5,6,5,3,4.4,2,6,5,2,2,3.4,17,17,15,18,18,15,15,16.42857143,4,2,4,1,2,2.6,6,7,3,5,6,5,5,5.285714286,4,2,4,3,3,4,3,2,2,3,2,2,3,3,3,2,3,4,2.888888889,3,2,2,2,2,2.2,4,3,3,2,4,3,3,2,4,2,3,3,4,4,3,3,3,3,3.5,4,4,5,4.333333333,3,1,3,1,2,2,4,2.285714286,5,4,1,2,3,1,1,3,2.5,122,5,4,4,4.333333333,202,35,360,151,187,1,1,5,3,6,6,5,5,6,5.166666667,2,5,3,5,5,3,5,3,2,3,3.25,2,6,6,6,3,5,2,4.666666667,2,6,5,5,2,6,6,5,5,2,5,5,5,6,5,,5,6,6,6,5.5,5,5,5,5,1,2,2,1,1,1,1,2,1,1,1.3,1,2,1,1,1.25,Hayley Branchflower,20,2,5,4,4,12,Software engineering (software design core),2,2,2,3,6,7,1,4,
9/16/2025 19:34,9/16/2025 20:05,205.185.107.55,1851,1,9/16/2025 20:05,5,4,2,5,1,2,2,3,3,2,2,3,4,5,4,3,4,2,3,4,3.15,6,6,6,5,5.75,5,6,7,6,7,6.2,6,5,7,6,7,6.2,17,18,16,15,15,17,14,16,1,2,1,1,1,1.2,2,2,2,3,3,1,2,2.142857143,2,2,4,2,3,2,4,4,2,5,1,3,4,2,4,2,3,2,2.833333333,5,6,5,5,3,4.8,2,5,1,4,2,4,2,2,4,2,2,1.857142857,2,3,4,2,4,2,2.25,2,2,2,2,3,2,1,2,1,2,3,2,3,3,1,1,3,4,1,,2.285714286,352,6,3,3,4,304,0,183,28,128.75,1,1,5,3,5,6,6,5,5,5,2,5,3,5,5,3,5,3,2,6,3.625,5,3,5,5,3,5,3,4,3,5,3,5,3,5,6,3,3,5,4.375,5,3,6,5,5,3,6,5,3,4.555555556,4,4,4,4,1,1,2,1,1,1,1,1,1,1,1.1,2,2,1,1,1.5,Spencer Patten,22,1,5,1,2,19,Psychology; I/O Psychology,2,2,2,4,7,12,1,4,
9/16/2025 19:25,9/16/2025 20:08,162.245.89.125,2588,1,9/16/2025 20:08,2,4,2,5,2,1,4,3,1,4,2,4,3,3,3,3,4,3,3,4,3,5,6,6,5,5.5,6,6,5,5,6,5.6,6,5,6,6,5,5.6,17,15,14,15,17,14,16,15.42857143,1,1,1,2,2,1.4,2,3,3,5,5,3,4,3.571428571,3,1,4,2,3,2,5,4,2,4,1,2,3,2,5,1,4,3,2.833333333,5,6,6,6,4,5.4,2,3,3,3,3,4,2,3,3,3,3,2.714285714,3,3,4,2,4,2,2.5,2,2,2,2,1,1,1,1,1,1,2,1.142857143,3,4,1,4,2,3,1,2,2.5,0,1,1,2,1.333333333,31,0,29,0,15,2,,,,,,,,,#DIV/0!,,,,,,,,,,,#DIV/0!,,,,,,,,#DIV/0!,,,,,,,,,,,#DIV/0!,,,,,,,,,,#DIV/0!,,,,#DIV/0!,,,,,,,,,,,#DIV/0!,,,,,#DIV/0!,Rebecca Smith,22,2,5,1,4,12,Horticulture,1,2,2,3,1,15,1,4,
9/17/2025 6:55,9/17/2025 7:23,192.225.180.2,1657,1,9/17/2025 7:23,3,3,2,4,2,2,2,5,1,4,2,3,3,4,3,3,5,3,3,4,3.05,5,6,6,6,5.75,4,5,5,5,6,5,6,6,5,6,6,5.8,14,15,14,13,13,17,13,14.14285714,1,1,1,1,1,1,3,2,2,2,5,2,3,2.714285714,4,2,4,2,4,2,3,5,2,4,2,1,4,2,5,1,2,3,2.888888889,3,6,6,6,5,5.2,2,4,2,4,2,4,2,2,4,2,1,1.857142857,4,3,4,2,4,2,2.75,2,2,2,2,1,1,2,2,1,1,3,1.571428571,1,1,1,3,1,3,8,2,2.5,20,2,4,5,3.666666667,61,0,180,120,90.25,1,2,1,7,6,7,6,6,6,6.333333333,5,6,2,5,4,4,5,3,3,2,3.75,2,6,5,5,5,5,3,4.833333333,1,7,6,6,2,6,6,6,7,7,6.375,6,4,6,6,6,5,6,6,6,5.666666667,5,5,5,5,1,3,1,1,1,1,1,1,1,1,1.2,4,4,1,1,2.5,Dallas Taggart,22,1,5,1,3,13,"Psychology, Behavioral Sciences Emphasis ",1,2,2,4,7,7.1,1,4,
9/17/2025 8:15,9/17/2025 8:42,157.201.96.100,1605,1,9/17/2025 8:42,2,4,2,4,3,3,3,3,3,3,3,3,3,3,3,3,3,3,4,,3.052631579,4,4,4,4,4,4,4,4,4,4,4,4,4,4,4,4,4,16,16,16,16,16,16,16,16,1,1,1,1,1,1,5,4,6,4,5,4,4,4.571428571,4,2,4,2,3,3,5,4,2,4,2,2,4,2,4,2,4,2,3.055555556,5,6,5,5,5,5.2,3,3,3,3,3,3,3,3,3,3,3,3,3,3,3,3,3,3,3,3,3,3,3,3,3,3,3,3,3,3,3,4,4,4,4,4,4,4,4,4,300,5,5,5,5,117,48,400,110,168.75,1,1,5,3,5,5,5,5,5,4.666666667,5,5,5,5,5,3,5,3,5,5,4.5,5,3,5,5,5,5,5,4.666666667,5,3,5,5,5,3,5,5,5,6,4.625,5,5,5,5,5,5,5,5,5,5,4,4,4,4,2,2,2,1,2,1,1,2,1,1,1.5,2,2,1,2,1.75,Janzsen Olsen,25,1,5,1,3,13,Psychology,1,2,1,3,4,15.2,1,4,
9/17/2025 9:07,9/17/2025 9:25,108.147.32.106,1083,1,9/17/2025 9:25,4,4,2,6,4,1,4,3,1,6,1,6,2,3,2,1,5,4,3,4,3.3,5,6,7,5,5.75,4,5,7,6,7,5.8,7,5,5,6,6,5.8,19,19,17,15,18,19,18,17.85714286,3,4,3,2,4,3.2,6,6,3,7,7,6,5,5.714285714,3,2,4,3,4,2,3,3,4,5,2,5,4,3,5,1,4,5,3.444444444,5,5,5,6,7,5.6,5,3,3,3,3,3,3,5,3,3,5,3.857142857,5,5,3,3,3,3,4,2,3,3,2.666666667,3,1,5,4,3,2,4,3.142857143,6,4,4,4,3,4,6,2,4.125,179,5,3,2,3.333333333,251,146,185,59,160.25,1,1,2,6,7,7,7,7,6,6.666666667,7,7,7,3,1,7,1,7,7,1,5.75,1,7,7,5,6,6,7,6.333333333,2,6,6,7,1,7,7,7,7,4,6.375,7,7,7,6,7,5,6,7,7,6.555555556,5,5,5,5,1,2,1,2,1,1,1,1,1,1,1.2,2,2,1,1,1.5,Katie Harmer,20,2,6,2,4,13,Psychology with an emphasis in health,1,2,2,4,8,15.9,1,4,
9/17/2025 8:36,9/17/2025 9:37,157.201.98.1,3664,1,9/17/2025 9:37,4,3,3,5,6,4,5,4,3,6,4,5,5,2,4,2,1,4,4,4,3.9,6,6,6,6,6,6,6,6,6,6,6,5,5,3,6,2,4.2,18,18,15,18,18,18,16,17.28571429,1,1,2,1,1,1.2,6,2,6,6,6,2,2,4.285714286,4,2,4,2,3,1,5,5,1,5,1,2,5,2,4,1,4,2,2.944444444,6,6,6,5,7,6,2,4,2,4,2,4,2,4,4,2,2,2.285714286,3,2,5,1,5,1,1.75,4,2,3,3,3,2,2,2,2,2,4,2.428571429,7,5,7,3,6,4,8,6,5.75,120,9,9,1,6.333333333,120,0,1000,1,280.25,2,,,,,,,,,#DIV/0!,,,,,,,,,,,#DIV/0!,,,,,,,,#DIV/0!,,,,,,,,,,,#DIV/0!,,,,,,,,,,#DIV/0!,,,,#DIV/0!,,,,,,,,,,,#DIV/0!,,,,,#DIV/0!,Joey Hokulani,24,1,5,4,3,,Health Psychology,1,2,2,1,5,30,1,4,
9/17/2025 9:10,9/17/2025 9:41,157.201.96.100,1866,1,9/17/2025 9:41,5,5,1,6,5,2,5,4,1,4,2,5,1,2,2,4,4,5,2,5,3.5,2,3,3,5,3.25,3,3,2,2,2,2.4,6,3,4,5,3,4.2,13,13,13,13,13,13,13,13,1,3,1,2,2,1.8,6,6,5,3,7,6,6,5.571428571,3,3,5,2,5,5,3,4,4,4,3,4,4,4,4,3,5,5,3.888888889,6,6,6,3,1,4.4,4,3,3,4,2,3,3,3,2,4,2,3,3,3,5,1,3,3,2.5,2,2,2,2,4,3,2,3,3,3,3,3,7,4,7,5,7,8,8,7,6.625,100,4,1,4,3,189,0,130,130,112.25,1,1,2,6,5,7,6,5,4,5.5,1,5,1,7,3,5,7,1,1,7,3.5,7,1,1,1,1,2,3,1.5,4,4,5,5,5,3,5,7,7,4,5,4,3,3,3,3,3,3,3,3,3.111111111,2,2,2,2,1,1,1,1,1,1,1,1,1,1,1,2,1,1,1,1.25,Tanner Gibson,20,1,5,3,2,15,exercise science,1,2,2,4,2,5.6,1,4,
9/17/2025 9:25,9/17/2025 9:49,205.185.107.32,1415,1,9/17/2025 9:49,6,4,5,4,4,5,4,6,5,4,6,5,5,4,4,4,5,5,5,4,4.7,5,6,5,6,5.5,5,6,5,5,6,5.4,6,5,6,6,5,5.6,18,18,17,16,17,17,16,17,1,1,2,1,1,1.2,2,2,4,5,5,4,4,3.714285714,4,3,4,2,2,1,3,3,1,2,1,1,3,1,4,2,4,2,2.388888889,4,4,4,4,3,3.8,4,3,3,4,2,4,2,2,3,3,3,2.714285714,2,3,4,2,4,2,2.25,1,1,1,1,2,3,2,2,1,1,3,2,1,1,1,2,1,5,7,1,2.375,106,2,1,4,2.333333333,117,11,361,190,169.75,1,1,2,6,4,6,5,6,6,5.5,3,3,2,5,6,2,5,3,5,4,3.375,5,3,3,4,4,4,4,3.666666667,5,3,4,4,4,4,4,3,3,4,3.625,6,5,6,5,5,4,4,4,4,4.777777778,3,4,4,3.666666667,1,1,1,1,1,1,1,1,1,1,1,1,1,1,1,1,Zoé Pisson,21,2,5,3,2,20,IDK,1,2,2,2,2,6.2,1,4,
9/17/2025 8:49,9/17/2025 9:51,217.177.129.54,3718,1,9/17/2025 9:51,3,5,5,3,1,2,3,2,1,4,2,2,3,3,3,5,4,4,4,3,3.1,7,7,7,6,6.75,5,7,7,7,7,6.6,6,5,6,7,7,6.2,15,17,14,14,16,17,14,15.28571429,1,2,2,1,1,1.4,2,1,5,3,5,4,3,3.285714286,4,2,4,1,4,2,5,5,3,4,2,2,4,1,5,5,4,2,3.277777778,3,6,5,5,3,4.4,3,4,2,4,2,5,1,4,5,1,3,2.285714286,2,3,4,2,4,2,2.25,5,3,4,4,5,2,3,5,1,3,4,3.285714286,5,3,3,2,3,2,8,3,3.625,248,4,5,3,4,259,1,252,244,189,1,1,5,3,6,2,6,6,6,4.833333333,2,6,3,2,3,5,5,3,5,3,3.625,6,2,1,1,1,1,1,1.166666667,1,7,1,5,3,5,5,6,4,4,4.625,5,4,6,6,6,4,4,6,5,5.111111111,5,5,5,5,1,1,1,1,1,1,1,1,1,1,1,1,1,1,1,1,Grayson Lyman,27,1,5,4,3,15,IOP,2,2,2,5,2,24.3,1,4,
9/17/2025 9:43,9/17/2025 10:06,157.201.98.1,1364,1,9/17/2025 10:06,5,2,5,2,2,5,2,5,2,2,5,3,5,2,4,5,3,2,5,4,3.5,6,6,6,6,6,6,6,6,6,6,6,6,5,5,7,5,5.6,14,16,13,13,13,13,18,14.28571429,2,2,2,1,1,1.6,2,2,2,5,6,6,4,3.857142857,4,2,4,2,1,2,3,3,2,3,1,4,2,4,3,1,3,3,2.611111111,5,3,5,5,3,4.2,3,4,2,4,2,3,3,1,4,2,1,2,4,4,3,3,3,3,3.5,2,3,3,2.666666667,3,3,3,3,2,3,4,3,5,6,1,3,5,4,8,6,4.75,162,1,1,3,1.666666667,169,10,439,30,162,1,2,6,2,2,5,2,2,2,2.5,2,2,2,6,6,2,6,2,3,6,3.125,6,2,2,2,2,2,2,2,3,5,5,5,5,3,5,5,5,5,4.75,1,1,1,1,1,1,1,1,1,1,4,4,4,4,1,1,2,1,1,1,1,1,1,2,1.2,5,3,2,1,2.75,Cade Chandler,21,1,5,1,3,17,Psychology - Industrial Organizational,2,2,2,5,8,30,1,4,
9/17/2025 9:26,9/17/2025 10:10,157.201.98.1,2616,1,9/17/2025 10:10,3,3,3,4,2,2,3,3,1,4,4,4,4,3,4,4,4,3,2,4,3.2,2,4,6,4,4,4,5,5,5,5,4.8,5,3,3,4,4,3.8,14,16,15,14,14,16,13,14.57142857,4,3,3,1,3,2.8,3,5,3,6,6,7,3,4.714285714,3,3,4,4,1,3,3,3,2,4,4,4,3,1,3,2,4,5,3.111111111,2,2,3,5,2,2.8,5,2,4,3,3,2,4,4,2,4,4,4,5,5,3,3,2,4,4.25,4,4,4,4,3,2,4,4,3,4,3,3.285714286,3,3,1,4,3,1,6,3,3,150,4,1,5,3.333333333,297,30,0,100,106.75,2,,,,,,,,,#DIV/0!,,,,,,,,,,,#DIV/0!,,,,,,,,#DIV/0!,,,,,,,,,,,#DIV/0!,,,,,,,,,,#DIV/0!,,,,#DIV/0!,,,,,,,,,,,#DIV/0!,,,,,#DIV/0!,Madeline Carlile,19,2,5,4,2,14,Exercise and Rehab Sciences,1,2,2,4,7,24.5,1,4,
9/17/2025 10:05,9/17/2025 10:39,157.201.98.1,2062,1,9/17/2025 10:39,2,4,4,5,2,4,3,5,3,5,2,3,5,3,2,1,5,4,3,4,3.45,4,6,2,4,4,3,5,6,4,7,5,3,2,2,2,1,2,17,14,14,15,18,15,18,15.85714286,1,3,1,1,1,1.4,1,5,5,4,6,3,4,4,4,2,4,3,2,2,3,4,3,5,2,4,3,2,4,2,5,5,3.277777778,5,6,6,6,3,5.2,3,4,2,4,2,3,3,2,3,3,3,2.571428571,5,5,3,3,4,2,3.75,2,3,3,2.666666667,2,1,1,2,2,2,4,2,2,5,1,4,1,1,8,1,2.875,0,2,1,3,2,58,0,8,25,22.75,2,,,,,,,,,#DIV/0!,,,,,,,,,,,#DIV/0!,,,,,,,,#DIV/0!,,,,,,,,,,,#DIV/0!,,,,,,,,,,#DIV/0!,,,,#DIV/0!,,,,,,,,,,,#DIV/0!,,,,,#DIV/0!,Hazel Kearl,18,2,5,4,2,13,Nursing pre recs,1,2,2,4,7,0,1,4,
9/17/2025 10:46,9/17/2025 11:05,205.185.110.147,1089,1,9/17/2025 11:05,5,3,4,5,2,3,2,4,2,4,4,3,4,2,4,4,3,4,6,6,3.7,6,6,6,6,6,6,6,6,6,6,6,6,6,6,6,6,6,17,17,17,18,18,18,19,17.71428571,1,1,1,1,1,1,5,2,5,3,5,2,5,3.857142857,4,1,4,1,3,1,2,3,1,3,1,1,4,1,4,1,4,2,2.277777778,6,6,5,6,5,5.6,3,3,3,3,3,3,3,3,3,3,3,3,1,1,4,2,5,1,1.25,3,3,3,3,2,2,2,2,2,2,2,2,7,3,5,4,5,4,4,4,4.5,187,5,6,5,5.333333333,438,0,466,348,313,2,,,,,,,,,#DIV/0!,,,,,,,,,,,#DIV/0!,,,,,,,,#DIV/0!,,,,,,,,,,,#DIV/0!,,,,,,,,,,#DIV/0!,,,,#DIV/0!,,,,,,,,,,,#DIV/0!,,,,,#DIV/0!,Porter Florence,25,1,5,3,3,12,Psychology ,1,2,2,5,2,12.1,1,4,
9/17/2025 12:34,9/17/2025 12:59,157.201.98.1,1499,1,9/17/2025 12:59,4,4,3,5,4,2,4,5,6,4,2,4,2,4,5,5,2,4,2,4,3.75,6,6,6,5,5.75,4,6,6,6,6,5.6,3,5,5,5,3,4.2,17,18,14,14,14,17,15,15.57142857,1,3,1,1,1,1.4,2,2,2,2,6,2,2,2.571428571,4,2,5,2,3,4,4,4,3,4,2,3,4,1,3,1,4,4,3.166666667,6,6,6,6,6,6,3,4,2,4,2,3,3,3,3,3,2,2.571428571,4,3,3,3,3,3,3.25,3,2,2,2.333333333,3,2,2,2,2,2,2,2.142857143,4,2,1,1,5,1,6,5,3.125,10,2,1,5,2.666666667,76,1,31,120,57,1,1,3,5,6,6,5,5,4,5.166666667,2,5,3,5,3,5,4,4,4,4,4,2,6,5,5,5,5,4,5,5,3,5,3,5,3,3,3,3,3,3.25,5,5,5,4,3,5,5,5,5,4.666666667,3,4,4,3.666666667,1,1,1,1,1,1,1,1,1,1,1,1,1,1,1,1,Madelyn Cardon,20,2,5,4,4,12,Pyschology,1,2,2,6,2,21.5,1,4,
9/17/2025 12:30,9/17/2025 13:08,192.225.189.118,2290,1,9/17/2025 13:08,4,3,5,3,2,3,2,4,2,4,5,5,2,2,1,6,3,4,2,6,3.4,5,7,7,5,6,4,6,5,7,6,5.6,2,3,2,3,5,3,14,17,13,13,18,16,13,14.85714286,2,3,1,1,3,2,1,5,5,7,6,1,4,4.142857143,2,2,3,2,1,2,5,3,1,3,2,2,3,2,4,2,3,4,2.555555556,2,5,4,6,7,4.8,2,5,1,4,2,3,3,1,4,2,1,1.714285714,4,2,3,3,4,2,2.75,4,2,2,2.666666667,3,1,2,2,3,2,3,2.285714286,5,4,1,2,2,3,6,1,3,180,6,4,5,5,165,25,446,145,195.25,2,,,,,,,,,#DIV/0!,,,,,,,,,,,#DIV/0!,,8,,,,,,8,,,,,,,,,,,#DIV/0!,,,,,,,,,,#DIV/0!,,,,#DIV/0!,,,,,,,,,,,#DIV/0!,,,,,#DIV/0!,Rachel Bake,21,2,5,4,4,9,pychology,2,2,2,3,5,3,1,4,
9/17/2025 13:08,9/17/2025 13:39,157.201.96.100,1875,1,9/17/2025 13:39,4,4,3,2,2,2,4,5,1,3,4,3,4,3,3,3,4,4,3,4,3.25,5,5,6,6,5.5,5,5,6,6,6,5.6,3,3,5,5,3,3.8,17,16,17,14,14,16,14,15.42857143,3,4,4,1,2,2.8,4,5,2,7,7,4,4,4.714285714,5,4,4,3,2,3,4,4,3,4,2,4,3,4,4,2,3,5,3.5,6,5,2,5,1,3.8,4,3,3,3,3,3,3,3,2,4,4,3.428571429,5,5,4,2,4,2,3.5,4,4,4,4,3,2,2,1,1,1,2,1.714285714,7,4,5,4,5,1,8,7,5.125,120,1,7,5,4.333333333,180,180,241,120,180.25,1,1,5,3,3,3,3,3,4,3.166666667,1,3,2,4,4,4,3,5,5,4,3.5,4,4,1,2,4,2,2,2.5,7,1,7,6,1,7,7,7,7,6,6,5,3,5,5,5,2,5,5,5,4.444444444,4,4,4,4,1,2,1,1,1,1,1,1,1,1,1.1,4,3,1,2,2.5,Nicholas Monical,22,1,5,4,4,13,"Biology, emphasis Neuroscience",1,2,2,3,4,27,1,4,
9/17/2025 13:19,9/17/2025 13:43,216.128.237.131,1487,1,9/17/2025 13:43,4,3,4,5,6,4,4,5,3,4,4,4,5,4,3,4,4,6,3,3,4.1,6,6,6,6,6,3,5,5,5,5,4.6,4,5,4,5,4,4.4,17,19,16,17,18,15,17,17,1,2,1,1,1,1.2,3,2,2,5,7,3,3,3.571428571,3,3,4,2,3,4,4,5,2,4,3,2,4,2,3,2,4,4,3.222222222,5,3,5,3,7,4.6,4,3,3,3,3,2,4,3,4,2,3,3.142857143,4,4,4,2,4,2,3,4,3,4,3.666666667,3,3,3,3,3,2,3,2.857142857,7,5,4,3,4,5,8,7,5.375,205,2,1,6,3,134,0,522,103,189.75,1,1,2,6,5,5,5,5,4,5,2,5,2,5,3,5,4,4,5,3,3.875,6,2,4,4,4,4,5,3.833333333,5,3,4,4,4,4,4,4,4,4,3.875,4,4,4,4,4,4,4,4,3,3.888888889,4,4,2,3.333333333,1,1,1,1,1,1,1,1,1,1,1,3,1,1,1,1.5,Telissa Christensen,21,2,5,4,2,16,health psychology,1,2,2,2,9,10,1,4,
9/17/2025 14:41,9/17/2025 15:03,157.201.96.100,1324,1,9/17/2025 15:03,4,4,4,3,2,3,3,4,5,2,5,5,5,3,4,4,4,3,2,4,3.65,5,5,4,5,4.75,3,5,6,6,6,5.2,5,4,5,5,5,4.8,17,17,14,14,17,16,14,15.57142857,2,1,3,1,1,1.6,5,5,5,7,6,6,5,5.571428571,4,4,2,4,1,2,2,2,5,4,2,2,2,3,3,2,2,2,2.666666667,2,2,4,2,2,2.4,4,5,1,3,3,2,4,3,3,3,3,3,3,4,3,3,3,3,3.25,5,3,3,3.666666667,5,2,5,4,2,2,2,3.142857143,7,5,5,3,5,1,8,7,5.125,134,5,6,6,5.666666667,359,0,42,169,142.5,2,,,,,,,,,#DIV/0!,,,,,,,,,,,#DIV/0!,,,,,,,,#DIV/0!,,,,,,,,,,,#DIV/0!,,,,,,,,,,#DIV/0!,,,,#DIV/0!,,,,,,,,,,,#DIV/0!,,,,,#DIV/0!,Caleb White,22,1,5,4,3,15,Computer Science,1,2,2,4,7,15,1,4,
9/17/2025 14:39,9/17/2025 15:07,205.185.105.49,1719,1,9/17/2025 15:07,3,2,4,2,1,5,3,4,1,2,4,5,4,3,5,4,6,3,4,,3.421052632,5,7,5,6,5.75,5,7,6,5,6,5.8,3,2,3,5,4,3.4,15,14,15,13,16,18,19,15.71428571,2,4,2,1,1,2,1,2,1,6,3,2,1,2.285714286,4,3,3,3,3,2,4,3,2,4,3,1,2,1,2,1,2,3,2.555555556,3,5,3,5,3,3.8,3,4,2,3,3,2,4,1,4,2,1,2.285714286,3,3,3,3,3,3,3,4,3,3,3.333333333,2,2,3,2,3,2,2,2.285714286,5,6,1,4,6,1,8,1,4,180,4,5,1,3.333333333,186,0,121,65,93,2,,,,,,,,,#DIV/0!,,,,,,,,,,,#DIV/0!,,,,,,,,#DIV/0!,,,,,,,,,,,#DIV/0!,,,,,,,,,,#DIV/0!,,,,#DIV/0!,,,,,,,,,,,#DIV/0!,,,,,#DIV/0!,Micah Barrus,22,1,5,4,3,15,General Psychology,1,2,2,6,2,12.2,1,4,
9/17/2025 14:34,9/17/2025 15:12,157.201.96.100,2273,1,9/17/2025 15:12,4,4,3,5,3,4,3,4,3,4,3,5,4,5,4,4,4,2,4,2,3.7,5,7,6,5,5.75,5,6,5,5,6,5.4,4,3,3,5,3,3.6,15,17,14,16,17,16,16,15.85714286,1,1,1,1,1,1,3,4,3,5,5,5,5,4.285714286,4,1,3,2,2,2,4,4,1,5,1,2,4,1,4,1,4,3,2.666666667,6,6,6,6,6,6,2,4,2,4,2,4,2,2,4,2,2,2,2,2,4,2,4,2,2,2,2,2,2,2,1,2,2,1,2,2,1.714285714,6,5,5,6,4,7,6,4,5.375,195,2,1,2,1.666666667,134,4,10,43,47.75,1,1,2,6,6,6,4,5,5,5.333333333,5,5,4,3,2,6,3,5,4,3,4.375,4,4,5,6,6,5,3,4.833333333,5,3,1,2,6,2,1,4,6,5,3,6,6,6,5,6,5,5,6,6,5.666666667,4,4,5,4.333333333,1,2,1,1,1,1,1,1,1,1,1.1,2,1,1,1,1.25,Cody Wilding,24,1,5,3,4,9,Psychology I/O emphasis,2,2,2,2,6,13.9,1,4,
9/17/2025 14:47,9/17/2025 15:44,192.225.186.66,3400,1,9/17/2025 15:44,3,5,3,4,4,2,5,4,1,4,4,4,3,4,2,3,5,4,4,5,3.65,5,6,5,4,5,6,6,7,6,5,6,5,5,5,5,5,5,15,17,16,14,14,15,16,15.28571429,2,1,1,2,2,1.6,1,5,2,6,5,2,2,3.285714286,4,3,4,3,3,3,5,4,4,4,3,2,3,2,4,2,4,4,3.388888889,6,6,7,7,5,6.2,3,3,3,4,2,4,2,3,3,3,5,3,4,4,3,3,4,2,3.25,2,3,3,2.666666667,2,1,1,1,1,2,3,1.571428571,3,2,2,4,1,4,5,3,3,70,1,1,5,2.333333333,125,0,230,118,118.25,1,1,7,1,5,6,4,5,4,4.166666667,3,5,5,3,2,6,1,7,6,4,4.875,3,5,5,6,6,7,6,5.833333333,2,6,5,6,3,5,5,4,5,7,5.375,5,4,6,3,3,3,4,5,4,4.111111111,5,5,5,5,1,3,1,1,1,1,1,1,1,1,1.2,4,3,1,1,2.25,Emma White,22,2,5,1,3,15,Health Psychology (but I want to join the social work program),1,2,2,3,4,30,1,4,
9/17/2025 15:34,9/17/2025 17:46,192.225.189.130,7892,1,9/17/2025 17:46,2,5,3,5,3,2,4,4,1,4,4,3,5,3,2,3,3,2,3,4,3.25,1,3,4,5,3.25,3,5,5,3,4,4,5,1,3,5,3,3.4,14,17,14,17,15,17,18,16,3,3,3,2,1,2.4,4,2,2,6,3,4,2,3.285714286,4,3,3,4,3,4,2,2,4,3,2,2,1,4,3,2,3,5,3,5,4,6,6,6,5.4,4,2,4,3,3,3,3,4,3,3,3,3.428571429,5,5,2,4,3,3,4.25,4,4,4,4,2,1,2,3,1,1,3,1.857142857,3,4,1,5,1,1,8,1,3,172,4,1,6,3.666666667,450,0,403,0,213.25,2,,,,,,,,,#DIV/0!,,,,,,,,,,,#DIV/0!,,,,,,,,#DIV/0!,,,,,,,,,,,#DIV/0!,,,,,,,,,,#DIV/0!,,,,#DIV/0!,,,,,,,,,,,#DIV/0!,,,,,#DIV/0!,Ellie Ping,21,2,5,4,4,12,"Psychology, general",1,2,2,4,2,25,1,4,
9/17/2025 15:49,9/17/2025 17:48,174.230.194.11,7107,1,9/17/2025 17:48,2,5,2,5,3,4,2,2,1,5,2,5,3,5,2,4,5,5,2,5,3.45,6,6,6,6,6,6,6,6,6,6,6,6,6,6,6,6,6,15,14,14,14,14,14,14,14.14285714,1,2,2,1,1,1.4,2,2,6,2,5,3,2,3.142857143,3,3,4,3,3,3,4,4,3,4,2,2,4,2,4,1,4,4,3.166666667,6,6,6,6,6,6,3,4,2,4,2,4,2,3,4,2,2,2.285714286,3,3,4,2,4,2,2.5,2,2,2,2,2,3,3,2,2,2,2,2.285714286,4,3,1,4,3,4,6,2,3.375,119,3,5,5,4.333333333,60,9,118,116,75.75,1,1,3,5,5,5,5,5,6,5.166666667,2,6,6,3,3,5,3,5,4,4,4.375,2,6,6,6,6,6,5,5.833333333,5,3,3,2,3,5,5,3,3,5,3.625,5,5,6,6,6,5,6,5,5,5.444444444,5,5,5,5,1,1,1,1,1,1,1,1,1,1,1,2,2,1,1,1.5,Mackenzie Anna Cook,23,2,5,1,4,12,Psychology with a general emphasis,2,2,2,3,6,12.1,1,4,
9/17/2025 17:49,9/17/2025 18:12,205.185.107.42,1393,1,9/17/2025 18:12,4,3,3,4,2,3,4,4,1,3,4,5,3,3,3,3,3,3,4,3,3.25,4,5,5,4,4.5,2,4,5,4,4,3.8,5,4,5,4,5,4.6,17,14,15,15,14,16,15,15.14285714,1,1,1,1,1,1,4,3,3,5,4,3,3,3.571428571,3,3,4,3,4,2,4,3,2,4,3,3,2,3,3,3,4,4,3.166666667,2,5,6,3,2,3.6,4,4,2,3,3,3,3,3,2,4,3,3.142857143,4,4,3,3,3,3,3.5,4,3,3,3.333333333,3,2,4,4,3,3,3,3.142857143,1,4,1,3,2,1,8,1,2.625,245,5,4,1,3.333333333,221,0,148,0,92.25,2,,,,,,,,,#DIV/0!,,,,,,,,,,,#DIV/0!,,,,,,,,#DIV/0!,,,,,,,,,,,#DIV/0!,,,,,,,,,,#DIV/0!,,,,#DIV/0!,,,,,,,,,,,#DIV/0!,,,,,#DIV/0!,Jason Miller,22,1,5,4,3,11,Psychology,1,2,2,4,6,4.5,1,4,
9/17/2025 18:54,9/17/2025 19:21,192.225.180.2,1619,1,9/17/2025 19:21,2,3,2,4,4,4,4,4,3,4,3,4,5,4,3,3,5,4,4,3,3.6,4,5,5,5,4.75,5,6,6,6,5,5.6,5,3,3,3,3,3.4,16,17,15,16,16,16,14,15.71428571,1,1,1,1,1,1,5,2,4,5,6,6,6,4.857142857,3,2,3,2,3,2,4,3,2,4,1,1,2,1,4,1,4,4,2.555555556,3,6,5,5,5,4.8,3,3,3,3,3,4,2,2,3,3,2,2.571428571,3,3,3,3,4,2,2.75,1,1,1,1,3,2,3,2,1,2,4,2.428571429,3,2,1,3,5,4,1,1,2.5,61,2,1,6,3,173,0,500,180,213.25,2,,,,,,,,,#DIV/0!,,,,,,,,,,,#DIV/0!,,,,,,,,#DIV/0!,,,,,,,,,,,#DIV/0!,,,,,,,,,,#DIV/0!,,,,#DIV/0!,,,,,,,,,,,#DIV/0!,,,,,#DIV/0!,Charlie Haglund,23,1,5,1,4,15,Health Psychology,1,1,2,6,2,12,1,4,
9/17/2025 19:22,9/17/2025 19:36,157.201.98.1,810,1,9/17/2025 19:36,5,4,2,3,3,2,3,5,2,3,4,3,6,2,4,6,4,4,3,4,3.6,5,6,5,4,5,6,5,6,6,6,5.8,5,5,6,6,5,5.4,19,18,15,14,17,19,17,17,3,4,3,1,1,2.4,6,5,6,7,7,6,6,6.142857143,3,4,3,3,3,2,3,3,3,4,3,3,4,3,4,3,3,4,3.222222222,5,5,5,5,6,5.2,3,3,3,4,2,3,3,4,4,2,3,2.857142857,3,3,3,3,3,3,3,4,3,4,3.666666667,3,3,4,2,2,2,4,2.857142857,6,5,6,4,4,2,2,3,4,721,8,2,5,5,737,34,565,489,456.25,2,,,,,,,,,#DIV/0!,,,,,,,,,,,#DIV/0!,,,,,,,,#DIV/0!,,,,,,,,,,,#DIV/0!,,,,,,,,,,#DIV/0!,,,,#DIV/0!,,,,,,,,,,,#DIV/0!,,,,,#DIV/0!,Lillian Spangler,21,2,5,3,4,12,Health Psychology,1,2,2,4,4,24.8,1,4,
9/17/2025 19:44,9/17/2025 20:57,38.43.9.100,4360,1,9/17/2025 20:57,5,4,2,5,5,2,4,3,1,5,4,6,5,4,2,6,6,6,3,5,4.15,7,7,7,7,7,7,7,6,7,6,6.6,6,6,6,6,7,6.2,13,17,13,14,13,15,13,14,4,3,4,3,4,3.6,2,1,1,7,7,2,1,3,4,2,4,3,4,2,2,4,2,5,1,2,5,1,5,1,3,3,2.944444444,5,6,5,6,1,4.6,3,4,2,4,2,3,3,2,4,2,2,2.285714286,4,2,4,2,4,2,2.5,5,4,5,4.666666667,3,2,3,2,1,2,3,2.285714286,3,4,1,3,3,1,7,2,3,25,2,2,5,3,56,1,36,208,75.25,1,1,6,2,3,5,5,5,5,4.166666667,1,5,5,3,3,5,5,3,5,5,4,1,7,1,1,7,6,7,4.833333333,1,7,2,1,1,7,6,5,6,7,5.125,7,5,7,3,6,2,5,7,7,5.444444444,5,5,5,5,1,1,1,1,1,1,1,1,1,1,1,4,4,3,4,3.75,Derrick Southam,38,1,5,5,4,6,Health Psychology,1,2,2,4,4,30,1,4,
9/17/2025 21:00,9/17/2025 21:25,157.201.63.1,1487,1,9/17/2025 21:25,6,3,3,2,4,5,3,4,1,2,4,3,5,3,3,3,3,3,3,3,3.3,5,6,5,6,5.5,5,5,6,5,6,5.4,5,3,4,5,6,4.6,14,17,14,15,14,17,14,15,2,1,1,2,1,1.4,2,2,3,6,6,6,5,4.285714286,2,3,3,3,3,2,3,3,2,2,2,4,2,4,3,3,2,2,2.666666667,3,5,6,5,2,4.2,3,4,2,3,3,3,3,3,3,3,3,2.857142857,2,3,4,2,4,2,2.25,3,2,3,2.666666667,3,2,2,2,2,2,3,2.285714286,5,4,1,4,4,4,6,6,4.25,197,5,5,5,5,182,0,111,111,101,1,1,5,3,5,5,4,4,3,4,1,2,2,5,3,5,4,4,3,5,3.375,5,3,5,2,3,2,3,3,3,5,5,3,3,5,5,5,5,5,4.75,4,3,3,3,3,3,3,3,3,3.111111111,4,4,4,4,1,1,1,1,1,1,1,2,1,1,1.1,3,1,1,1,1.5,Matias Pauvif,22,1,6,3,2,14,"Psychology, IO Psychology",2,2,2,3,8,4,1,4,
9/17/2025 14:27,9/17/2025 21:28,157.201.96.100,25260,1,9/17/2025 21:28,4,4,3,5,2,3,3,4,2,4,5,2,4,3,5,4,3,4,5,4,3.65,2,5,4,3,3.5,5,6,6,4,4,5,3,4,2,3,5,3.4,17,17,14,18,18,17,17,16.85714286,1,1,1,1,1,1,6,4,5,5,7,2,5,4.857142857,4,1,3,2,3,1,3,3,3,3,1,1,3,1,3,1,3,2,2.277777778,5,5,6,6,3,5,3,3,3,3,3,4,2,3,3,3,3,2.857142857,3,3,3,3,3,3,3,2,2,2,2,2,2,2,2,2,2,2,2,5,6,1,2,4,1,8,7,4.25,180,4,3,1,2.666666667,239,14,121,25,99.75,2,,,,,,,,,#DIV/0!,,,,,,,,,,,#DIV/0!,,,,,,,,#DIV/0!,,,,,,,,,,,#DIV/0!,,,,,,,,,,#DIV/0!,,,,#DIV/0!,,,,,,,,,,,#DIV/0!,,,,,#DIV/0!,Henry Niko,22,1,3,3,2,13,"Interdisciplinary Studies, Spanish Concentration",1,2,2,4,2,24.2,1,4,
9/18/2025 9:06,9/18/2025 9:23,205.185.107.16,1016,1,9/18/2025 9:23,5,5,2,5,3,4,4,2,2,4,2,4,2,5,2,2,3,4,3,5,3.4,6,6,6,6,6,6,6,6,6,6,6,6,6,6,6,6,6,14,14,14,14,14,14,14,14,1,1,1,1,1,1,5,5,4,3,6,4,6,4.714285714,4,1,4,2,4,1,5,4,2,4,2,1,4,1,4,1,4,2,2.777777778,5,5,5,5,6,5.2,1,4,2,4,2,4,2,2,4,2,2,1.857142857,3,3,4,2,3,3,2.75,4,2,2,2.666666667,1,2,3,1,1,1,3,1.714285714,7,6,5,4,7,1,6,6,5.25,153,2,1,4,2.333333333,148,1,211,53,103.25,1,1,4,4,5,5,4,4,4,4.333333333,3,4,3,5,2,6,2,6,5,2,4.25,4,4,5,7,6,6,4,5.333333333,2,6,6,2,2,6,5,5,3,2,4.375,5,5,5,3,3,3,3,3,3,3.666666667,4,4,4,4,1,1,1,1,1,1,1,1,1,1,1,2,2,1,1,1.5,Ashlyn Hansen,23,2,5,4,4,9,General Psych,1,2,2,3,6,15,1,4,
9/18/2025 9:29,9/18/2025 9:48,192.187.62.4,1155,1,9/18/2025 9:48,4,4,5,4,4,3,4,5,3,4,4,5,3,3,4,4,5,3,4,4,3.95,6,6,6,6,6,4,5,6,6,6,5.4,5,5,5,5,5,5,18,17,18,15,17,18,18,17.28571429,2,3,2,1,1,1.8,4,5,4,4,5,4,4,4.285714286,4,1,5,3,4,3,5,5,3,4,2,2,4,2,5,1,4,4,3.388888889,5,6,5,5,5,5.2,3,4,2,4,2,4,2,2,4,2,2,2.142857143,4,4,5,1,5,1,2.5,2,3,3,2.666666667,3,2,3,3,3,3,4,3,8,5,6,5,7,6,6,4,5.875,179,4,5,5,4.666666667,119,0,139,70,82,2,,,,,,,,,#DIV/0!,,,,,,,,,,,#DIV/0!,,,,,,,,#DIV/0!,,,,,,,,,,,#DIV/0!,,,,,,,,,,#DIV/0!,,,,#DIV/0!,,,,,,,,,,,#DIV/0!,,,,,#DIV/0!,Joshua Owens,25,1,5,3,4,12,Psychology,1,2,2,3,2,10,1,4,
9/17/2025 8:34,9/18/2025 11:32,157.201.96.100,97084,1,9/18/2025 11:32,6,4,5,3,2,2,2,5,2,2,6,4,6,2,5,5,4,3,6,3,3.85,5,4,4,4,4.25,2,2,5,5,5,3.8,5,3,3,5,1,3.4,18,17,15,15,17,17,15,16.28571429,2,2,1,1,2,1.6,2,2,4,6,6,5,4,4.142857143,4,2,4,2,1,2,4,3,2,2,1,2,3,2,4,3,2,3,2.555555556,5,4,5,5,3,4.4,5,4,2,3,3,4,2,4,2,4,4,3.428571429,5,4,3,3,3,3,3.75,3,2,3,2.666666667,4,5,4,2,2,3,4,3.428571429,5,4,2,1,2,1,8,6,3.625,190,3,1,1,1.666666667,98,93,228,24,110.75,1,1,4,4,5,5,5,5,6,5,2,3,6,3,4,4,2,6,6,6,4.5,1,7,3,7,5,6,3,5.166666667,7,1,7,7,7,1,7,7,7,7,5.5,7,6,7,3,6,2,5,5,5,5.111111111,5,5,5,5,1,3,3,1,1,1,1,1,1,1,1.4,1,1,1,1,1,Emma James,21,2,5,4,2,12,Exercise Physiology ,1,1,2,5,4,18.2,1,4,
9/18/2025 11:13,9/18/2025 11:38,157.201.98.1,1497,1,9/18/2025 11:38,3,3,4,5,2,4,4,3,3,4,4,5,4,3,4,5,4,4,4,3,3.75,5,6,6,6,5.75,6,6,6,6,6,6,6,6,6,6,3,5.4,18,17,17,15,18,17,14,16.57142857,1,2,1,1,2,1.4,6,2,3,3,6,5,5,4.285714286,4,1,4,2,4,2,5,4,2,4,2,2,5,1,4,1,5,2,3,6,6,6,6,6,6,1,4,2,4,2,5,1,1,4,2,1,1.428571429,2,2,5,1,5,1,1.5,2,3,2,2.333333333,1,3,3,2,1,1,3,2,5,4,3,3,3,4,8,4,4.25,438,3,1,1,1.666666667,192,195,195,201,195.75,2,,,,,,,,,#DIV/0!,,,,,,,,,,,#DIV/0!,,,,,,,,#DIV/0!,,,,,,,,,,,#DIV/0!,,,,,,,,,,#DIV/0!,,,,#DIV/0!,,,,,,,,,,,#DIV/0!,,,,,#DIV/0!,TJ Cottle,24,1,5,1,4,20,Family Studies (Psycology),1,2,2,1,5,12.1,1,4,
9/18/2025 11:50,9/18/2025 12:40,205.185.107.19,3011,1,9/18/2025 12:40,2,3,3,5,3,4,4,5,3,4,5,3,4,4,4,5,4,4,4,5,3.9,5,6,6,4,5.25,5,6,6,5,6,5.6,5,5,6,5,6,5.4,17,17,15,15,15,17,16,16,2,2,3,2,3,2.4,3,2,4,5,5,4,3,3.714285714,3,4,4,3,2,3,4,4,3,4,3,2,4,3,4,3,4,4,3.388888889,6,6,6,6,6,6,3,3,3,4,2,3,3,3,4,2,3,2.714285714,3,4,4,2,5,1,2.5,2,3,3,2.666666667,3,3,3,2,2,2,3,2.571428571,3,5,2,2,2,3,8,4,3.625,138,3,1,1,1.666666667,191,0,57,0,62,1,1,2,6,6,6,6,7,6,6.166666667,6,7,6,3,2,6,4,4,5,2,4.875,4,4,3,5,4,5,5,4.333333333,5,3,3,3,5,3,4,5,5,5,3.875,6,6,7,6,7,6,6,6,6,6.222222222,5,5,5,5,1,2,1,1,1,1,1,1,1,1,1.1,1,1,1,1,1,Avery Clark,20,2,5,1,3,12,Psychology; Emphasis in Psychology,1,2,2,3,8,5.6,1,4,
9/18/2025 11:02,9/18/2025 13:33,205.185.107.57,9041,1,9/18/2025 13:33,3,5,4,4,2,3,4,3,2,3,4,4,4,3,2,2,3,4,3,5,3.35,5,6,6,5,5.5,4,6,5,6,5,5.2,4,4,5,6,5,4.8,15,16,14,14,18,15,16,15.42857143,1,3,2,3,2,2.2,5,4,5,4,5,4,5,4.571428571,3,3,4,3,2,2,4,3,4,4,3,2,5,1,4,2,3,4,3.111111111,5,6,5,6,5,5.4,3,4,2,3,3,3,3,2,3,3,2,2.571428571,4,4,3,3,3,3,3.5,3,2,3,2.666666667,2,2,2,2,1,2,2,1.857142857,3,4,1,3,2,3,6,1,2.875,45,5,2,5,4,200,0,25,400,156.25,1,1,4,4,5,5,4,4,5,4.5,6,5,4,5,4,4,3,5,4,3,4.5,3,5,3,5,4,5,5,4.5,2,6,6,3,3,5,6,5,5,6,5.25,4,4,4,3,3,4,4,5,5,4,5,5,5,5,1,2,1,1,1,1,1,1,1,1,1.1,2,2,1,1,1.5,Alejandra Waite,24,2,5,1,3,,Psychology emphasis General,3,2,2,3,1,9,1,4,
9/18/2025 10:59,9/18/2025 14:46,157.201.98.1,13611,1,9/18/2025 14:46,2,5,2,5,5,4,5,3,1,3,3,4,3,4,2,2,5,5,3,3,3.45,4,6,6,6,5.5,3,6,4,7,7,5.4,6,4,5,3,5,4.6,17,17,13,13,13,16,13,14.57142857,1,1,2,1,1,1.2,5,5,3,4,6,5,4,4.571428571,3,1,3,2,3,2,4,4,3,3,2,2,3,2,3,2,4,3,2.722222222,4,5,6,6,3,4.8,3,3,3,2,4,4,2,3,4,2,2,2.714285714,3,3,4,2,3,3,2.75,3,3,1,2.333333333,1,1,1,1,1,1,2,1.142857143,6,5,5,3,4,4,1,5,4.125,445,6,1,4,3.666666667,400,0,138,62,150,2,,,,,,,,,#DIV/0!,,,,,,,,,,,#DIV/0!,,,,,,,,#DIV/0!,,,,,,,,,,,#DIV/0!,,,,,,,,,,#DIV/0!,,,,#DIV/0!,,,,,,,,,,,#DIV/0!,,,,,#DIV/0!,Bryson Rouse,21,1,5,4,2,19,Psychology,1,2,2,6,8,15.2,1,4,
9/18/2025 14:17,9/18/2025 15:19,24.119.222.224,3745,1,9/18/2025 15:19,4,4,4,5,2,2,4,3,4,4,4,4,4,4,3,4,4,4,4,4,3.75,6,6,6,6,6,7,7,6,6,6,6.4,6,5,5,6,5,5.4,15,16,14,14,14,14,14,14.42857143,1,1,2,2,1,1.4,2,2,2,5,5,1,5,3.142857143,3,3,3,3,3,2,3,3,4,1,1,4,1,2,2,3,3,3,2.611111111,6,6,5,6,5,5.6,3,4,2,4,2,4,2,2,4,2,3,2.285714286,3,2,3,3,4,2,2.5,4,4,2,3.333333333,1,1,3,2,1,1,1,1.428571429,1,2,1,1,1,3,6,1,2,31,2,1,1,1.333333333,61,31,147,0,59.75,1,1,2,6,6,6,4,6,5,5.5,3,5,2,6,1,7,2,6,5,2,4.5,5,3,6,6,6,6,5,5.333333333,6,2,3,2,3,5,6,6,5,3,4,4,4,6,3,4,4,3,4,4,4,4,5,5,4.666666667,1,1,1,1,1,1,1,1,1,1,1,1,1,1,1,1,BreAnn Arnold,46,2,5,1,3,12,Health Psychology,1,2,2,1,6,30,1,4,
9/18/2025 14:47,9/18/2025 15:52,205.185.107.66,3899,1,9/18/2025 15:52,5,4,5,4,2,5,3,5,4,5,4,5,5,2,4,5,4,5,5,2,4.15,5,4,6,4,4.75,4,5,4,6,3,4.4,3,4,2,3,4,3.2,18,17,14,14,19,13,13,15.42857143,1,2,2,2,1,1.6,2,2,7,6,7,2,6,4.571428571,4,2,1,2,4,1,4,4,3,5,2,2,5,1,4,2,5,4,3.055555556,6,6,5,7,3,5.4,5,5,1,4,2,4,2,3,4,2,2,2.428571429,4,4,3,3,4,2,3.25,4,2,2,2.666666667,2,1,1,1,1,1,3,1.428571429,7,5,6,4,4,1,6,2,4.375,120,5,1,4,3.333333333,234,223,207,61,181.25,1,1,3,5,4,6,4,3,4,4.333333333,1,4,1,4,3,5,6,2,4,2,2.875,7,1,2,2,2,4,2,2.166666667,7,1,6,6,1,7,7,4,7,6,5.5,4,5,5,4,4,1,4,6,6,4.333333333,4,4,4,4,1,1,1,1,1,1,1,1,1,1,1,1,1,1,1,1,NAKISHA SAVORY,27,2,7,4,2,12,"Psychology, emphasis on prerequisite for dental school",1,2,2,1,4,4,1,4,
9/18/2025 15:57,9/18/2025 16:34,157.201.96.100,2214,1,9/18/2025 16:34,6,2,4,4,4,3,4,4,1,3,3,5,4,3,3,3,5,3,3,4,3.55,5,6,5,5,5.25,6,4,4,5,6,5,5,3,3,4,2,3.4,17,17,15,14,14,17,14,15.42857143,1,2,2,2,1,1.6,3,5,4,4,6,3,3,4,3,3,4,3,3,2,4,4,3,4,2,2,4,2,4,2,4,4,3.166666667,4,5,4,4,5,4.4,3,3,3,3,3,4,2,3,2,4,3,3,3,3,4,2,4,2,2.5,2,3,2,2.333333333,3,3,3,2,2,3,3,2.714285714,8,5,4,5,6,4,8,6,5.75,351,5,1,1,2.333333333,500,101,100,8,177.25,2,,,,,,,,,#DIV/0!,,,,,,,,,,,#DIV/0!,,,,,,,,#DIV/0!,,,,,,,,,,,#DIV/0!,,,,,,,,,,#DIV/0!,,,,#DIV/0!,,,,,,,,,,,#DIV/0!,,,,,#DIV/0!,Misaki Kamegawa,22,2,7,3,2,14,Sociology,1,2,2,3,5,20,1,4,
9/18/2025 16:32,9/18/2025 17:03,67.61.161.219,1856,1,9/18/2025 17:03,3,3,5,2,1,4,4,5,1,2,2,4,3,3,3,2,3,4,3,4,3.05,3,5,4,5,4.25,6,6,5,6,7,6,7,3,4,5,7,5.2,13,15,14,13,17,15,17,14.85714286,3,4,4,1,2,2.8,2,5,3,6,5,5,1,3.857142857,3,2,4,4,2,2,3,2,4,3,3,3,3,4,4,2,2,5,3.055555556,4,4,7,6,6,5.4,3,2,4,3,3,3,3,3,2,4,2,3.142857143,5,5,3,3,2,4,4.25,3,3,3,3,2,2,3,2,2,2,1,2,1,1,1,1,1,2,3,1,1.375,0,6,3,4,4.333333333,240,0,100,0,85,1,1,2,6,5,6,5,5,5,5.333333333,2,2,5,6,3,5,3,5,5,2,4,6,2,2,2,5,5,6,3.666666667,6,2,2,2,3,5,2,2,3,1,2.375,5,5,6,5,5,5,5,5,5,5.111111111,3,3,3,3,1,1,1,1,1,1,1,1,1,1,1,4,3,1,1,2.25,William Luke,22,1,5,1,4,12,IO PSYCH,2,2,2,5,7,18,1,4,
9/17/2025 10:10,9/18/2025 17:09,205.185.110.100,111542,1,9/18/2025 17:09,2,4,2,5,2,3,3,2,1,5,3,4,2,4,4,3,2,4,2,5,3.1,6,6,6,5,5.75,3,6,5,6,6,5.2,6,5,5,6,6,5.6,15,17,17,14,14,15,14,15.14285714,1,2,1,1,2,1.4,5,2,2,6,6,2,4,3.857142857,3,1,2,2,3,2,5,4,2,4,2,3,4,2,4,1,4,2,2.777777778,5,6,5,6,6,5.6,2,5,1,4,2,4,2,2,4,2,2,1.857142857,3,1,4,2,5,1,1.75,3,3,3,3,1,1,2,1,1,1,2,1.285714286,5,4,2,4,2,2,8,4,3.875,151,5,6,5,5.333333333,203,45,399,0,161.75,1,1,2,6,6,6,6,6,6,6,4,6,6,5,2,6,2,6,6,1,5,6,2,3,2,2,2,6,2.833333333,4,4,5,3,6,2,5,2,5,6,4,6,6,6,5,5,5,6,6,6,5.666666667,5,5,4,4.666666667,2,2,1,3,2,1,1,1,1,1,1.5,2,1,1,1,1.25,Landon Layton,22,1,5,4,4,11,Health Psychology,1,2,2,2,2,13,1,4,
9/18/2025 16:59,9/18/2025 17:23,24.117.38.200,1435,1,9/18/2025 17:23,4,5,5,4,4,3,4,3,2,4,4,3,4,3,2,2,3,3,2,3,3.35,6,6,5,6,5.75,6,6,4,5,5,5.2,5,5,4,5,6,5,16,17,14,14,14,18,14,15.28571429,2,1,2,1,1,1.4,3,5,4,6,5,4,4,4.428571429,3,2,1,3,1,2,2,2,3,2,1,4,2,3,2,1,2,2,2.111111111,2,2,3,2,2,2.2,3,3,3,3,3,3,3,3,3,3,2,2.857142857,3,4,3,3,3,3,3.25,3,4,3,3.333333333,2,2,2,2,2,2,3,2.142857143,5,4,1,5,2,3,7,1,3.5,400,5,5,5,5,400,0,82,194,169,2,,,,,,,,,#DIV/0!,,,,,,,,,,,#DIV/0!,,,,,,,,#DIV/0!,,,,,,,,,,,#DIV/0!,,,,,,,,,,#DIV/0!,,,,#DIV/0!,,,,,,,,,,,#DIV/0!,,,,,#DIV/0!,Parker Smith,25,1,5,1,3,15,Psychology ,1,2,2,3,7,12.1,1,4,
9/18/2025 16:31,9/18/2025 17:35,205.185.107.23,3885,1,9/18/2025 17:35,4,4,3,3,2,5,4,4,2,3,4,4,3,3,3,4,4,3,4,3,3.45,5,5,6,5,5.25,5,5,5,5,5,5,3,5,3,3,5,3.8,17,18,17,15,17,15,14,16.14285714,2,1,2,1,2,1.6,2,2,3,5,5,3,3,3.285714286,4,3,3,3,3,3,4,4,3,3,2,3,3,2,4,2,4,3,3.111111111,4,5,3,5,3,4,3,3,3,3,3,3,3,3,3,3,4,3.142857143,4,4,3,3,3,3,3.5,2,2,2,2,2,1,2,2,2,1,2,1.714285714,4,3,1,2,3,4,6,4,3.375,184,5,5,4,4.666666667,174,0,365,73,153,2,,,,,,,,,#DIV/0!,,,,,,,,,,,#DIV/0!,,,,,,,,#DIV/0!,,,,,,,,,,,#DIV/0!,,,,,,,,,,#DIV/0!,,,,#DIV/0!,,,,,,,,,,,#DIV/0!,,,,,#DIV/0!,Hayden Huff,29,1,5,1,4,12,Psychology,1,2,2,6,8,24,1,4,
9/18/2025 16:49,9/18/2025 17:54,157.201.96.100,3874,1,9/18/2025 17:54,2,3,4,4,2,4,2,3,3,4,4,4,5,4,4,3,5,4,2,4,3.5,5,5,5,5,5,5,4,5,5,5,4.8,2,2,2,4,2,2.4,18,18,14,18,16,15,14,16.14285714,1,2,3,2,1,1.8,2,5,5,6,6,2,2,4,2,2,3,4,2,2,2,3,3,3,1,3,2,2,3,1,3,5,2.555555556,2,3,4,5,2,3.2,4,2,4,3,3,3,3,3,3,3,3,3.285714286,5,5,3,3,3,3,4,4,3,4,3.666666667,2,3,2,2,1,2,3,2.142857143,3,2,2,3,3,2,3,2,2.5,304,6,1,6,4.333333333,404,11,405,381,300.25,1,1,5,3,4,5,3,2,3,3.333333333,1,2,5,5,2,6,3,5,2,2,3.5,3,5,3,5,4,5,3,4.166666667,2,6,3,5,2,6,4,6,6,6,5.25,4,2,6,3,3,2,4,3,4,3.444444444,4,4,4,4,1,5,1,1,1,1,1,1,1,1,1.4,1,1,1,1,1,Mauri Church,24,2,5,4,3,12,Marriage and Family Studies ,2,2,2,2,1,29.9,1,4,
9/18/2025 19:16,9/18/2025 20:28,192.225.180.2,4321,1,9/18/2025 20:28,2,5,3,5,5,2,4,4,4,5,4,5,3,3,3,2,3,4,3,4,3.65,6,4,5,5,5,4,5,6,6,6,5.4,6,6,6,6,6,6,17,16,15,14,15,16,15,15.42857143,1,1,1,2,2,1.4,3,3,3,2,6,3,2,3.142857143,3,2,2,3,2,1,4,4,2,5,2,2,3,1,4,2,3,3,2.666666667,6,7,6,7,7,6.6,3,3,3,4,2,3,3,2,3,3,2,2.571428571,3,3,3,3,3,3,3,2,2,3,2.333333333,2,2,3,2,1,1,3,2,3,4,2,2,4,4,7,2,3.5,65,3,1,3,2.333333333,121,141,180,0,110.5,1,1,5,3,5,5,4,3,3,3.833333333,1,2,2,4,3,5,5,3,3,5,3.125,3,5,3,2,4,4,4,3.666666667,2,6,2,2,5,3,3,3,5,2,3.25,5,4,6,5,5,5,5,5,5,5,4,4,4,4,1,2,1,1,1,1,1,1,1,1,1.1,3,3,2,1,2.25,Kaley Miller,23,2,5,1,4,12,General Psychology,1,2,2,3,2,5.5,1,4,
9/18/2025 20:43,9/18/2025 21:17,24.116.48.29,2010,1,9/18/2025 21:17,5,5,2,5,3,5,2,5,2,4,4,5,5,3,4,5,5,3,4,4,4,6,6,6,6,6,6,6,6,6,6,6,6,6,5,6,5,5.6,15,17,16,14,17,18,14,15.85714286,1,1,1,1,1,1,5,2,2,3,6,2,2,3.142857143,4,3,4,2,3,2,5,4,2,5,2,2,4,2,5,1,5,2,3.166666667,5,7,6,7,5,6,2,4,2,4,2,3,3,2,3,3,2,2.285714286,2,3,4,2,4,2,2.25,1,2,2,1.666666667,3,3,3,3,1,2,2,2.428571429,3,4,1,3,4,5,6,4,3.75,121,3,1,4,2.666666667,300,0,300,60,165,1,1,2,6,3,6,5,5,6,5.166666667,1,6,1,6,6,2,6,2,1,5,3,3,5,2,2,2,3,2,2.666666667,6,2,3,2,2,6,2,2,6,2,3.125,5,3,6,3,5,4,6,5,3,4.444444444,4,4,3,3.666666667,1,3,2,2,1,1,1,1,1,1,1.4,2,2,1,1,1.5,Derek Bake,22,1,5,1,3,12,Industrial Organizational Psychology,2,2,2,3,2,17,1,4,
9/18/2025 22:08,9/18/2025 22:45,96.31.123.55,2216,1,9/18/2025 22:45,4,4,2,4,4,3,4,4,2,4,5,4,4,4,4,3,4,5,4,3,3.75,5,5,7,7,6,5,5,6,6,6,5.6,5,5,3,3,4,4,16,17,14,14,14,14,14,14.71428571,2,1,3,3,1,2,5,6,3,5,7,2,5,4.714285714,4,3,4,4,4,3,4,4,2,4,1,2,4,2,5,2,4,4,3.333333333,5,5,3,5,5,4.6,5,2,4,2,4,2,4,4,3,3,4,4,5,5,3,3,3,3,4,5,4,4,4.333333333,3,1,2,2,2,2,1,1.857142857,8,6,5,5,8,1,7,6,5.75,200,7,1,7,5,200,1,600,600,350.25,1,1,2,6,6,6,6,4,6,5.666666667,6,6,5,5,1,7,3,5,5,1,5,5,3,6,7,7,7,7,6.166666667,7,1,7,7,1,7,7,7,7,7,6.25,7,7,7,7,7,7,7,7,7,7,5,5,5,5,1,1,1,1,1,1,1,1,1,1,1,1,1,1,1,1,Callin Preator,26,2,5,4,4,12,Psychology,2,2,2,3,2,15,1,5,
9/19/2025 9:10,9/19/2025 9:36,157.201.96.100,1527,1,9/19/2025 9:36,2,4,3,2,3,2,3,2,1,2,3,3,4,5,3,4,5,4,3,3,3.05,6,7,7,6,6.5,2,6,6,7,6,5.4,5,6,7,5,4,5.4,14,17,15,14,13,17,14,14.85714286,1,2,1,1,1,1.2,2,2,2,2,3,2,2,2.142857143,4,3,4,3,3,2,5,4,3,5,4,2,5,1,5,3,4,4,3.555555556,6,6,7,6,5,6,2,4,2,5,1,4,2,2,4,2,2,1.857142857,4,3,4,2,4,2,2.75,2,2,2,2,2,1,1,2,1,1,2,1.428571429,2,2,1,2,2,4,8,4,3.125,15,5,6,3,4.666666667,119,0,721,29,217.25,2,,,,,,,,,#DIV/0!,,,,,,,,,,,#DIV/0!,,,,,,,,#DIV/0!,,,,,,,,,,,#DIV/0!,,,,,,,,,,#DIV/0!,,,,#DIV/0!,,,,,,,,,,,#DIV/0!,,,,,#DIV/0!,Michael Johnsen,28,1,5,1,4,12,"Psychology, General Emphasis",1,2,2,3,2,15,1,4,
9/19/2025 9:25,9/19/2025 9:50,157.201.98.1,1534,1,9/19/2025 9:50,5,4,2,4,2,4,2,3,1,3,4,3,2,2,4,5,3,2,3,3,3.05,7,7,7,7,7,6,7,6,7,7,6.6,6,5,5,6,4,5.2,14,15,13,13,14,13,13,13.57142857,1,1,2,2,1,1.4,2,2,5,4,6,2,2,3.285714286,3,2,4,2,1,2,4,4,1,5,1,2,3,2,5,1,5,4,2.833333333,6,6,5,7,7,6.2,3,2,4,4,2,3,3,3,4,2,4,3,4,4,4,2,4,2,3,1,1,1,1,1,1,1,1,1,1,3,1.285714286,4,4,1,2,4,6,8,1,3.75,245,4,1,1,2,242,0,720,86,262,2,,,,,,,,,#DIV/0!,,,,,,,,,,,#DIV/0!,,,,,,,,#DIV/0!,,,,,,,,,,,#DIV/0!,,,,,,,,,,#DIV/0!,,,,#DIV/0!,,,,,,,,,,,#DIV/0!,,,,,#DIV/0!,Julia Conover,23,2,5,2,4,16,"Psychology, emphasis in general Psych",2,1,2,6,8,26.5,1,4,
9/19/2025 9:24,9/19/2025 10:01,205.185.107.55,2218,1,9/19/2025 10:01,3,5,3,4,4,3,2,3,1,3,5,6,2,3,3,4,5,5,4,4,3.6,5,6,6,5,5.5,6,6,5,6,7,6,7,5,4,3,4,4.6,17,16,17,15,17,16,17,16.42857143,1,3,3,1,3,2.2,3,2,3,7,7,1,4,3.857142857,4,3,4,4,3,3,4,3,2,4,3,2,5,2,5,3,4,3,3.388888889,5,6,6,5,6,5.6,3,3,3,3,3,4,2,4,3,3,4,3.142857143,3,4,3,3,3,3,3.25,4,4,4,4,4,2,4,4,3,4,3,3.428571429,5,4,3,4,4,4,6,3,4.125,4,7,5,1,4.333333333,241,0,40,2,70.75,1,,2,6,5,5,4,5,5,5,2,5,6,3,1,7,1,7,6,1,4.625,3,5,5,5,4,5,5,4.833333333,6,2,5,6,2,6,6,6,6,6,5.375,5,4,6,4,4,3,6,6,5,4.777777778,4,4,4,4,1,3,2,1,1,2,1,2,1,1,1.5,2,1,1,1,1.25,Paige Pulsipher,20,2,5,1,2,12,Psychology (right now health but it is supposed to be behavior),1,2,2,3,2,8.5,1,4,
9/19/2025 9:26,9/19/2025 10:05,157.201.96.100,2316,1,9/19/2025 10:05,5,3,3,4,3,5,3,3,2,4,3,4,3,2,3,2,2,4,4,4,3.3,3,5,2,2,3,5,4,4,3,3,3.8,3,3,3,3,5,3.4,17,17,15,17,18,17,14,16.42857143,1,3,1,1,1,1.4,6,5,3,2,4,1,3,3.428571429,2,3,4,2,2,3,5,4,2,4,3,4,3,3,4,2,4,4,3.222222222,6,6,6,6,3,5.4,4,4,2,2,4,2,4,4,2,4,4,3.714285714,5,4,3,3,3,3,3.75,2,2,1,1.666666667,2,3,3,3,2,3,3,2.714285714,7,5,4,4,7,6,7,5,5.625,249,6,1,5,4,293,0,0,200,123.25,1,1,5,3,5,5,4,4,5,4.333333333,1,2,2,5,2,6,6,2,5,2,3.125,5,3,1,3,4,2,1,2.333333333,,,,,,,,,,,#DIV/0!,5,2,2,2,3,1,2,3,3,2.555555556,4,4,4,4,1,1,1,1,1,1,1,1,1,1,1,2,1,1,1,1.25,Kate Thomas,21,2,5,3,3,13,Psychology with an emphasis in Psychology,3,2,2,5,8,8.9,1,4,
9/19/2025 9:36,9/19/2025 10:39,69.162.242.34,3753,1,9/19/2025 10:39,4,4,3,2,2,3,2,5,3,3,3,4,5,4,2,2,5,4,2,2,3.2,5,7,7,6,6.25,6,6,7,6,7,6.4,5,4,4,6,5,4.8,17,16,14,14,16,14,16,15.28571429,1,1,2,2,1,1.4,5,2,5,6,7,2,5,4.571428571,4,1,1,3,1,1,4,3,2,5,3,2,3,1,4,1,2,4,2.5,5,5,5,5,4,4.8,4,4,2,4,2,3,3,2,4,2,2,2.428571429,5,4,3,3,2,4,4,2,1,4,2.333333333,2,1,2,1,1,2,2,1.571428571,3,1,1,4,1,3,1,1,1.875,600,6,1,1,2.666666667,600,45,0,115,190,1,2,3,5,5,6,4,4,4,4.666666667,1,1,1,5,5,3,7,1,2,6,2.5,3,5,7,1,2,1,1,2.833333333,5,3,3,3,2,6,6,3,2,1,3.375,5,4,5,2,3,3,5,4,5,4,5,4,4,4.333333333,1,1,1,2,1,1,1,1,1,1,1.1,1,1,1,2,1.25,Ammy Selene Valdivia,24,2,6,3,4,6,Psychology,1,2,2,2,4,6,1,4,
9/19/2025 9:39,9/19/2025 10:42,157.201.98.1,3778,1,9/19/2025 10:42,3,4,4,5,3,4,3,4,2,4,3,4,5,4,3,6,4,3,4,4,3.8,6,5,5,5,5.25,4,5,5,5,6,5,5,3,4,5,5,4.4,17,19,16,14,15,17,16,16.28571429,1,4,1,1,2,1.8,6,2,3,6,6,3,6,4.571428571,4,2,4,3,3,3,2,3,2,4,2,2,5,1,5,2,4,2,2.944444444,4,5,3,3,2,3.4,4,4,2,4,2,3,3,3,4,2,3,2.714285714,2,2,3,3,3,3,2.5,2,3,3,2.666666667,5,3,5,5,2,3,4,3.857142857,3,3,2,2,2,2,6,2,2.75,304,5,4,5,4.666666667,401,126,315,413,313.75,1,1,5,3,4,5,4,4,3,3.833333333,1,5,3,5,3,5,3,5,3,4,3.875,5,3,3,3,7,4,5,4.166666667,3,5,3,3,3,5,4,3,5,5,4.125,4,4,4,3,3,2,2,2,2,2.888888889,5,4,4,4.333333333,1,2,2,3,1,1,1,1,1,1,1.4,4,1,1,2,2,Preston Lykins,22,1,5,1,3,12,Psychology em. health,1,2,2,4,5,25,1,4,
9/18/2025 20:50,9/19/2025 10:46,157.201.96.100,50198,1,9/19/2025 10:46,5,3,2,3,3,4,4,5,6,4,5,4,5,2,5,6,4,4,4,2,4,6,6,6,6,6,6,6,6,6,6,6,6,2,4,5,5,4.4,18,15,18,14,18,14,14,15.85714286,3,2,1,3,3,2.4,5,4,4,5,6,4,4,4.571428571,3,3,4,4,2,1,4,4,3,4,1,1,3,1,4,1,4,4,2.833333333,4,4,4,2,6,4,5,3,3,3,3,3,3,5,4,2,4,3.571428571,5,5,3,3,3,3,4,1,2,2,1.666666667,3,2,3,2,1,2,3,2.285714286,6,5,4,5,5,3,8,6,5.25,270,4,1,3,2.666666667,345,40,369,98,213,1,1,4,4,5,5,5,5,5,4.833333333,2,5,4,5,2,6,2,6,5,3,4.5,6,2,2,6,4,5,4,3.833333333,1,7,2,6,1,7,7,7,7,4,5.875,6,6,6,6,6,5,5,7,7,6,3,4,4,3.666666667,1,1,1,2,1,1,1,1,1,1,1.1,2,2,2,4,2.5,Clarachristy Chigbundu,20,2,4,3,4,13,Business Analytics with a minor in Industrial Organizational psychology,2,2,2,3,2,12,1,4,
9/19/2025 10:20,9/19/2025 10:53,192.225.180.30,1975,1,9/19/2025 10:53,3,4,3,4,2,4,3,3,1,3,3,4,3,4,3,3,4,4,3,3,3.2,7,4,6,5,5.5,6,3,4,5,5,4.6,7,7,7,7,6,6.8,15,15,14,13,14,13,13,13.85714286,1,2,1,1,1,1.2,5,1,1,6,6,2,3,3.428571429,4,3,5,2,5,5,5,5,2,5,3,4,5,3,5,3,2,1,3.722222222,6,6,7,6,7,6.4,5,3,3,3,3,3,3,5,4,2,3,3.428571429,2,2,3,3,2,4,2.75,5,1,2,2.666666667,3,3,3,2,1,1,2,2.142857143,8,6,4,4,7,2,6,7,5.5,45,1,1,6,2.666666667,200,0,350,170,180,1,1,1,7,6,6,6,5,6,6,3,5,3,5,2,6,2,6,5,2,4.375,2,6,3,3,6,6,5,4.833333333,5,3,2,2,2,6,1,2,2,2,2.5,6,6,6,6,6,2,6,5,5,5.333333333,5,5,4,4.666666667,1,2,1,1,1,1,1,1,1,1,1.1,1,1,1,1,1,Alloa Day,23,2,5,4,3,12,Psychology Health emphasis,1,2,2,4,2,30,1,4,
9/19/2025 10:41,9/19/2025 11:58,205.185.107.19,4641,1,9/19/2025 11:58,4,4,4,5,4,5,5,6,5,5,5,5,6,4,4,4,5,6,6,5,4.85,6,7,7,6,6.5,6,6,6,6,6,6,7,2,2,5,4,4,17,18,16,15,16,17,16,16.42857143,1,2,2,1,1,1.4,4,6,6,7,7,5,5,5.714285714,2,3,2,4,3,2,3,3,3,4,2,2,3,2,4,2,3,2,2.722222222,5,2,2,4,3,3.2,3,3,3,4,2,3,3,3,2,4,3,3,3,2,3,3,4,2,2.5,4,4,4,4,3,2,2,2,2,2,3,2.285714286,5,4,4,2,2,2,8,6,4.125,307,5,4,6,5,234,270,190,138,208,1,1,4,4,4,4,4,5,4,4.166666667,1,4,4,5,3,5,4,4,4,4,3.875,7,1,4,1,7,6,4,3.833333333,7,1,1,4,4,4,6,4,4,2,3.25,5,4,5,3,5,1,1,4,5,3.666666667,4,5,5,4.666666667,1,1,1,1,1,1,1,1,1,1,1,3,3,1,2,2.25,Estonia Luke,24,2,4,4,4,9,Psychology,1,2,2,3,5,12,1,4,
9/19/2025 11:49,9/19/2025 12:16,24.116.49.44,1616,1,9/19/2025 12:16,2,4,,5,1,3,5,3,1,5,2,5,4,3,2,2,5,5,2,5,3.368421053,5,6,7,5,5.75,4,6,6,7,7,6,5,4,5,3,2,3.8,13,17,19,13,13,14,14,14.71428571,1,1,1,1,1,1,2,3,5,6,7,6,4,4.714285714,4,2,4,2,3,2,4,4,2,4,2,2,4,1,5,2,4,3,3,6,6,6,6,1,5,3,4,2,5,1,5,1,2,5,1,2,1.714285714,3,3,4,2,4,2,2.5,3,3,3,3,2,1,2,2,1,1,3,1.714285714,1,4,1,2,1,7,7,7,3.75,199,4,2,5,3.666666667,379,0,25,241,161.25,2,,,,,,,,,#DIV/0!,,,,,,,,,,,#DIV/0!,,,,,,,,#DIV/0!,,,,,,,,,,,#DIV/0!,,,,,,,,,,#DIV/0!,,,,#DIV/0!,,,,,,,,,,,#DIV/0!,,,,,#DIV/0!,Adrienn Taft,27,2,5,3,3,12,"OSH, IO Psych, HR management",2,2,2,5,2,23.5,1,4,
9/19/2025 12:28,9/19/2025 12:51,157.201.98.1,1357,1,9/19/2025 12:51,4,5,1,4,2,3,4,4,1,4,3,4,3,4,3,3,5,4,2,3,3.3,5,7,6,5,5.75,4,6,6,6,6,5.6,5,4,6,5,7,5.4,17,16,16,14,14,18,13,15.42857143,1,1,2,1,2,1.4,3,4,2,3,6,2,3,3.285714286,5,2,4,2,1,2,5,4,2,3,2,1,4,1,4,3,5,3,2.944444444,3,,5,6,5,4.75,2,4,2,4,2,3,3,2,4,2,2,2.142857143,2,3,5,1,5,1,1.75,3,2,4,3,2,2,2,2,1,2,2,1.857142857,5,6,4,2,5,4,8,1,4.375,241,6,5,3,4.666666667,120,0,369,0,122.25,1,1,5,3,5,5,3,4,5,4.166666667,4,6,1,7,3,5,3,5,2,5,4.375,2,6,2,5,3,7,2,4.166666667,7,1,1,1,7,1,4,1,2,1,1.5,4,5,5,2,5,2,6,3,3,3.888888889,4,4,4,4,1,2,1,1,1,1,1,2,1,1,1.2,3,3,1,1,2,Michael Fitzpatrick,27,1,5,3,4,15,Health Psychology,2,1,2,4,2,15.5,1,4,
9/19/2025 11:28,9/19/2025 12:51,157.201.96.100,4982,1,9/19/2025 12:51,4,2,2,2,3,3,5,4,2,2,5,2,3,2,4,3,3,3,4,2,3,2,5,5,3,3.75,6,5,7,6,6,6,6,4,5,7,3,5,14,15,14,13,16,15,13,14.28571429,2,2,1,3,1,1.8,1,2,2,3,6,3,2,2.714285714,3,2,4,4,2,3,3,4,4,3,2,1,5,1,4,2,3,5,3.055555556,6,5,5,4,2,4.4,4,3,3,4,2,5,1,3,2,4,2,2.714285714,5,4,3,3,4,2,3.5,4,3,2,3,4,2,3,1,1,2,4,2.428571429,5,4,3,3,5,3,8,2,4.125,32,1,1,3,1.666666667,125,0,131,85,85.25,1,1,5,3,7,7,6,5,6,5.666666667,2,5,2,6,2,6,3,5,2,1,3.625,6,2,2,4,4,3,2,2.833333333,3,5,2,2,6,2,5,6,6,4,4,6,2,6,2,5,5,6,4,4,4.444444444,4,4,4,4,1,2,1,1,1,2,2,1,1,2,1.4,1,1,1,1,1,Abby Bailey,21,2,5,4,2,8,Psychology with an emphasis in Health,1,2,2,3,2,10.5,1,4,
9/19/2025 11:48,9/19/2025 13:10,205.185.107.32,4914,1,9/19/2025 13:10,5,3,3,4,2,5,4,3,1,4,4,4,5,5,3,2,4,5,2,3,3.55,4,6,7,6,5.75,2,6,4,6,7,5,3,2,2,2,2,2.2,14,14,14,15,16,15,15,14.71428571,4,2,3,4,2,3,2,6,6,7,6,6,5,5.428571429,3,4,4,4,3,3,2,2,4,3,1,1,3,4,4,4,2,5,3.111111111,2,3,5,2,2,2.8,5,3,3,2,4,2,4,4,2,4,3,3.857142857,5,5,3,3,3,3,4,5,4,4,4.333333333,4,1,4,4,3,2,1,2.714285714,5,5,1,1,1,1,8,4,3.25,246,4,1,1,2,393,4,115,11,130.75,2,,,,,,,,,#DIV/0!,,,,,,,,,,,#DIV/0!,,,,,,,,#DIV/0!,,,,,,,,,,,#DIV/0!,,,,,,,,,,#DIV/0!,,,,#DIV/0!,,,,,,,,,,,#DIV/0!,,,,,#DIV/0!,Brienz Dahlke,19,2,5,3,2,12,"Psychology, Health Psychology",1,2,2,6,8,4,1,4,
9/19/2025 13:18,9/19/2025 14:05,67.61.181.8,2799,1,9/19/2025 14:05,4,5,4,5,3,5,3,3,2,4,3,4,2,5,3,4,3,3,3,5,3.65,5,6,6,5,5.5,4,3,5,5,6,4.6,5,5,3,4,3,4,13,15,14,14,15,14,14,14.14285714,1,1,1,1,2,1.2,1,1,2,6,5,2,1,2.571428571,2,2,3,2,3,2,4,4,4,3,2,1,4,3,3,1,2,3,2.666666667,5,6,4,5,3,4.6,3,3,3,2,4,3,3,3,3,3,3,3.142857143,4,4,3,3,3,3,3.5,2,2,2,2,2,2,1,1,1,1,2,1.428571429,1,3,1,3,1,4,6,4,2.875,121,3,2,4,3,200,31,116,63,102.5,1,1,2,6,6,6,5,5,4,5.333333333,2,5,3,2,3,5,3,5,3,2,3.375,3,5,5,5,5,5,5,5,3,5,4,4,4,4,5,5,6,3,4.5,6,4,5,6,6,4,5,5,5,5.111111111,4,4,4,4,2,2,1,1,1,1,1,1,1,1,1.2,1,1,1,1,1,Sarah Gordon,20,2,5,2,3,10,"Interdisciplinary Studies, emphasis in Dance",1,2,2,4,6,15.5,1,4,
9/19/2025 13:43,9/19/2025 14:09,205.185.110.100,1582,1,9/19/2025 14:09,5,4,2,4,2,5,4,5,1,3,5,4,3,3,2,5,4,4,2,4,3.55,7,7,7,6,6.75,7,6,6,7,7,6.6,7,6,6,7,7,6.6,15,16,17,13,16,15,14,15.14285714,1,2,2,1,1,1.4,6,1,2,4,5,3,2,3.285714286,5,1,4,3,2,2,4,4,1,5,1,1,5,2,5,1,4,2,2.888888889,6,7,6,6,7,6.4,3,4,2,5,1,3,3,2,4,2,3,2.285714286,3,3,4,2,4,2,2.5,4,3,4,3.666666667,2,2,2,2,1,1,1,1.571428571,4,6,1,1,3,2,8,2,3.375,90,4,2,2,2.666666667,251,0,128,39,104.5,2,,,,,,,,,#DIV/0!,,,,,,,,,,,#DIV/0!,,,,,,,,#DIV/0!,,,,,,,,,,,#DIV/0!,,,,,,,,,,#DIV/0!,,,,#DIV/0!,,,,,,,,,,,#DIV/0!,,,,,#DIV/0!,Andrew Grigg,23,1,5,4,2,8,"Psychology, and Industrial Psych",2,2,2,4,8,10.2,1,4,
9/19/2025 13:46,9/19/2025 14:15,192.225.179.138,1781,1,9/19/2025 14:15,4,3,2,5,3,2,4,4,1,2,4,4,3,3,2,2,3,4,3,4,3.1,5,6,7,5,5.75,5,5,5,3,5,4.6,5,2,3,4,2,3.2,18,15,14,14,19,,16,16,2,2,2,1,2,1.8,6,6,4,7,7,6,5,5.857142857,4,2,3,2,3,2,2,3,1,4,2,2,3,2,4,1,3,5,2.666666667,3,3,2,5,2,3,3,4,2,3,3,3,3,3,2,4,2,2.857142857,5,3,2,4,3,3,3.75,1,2,3,2,2,1,2,1,2,1,4,1.857142857,2,4,1,3,1,2,6,1,2.5,180,4,2,4,3.333333333,363,65,24,126,144.5,1,1,2,6,6,6,4,3,5,5,2,4,2,6,2,6,5,3,2,4,3.625,6,2,2,2,5,2,2,2.5,2,6,3,1,2,6,6,6,6,4,4.75,5,3,6,2,3,1,4,5,6,3.888888889,5,5,5,5,1,2,1,1,1,2,1,2,1,1,1.3,2,1,1,1,1.25,Cayley Thompson,24,2,1,1,4,14,I/O Psychology,2,2,2,4,5,6,1,4,
9/19/2025 14:15,9/19/2025 14:37,192.225.180.2,1298,1,9/19/2025 14:37,3,3,5,5,3,4,4,4,2,3,4,2,4,3,4,4,5,4,3,3,3.6,4,5,3,5,4.25,3,5,5,3,5,4.2,5,5,4,4,4,4.4,15,17,15,17,18,17,15,16.28571429,1,2,2,1,2,1.6,4,5,5,5,5,2,4,4.285714286,4,3,4,3,2,3,4,4,2,4,2,4,3,4,4,3,4,4,3.388888889,4,5,4,5,5,4.6,3,3,3,4,2,4,2,4,4,2,4,2.857142857,4,3,3,3,4,2,3,2,3,3,2.666666667,3,3,4,3,3,4,4,3.428571429,5,4,1,1,5,4,8,2,3.75,179,4,1,4,3,300,0,56,95,112.75,1,1,5,3,4,5,3,3,3,3.5,2,5,3,3,3,5,3,5,5,5,4.125,4,4,4,4,3,3,5,3.833333333,2,6,2,4,3,5,4,3,3,4,3.875,4,4,4,4,4,4,4,3,2,3.666666667,4,4,4,4,2,2,1,1,1,1,1,1,1,1,1.2,1,1,1,1,1,Cody Wilhelmsen,24,1,5,1,4,14,Psychology,1,2,1,3,2,24.3,1,4,
9/19/2025 14:14,9/19/2025 14:47,38.41.67.155,2006,1,9/19/2025 14:47,4,4,3,4,4,3,3,4,1,3,3,4,4,3,3,4,4,4,3,4,3.45,6,6,6,6,6,5,6,7,7,7,6.4,4,5,3,6,5,4.6,14,14,13,13,14,14,14,13.71428571,2,2,3,1,2,2,6,2,3,4,7,4,4,4.285714286,4,1,5,3,2,2,3,5,4,4,3,1,4,1,5,2,4,4,3.166666667,6,6,6,6,6,6,4,3,3,4,2,3,3,2,3,3,2,2.714285714,3,3,3,3,3,3,3,3,3,2,2.666666667,2,3,2,3,3,3,4,2.857142857,5,4,3,3,4,2,6,3,3.75,45,3,1,4,2.666666667,120,0,239,0,89.75,2,,,,,,,,,#DIV/0!,,,,,,,,,,,#DIV/0!,,,,,,,,#DIV/0!,,,,,,,,,,,#DIV/0!,,,,,,,,,,#DIV/0!,,,,#DIV/0!,,,,,,,,,,,#DIV/0!,,,,,#DIV/0!,Lucy Call,17,2,5,4,2,13,Health Psychology ,1,2,2,6,8,25,1,4,
9/19/2025 14:18,9/19/2025 14:53,205.185.107.28,2096,1,9/19/2025 14:53,4,4,4,3,2,4,4,4,2,3,5,4,4,3,3,4,4,4,4,3,3.6,6,6,6,5,5.75,6,6,6,6,6,6,6,5,5,5,5,5.2,18,18,14,15,15,17,16,16.14285714,1,1,1,1,1,1,5,2,5,6,6,4,4,4.571428571,4,2,4,2,3,1,4,4,2,5,2,2,4,2,4,1,4,2,2.888888889,5,5,3,5,6,4.8,3,3,3,4,2,4,2,2,4,2,3,2.428571429,3,3,4,2,3,3,2.75,1,1,1,1,3,4,2,2,2,2,3,2.571428571,6,4,5,4,5,4,8,7,5.375,45,4,1,4,3,101,0,141,69,77.75,1,1,6,2,4,5,3,5,4,3.833333333,2,2,2,2,3,5,6,2,2,4,2.625,5,3,5,5,3,2,2,3.333333333,3,5,3,5,3,5,4,3,6,4,4.375,3,3,6,4,5,2,3,4,4,3.777777778,4,4,4,4,1,2,1,1,1,1,1,1,1,1,1.1,4,4,4,3,3.75,Joseph Aznar,23,1,5,1,3,20,Psychology,1,2,2,6,7,15.4,1,4,
9/19/2025 14:24,9/19/2025 14:57,192.225.180.2,1945,1,9/19/2025 14:57,5,4,5,4,2,4,2,5,3,3,4,2,4,3,4,3,2,2,3,4,3.4,5,4,4,4,4.25,4,3,4,4,5,4,6,5,4,4,3,4.4,15,17,15,14,17,17,17,16,1,3,1,1,1,1.4,4,3,3,5,7,2,4,4,1,3,4,2,1,2,3,4,2,4,3,2,4,1,4,1,3,4,2.666666667,5,5,4,5,5,4.8,3,2,4,3,3,3,3,2,4,2,2,2.714285714,4,3,4,2,3,3,3,1,3,3,2.333333333,3,3,3,2,2,1,4,2.571428571,5,2,3,1,1,4,6,7,3.625,254,3,3,4,3.333333333,200,0,100,35,83.75,1,2,2,6,6,6,6,6,6,6,4,6,5,4,3,5,3,5,5,3,4.625,5,3,6,6,5,5,3,4.666666667,7,1,5,5,6,2,4,5,7,3,4,6,6,6,7,6,5,6,6,6,6,5,5,5,5,1,2,2,1,1,1,1,1,1,1,1.2,1,1,1,1,1,Elizabeth Davis,21,2,5,1,4,12,"Psych, General",3,2,2,4,5,5.5,1,4,
9/19/2025 10:04,9/19/2025 15:10,186.10.243.58,18404,1,9/19/2025 15:10,2,4,5,5,5,2,4,2,2,4,4,4,4,4,2,2,4,4,2,4,3.45,4,5,5,5,4.75,4,5,5,5,5,4.8,4,4,2,1,2,2.6,13,16,13,13,13,16,13,13.85714286,1,1,1,1,1,1,1,1,3,4,6,2,6,3.285714286,1,2,3,2,2,2,4,5,1,5,1,2,3,1,5,1,3,3,2.555555556,6,6,6,6,7,6.2,3,3,3,2,4,3,3,3,4,2,3,3,4,4,3,3,4,2,3.25,3,3,3,3,2,1,2,2,2,1,1,1.571428571,1,4,1,2,2,3,7,1,2.625,360,7,1,7,5,397,400,51,67,228.75,2,,,,,,,,,#DIV/0!,,,,,,,,,,,#DIV/0!,,,,,,,,#DIV/0!,,,,,,,,,,,#DIV/0!,,,,,,,,,,#DIV/0!,,,,#DIV/0!,,,,,,,,,,,#DIV/0!,,,,,#DIV/0!,Pilar Escobar Valdes,23,2,6,3,3,15,Psychology ,1,2,2,3,6,15,1,4,
9/19/2025 15:00,9/19/2025 15:26,172.56.148.184,1522,1,9/19/2025 15:26,3,5,2,3,3,3,2,5,1,3,5,4,2,3,3,4,4,3,2,5,3.25,5,6,6,4,5.25,5,6,6,6,7,6,5,4,5,6,6,5.2,17,18,16,13,16,17,13,15.71428571,2,4,1,2,1,2,2,2,2,6,6,2,5,3.571428571,1,2,3,4,1,1,2,3,4,4,1,1,2,1,4,1,2,5,2.333333333,1,4,1,5,7,3.6,5,3,3,3,3,2,4,2,3,3,4,3.428571429,4,4,2,4,2,4,4,3,2,2,2.333333333,1,1,1,1,1,1,1,1,5,2,3,4,4,1,7,1,3.375,236,5,4,5,4.666666667,238,10,231,152,157.75,1,1,5,3,5,5,3,5,4,4.166666667,4,3,2,6,5,3,6,2,2,5,3.375,6,2,4,3,,2,2,2.6,1,7,2,2,2,6,6,6,6,4,4.875,2,2,3,2,2,4,2,3,3,2.555555556,5,5,5,5,1,1,1,2,1,1,1,1,1,1,1.1,1,1,1,1,1,Annie Satterthwaite,21,2,5,4,3,5,Industrial Organizational Psychology,2,2,2,4,7,7,1,4,
9/19/2025 14:23,9/19/2025 15:27,174.27.112.96,3839,1,9/19/2025 15:27,6,3,5,4,2,4,5,3,1,3,3,5,6,3,5,4,6,2,3,4,3.85,7,6,5,5,5.75,4,6,6,7,7,6,6,1,5,5,4,4.2,16,15,15,17,18,19,15,16.42857143,2,4,3,1,3,2.6,1,2,3,4,5,2,1,2.571428571,3,3,2,4,1,3,5,2,2,5,1,2,3,1,2,1,3,4,2.611111111,4,6,7,1,6,4.8,3,3,3,5,1,4,2,3,4,2,3,2.428571429,4,4,4,2,3,3,3.25,3,4,4,3.666666667,4,4,5,3,2,5,5,4,3,4,1,2,2,1,7,2,2.75,104,5,6,4,5,230,1,399,137,191.75,2,,,,,,,,,#DIV/0!,,,,,,,,,,,#DIV/0!,,,,,,,,#DIV/0!,,,,,,,,,,,#DIV/0!,,,,,,,,,,#DIV/0!,,,,#DIV/0!,,,,,,,,,,,#DIV/0!,,,,,#DIV/0!,Beckette Foster,25,1,5,1,4,12,General psych,3,2,2,1,2,11.1,1,4,
9/19/2025 17:19,9/19/2025 17:57,107.122.173.123,2226,1,9/19/2025 17:57,2,4,2,5,4,3,4,3,1,3,4,2,2,4,2,3,3,4,2,4,3.05,5,5,6,5,5.25,6,6,5,5,6,5.6,4,5,3,4,5,4.2,17,16,14,14,15,14,13,14.71428571,1,1,1,1,1,1,2,2,2,4,5,3,2,2.857142857,1,1,4,3,3,2,4,4,3,4,1,2,4,1,5,1,4,4,2.833333333,5,6,4,5,7,5.4,3,4,2,4,2,3,3,3,3,3,2,2.571428571,4,3,3,3,3,3,3.25,3,2,2,2.333333333,2,1,1,1,1,1,1,1.142857143,6,4,5,2,6,5,6,3,4.625,62,4,1,1,2,66,0,0,0,16.5,1,1,2,6,6,6,4,5,5,5.333333333,2,4,2,6,2,6,3,5,4,2,3.875,3,5,5,4,4,4,2,4,2,6,5,3,2,6,6,5,5,4,5,4,4,5,3,5,2,5,6,6,4.444444444,4,4,4,4,1,1,1,1,1,1,1,1,1,1,1,2,1,1,1,1.25,Amity Hall,21,2,5,4,2,12,Pre- Nursing,1,2,2,4,6,5.9,1,4,
9/19/2025 10:33,9/19/2025 18:13,199.19.117.11,27576,1,9/19/2025 18:13,3,4,3,3,3,2,4,4,4,3,2,4,4,4,3,4,5,5,4,4,3.6,6,6,5,4,5.25,5,6,5,5,6,5.4,3,4,5,2,4,3.6,14,15,17,13,14,16,13,14.57142857,1,3,2,1,2,1.8,5,2,2,3,6,2,3,3.285714286,3,2,5,2,3,3,5,4,1,4,1,3,4,3,4,1,5,2,3.055555556,5,5,6,6,2,4.8,3,4,2,5,1,3,3,2,3,3,3,2.428571429,2,3,4,2,4,2,2.25,1,1,2,1.333333333,2,1,2,2,1,1,3,1.714285714,7,5,6,5,4,4,8,3,5.25,235,4,2,5,3.666666667,346,0,87,214,161.75,2,,,,,,,,,#DIV/0!,,,,,,,,,,,#DIV/0!,,,,,,,,#DIV/0!,,,,,,,,,,,#DIV/0!,,,,,,,,,,#DIV/0!,,,,#DIV/0!,,,,,,,,,,,#DIV/0!,,,,,#DIV/0!,Maurianne Bradford,19,2,5,4,3,12,General Psychology,1,2,2,2,6,7.4,1,4,
9/19/2025 17:45,9/19/2025 18:28,157.201.96.100,2582,1,9/19/2025 18:28,3,4,4,4,3,3,4,4,1,4,3,4,3,3,3,3,4,4,3,4,3.4,6,6,6,6,6,5,5,6,6,6,5.6,6,5,6,6,6,5.8,17,17,13,14,14,16,16,15.28571429,2,1,2,1,1,1.4,5,2,2,4,2,2,2,2.714285714,1,3,4,2,1,1,4,4,4,4,2,3,4,3,4,2,4,2,2.888888889,4,5,5,5,6,5,2,4,2,4,2,4,2,2,3,3,2,2.142857143,1,3,4,2,4,2,2,3,3,3,3,3,2,3,1,1,1,3,2,4,3,1,3,4,2,8,5,3.75,88,5,6,1,4,504,315,425,1,311.25,1,1,3,5,6,6,6,6,6,5.833333333,2,5,5,2,5,3,2,6,5,5,4.125,2,6,6,4,5,5,5,5.166666667,3,5,4,4,5,3,2,2,2,2,3,6,6,6,6,6,6,6,6,6,6,4,4,4,4,1,1,1,1,2,1,1,1,1,1,1.1,1,1,1,1,1,Kaleb beck,22,1,5,1,4,14,Psychology with an Emphasis in Behavioral Interventions,1,2,2,4,8,16.8,1,4,
9/19/2025 15:49,9/19/2025 18:29,172.58.112.51,9608,1,9/19/2025 18:29,4,2,4,4,2,5,2,4,4,2,4,3,5,2,4,4,3,2,3,3,3.3,3,5,5,4,4.25,4,5,4,3,4,4,5,5,3,4,6,4.6,15,15,16,16,18,15,15,15.71428571,1,1,2,1,1,1.2,3,5,3,5,6,5,6,4.714285714,3,2,3,2,2,3,4,4,3,5,3,3,4,2,4,2,4,3,3.111111111,5,6,5,6,6,5.6,4,4,2,3,3,3,3,4,3,3,2,3,3,4,3,3,2,4,3.5,3,4,3,3.333333333,3,1,2,3,2,1,2,2,5,3,3,5,6,3,7,6,4.75,504,9,1,7,5.666666667,207,21,304,92,156,1,1,4,4,6,5,5,4,5,4.833333333,6,6,6,5,2,6,3,5,5,2,5.125,6,2,4,5,4,5,4,4,4,4,3,3,4,4,3,5,5,3,3.75,5,6,5,4,4,5,5,5,5,4.888888889,5,5,5,5,1,2,1,1,1,1,1,1,1,1,1.1,2,2,3,2,2.25,Micaela Canar,23,2,6,3,4,10,I.O Psychology,2,2,2,3,1,11.7,1,4,
9/19/2025 19:03,9/19/2025 19:16,205.185.110.73,779,1,9/19/2025 19:16,6,4,4,4,2,4,2,4,2,2,4,3,4,3,4,3,4,3,4,3,3.45,5,5,5,5,5,5,5,5,5,5,5,5,5,5,5,5,5,16,17,16,17,17,16,17,16.57142857,1,1,1,1,1,1,3,3,3,3,5,3,3,3.285714286,3,2,2,1,2,1,2,3,2,3,1,1,3,1,5,1,4,3,2.222222222,4,5,3,4,3,3.8,1,3,3,3,3,3,3,1,3,3,1,2.142857143,3,3,3,3,3,3,3,2,4,4,3.333333333,4,3,3,2,2,3,3,2.857142857,6,2,3,2,3,1,6,1,3,308,9,1,9,6.333333333,401,0,387,0,197,1,2,5,3,5,5,5,5,5,4.666666667,1,5,1,5,2,6,4,4,4,4,3.75,4,4,4,3,3,3,3,3.333333333,3,5,4,4,4,4,5,4,5,4,4.375,5,4,7,5,4,4,5,5,5,4.888888889,5,5,5,5,1,1,1,1,1,2,2,2,1,2,1.4,2,1,1,1,1.25,Randi Pope,20,2,5,3,3,14,Psychology with Health Psychology Emphasis,1,2,2,3,6,21.4,1,4,
9/19/2025 17:15,9/19/2025 19:16,38.43.18.251,7281,1,9/19/2025 19:16,3,2,4,3,3,4,3,3,1,,4,3,4,4,,4,3,3,3,3,3.166666667,3,3,3,3,3,3,4,4,3,4,3.6,3,2,3,3,4,3,16,18,17,18,18,18,16,17.28571429,3,2,3,1,3,2.4,5,5,2,6,5,6,4,4.714285714,2,2,2,3,2,2,2,3,2,4,2,2,2,2,4,1,2,4,2.388888889,2,3,3,3,2,2.6,4,4,2,3,3,3,3,3,3,3,3,3,4,4,3,3,3,3,3.5,5,3,4,4,2,2,2,2,3,3,4,2.571428571,6,5,4,3,4,2,5,4,4.125,320,8,1,1,3.333333333,301,0,200,0,125.25,1,2,4,4,4,4,4,4,4,4,4,4,4,4,5,3,5,3,4,4,3.75,4,4,4,4,4,4,4,4,5,3,5,4,4,4,3,5,5,5,4.25,4,4,5,3,4,2,4,4,4,3.777777778,3,3,3,3,1,1,1,1,1,1,1,1,1,2,1.1,3,2,1,1,1.75,Connor Shippen,26,1,5,4,4,3,Psychology ,2,1,2,2,5,9,1,4,
9/19/2025 13:04,9/19/2025 20:17,205.185.107.19,25970,1,9/19/2025 20:17,3,4,2,5,2,3,2,4,1,3,2,4,2,5,5,2,4,4,2,5,3.2,4,6,6,6,5.5,6,6,6,6,6,6,4,5,5,5,5,4.8,17,17,14,18,18,17,16,16.71428571,1,2,2,1,3,1.8,3,2,2,5,4,2,2,2.857142857,4,2,4,3,1,3,2,2,2,4,1,2,4,3,4,1,4,3,2.722222222,4,5,3,5,2,3.8,4,3,3,4,2,3,3,3,4,2,4,3,3,4,4,2,4,2,2.75,4,4,4,4,2,3,3,2,2,3,4,2.714285714,5,2,1,4,3,1,8,3,3.375,120,4,5,2,3.666666667,112,3,15,121,62.75,1,1,6,2,2,5,1,1,2,2.166666667,1,1,1,4,4,4,7,1,1,7,2.5,2,6,6,6,2,7,1,4.666666667,3,5,2,2,6,2,3,2,6,2,3,1,1,5,1,1,1,1,1,1,1.444444444,4,4,4,4,1,2,3,1,1,1,1,2,1,1,1.4,2,1,1,1,1.25,Jacob Rasmussen,23,1,5,4,3,12,Psychology with behavioral emphasis,1,2,2,6,2,9,1,4,
9/19/2025 18:45,9/19/2025 20:21,205.185.107.12,5758,1,9/19/2025 20:21,2,4,2,5,3,2,4,3,4,5,2,5,2,5,3,5,3,5,2,4,3.5,6,5,6,6,5.75,6,6,5,6,6,5.8,6,4,5,5,7,5.4,15,14,14,14,14,14,14,14.14285714,1,1,1,1,1,1,1,1,1,5,5,3,3,2.714285714,2,1,4,2,1,2,4,4,2,4,1,1,4,1,4,1,4,2,2.444444444,4,6,6,3,6,5,2,4,2,4,2,3,3,4,4,2,2,2.428571429,2,2,4,2,4,2,2,3,2,2,2.333333333,2,1,2,2,2,2,3,2,6,6,3,2,4,4,6,2,4.125,160,4,2,3,3,300,0,204,60,141,1,1,3,5,4,5,4,4,4,4.333333333,1,3,1,4,4,4,4,4,2,3,2.75,7,1,2,2,4,3,2,2.333333333,4,4,5,3,3,5,6,4,5,3,4.375,5,3,5,6,6,4,6,6,4,5,4,4,4,4,1,1,1,2,1,1,1,1,1,1,1.1,3,1,1,1,1.5,Owen Breckenridge,21,1,5,4,2,11,Psychology,1,2,2,5,2,15.2,1,4,
9/19/2025 20:07,9/19/2025 20:29,205.185.105.17,1367,1,9/19/2025 20:29,4,4,4,4,3,4,4,4,3,4,4,3,4,3,4,5,3,3,4,4,3.75,7,7,7,6,6.75,7,7,7,7,7,7,5,6,6,7,6,6,13,13,13,13,13,14,13,13.14285714,1,1,1,1,1,1,1,1,1,2,6,2,2,2.142857143,5,1,3,2,3,1,5,5,2,4,1,1,4,1,4,1,4,2,2.722222222,7,7,7,7,7,7,1,5,1,5,1,5,1,2,4,2,2,1.428571429,2,2,5,1,5,1,1.5,1,1,1,1,1,1,1,2,2,1,2,1.428571429,3,2,4,5,4,6,6,8,4.75,125,3,3,4,3.333333333,194,0,30,136,90,1,1,3,5,7,7,7,7,7,6.666666667,6,7,6,5,1,7,1,7,6,1,5.625,4,4,4,3,5,5,5,4.333333333,7,1,5,4,7,1,3,3,3,2,2.75,7,5,7,5,5,4,5,5,5,5.333333333,5,5,5,5,1,1,1,1,1,1,1,1,1,1,1,2,1,1,1,1.25,Bret Mahoney,25,1,5,1,4,16,I/O Psych,2,2,2,4,8,12,1,4,
9/19/2025 20:02,9/19/2025 20:46,192.225.180.2,2635,1,9/19/2025 20:46,5,4,4,4,2,3,4,3,1,4,3,4,2,3,4,2,3,4,4,4,3.35,7,7,7,7,7,7,7,7,7,7,7,7,6,5,6,6,6,17,14,14,14,14,16,14,14.71428571,2,1,2,1,1,1.4,2,3,2,4,3,2,2,2.571428571,3,1,3,3,1,1,3,3,2,4,1,2,4,1,4,1,3,1,2.277777778,5,5,6,5,1,4.4,2,3,3,4,2,4,2,1,4,2,1,1.857142857,2,3,4,2,4,2,2.25,3,3,3,3,1,1,1,1,1,1,1,1,2,1,4,1,1,2,8,1,2.5,20,4,3,1,2.666666667,61,10,0,90,40.25,1,1,2,6,6,6,5,6,6,5.833333333,2,4,5,4,5,3,5,3,3,4,3.5,6,2,6,6,6,6,5,5.166666667,6,2,5,2,6,2,5,3,2,2,2.875,5,5,6,4,5,4,4,5,5,4.777777778,3,3,3,3,1,1,1,1,1,1,1,1,1,1,1,1,1,1,1,1,Benjamin LeBaron,27,1,5,1,4,15,Biomedical Scince,2,2,2,3,6,12,1,4,
9/19/2025 20:35,9/19/2025 21:01,205.185.107.64,1555,1,9/19/2025 21:01,2,3,3,3,4,3,3,4,2,3,4,3,4,3,4,5,4,3,4,4,3.4,6,6,6,6,6,6,6,6,6,6,6,6,3,5,6,5,5,17,17,15,14,14,14,16,15.28571429,1,1,1,1,1,1,3,3,3,5,4,3,3,3.428571429,5,2,4,2,2,1,4,4,1,4,2,1,4,1,4,1,4,2,2.666666667,5,5,5,5,5,5,2,4,2,4,2,3,3,1,4,2,1,1.857142857,1,3,5,1,4,2,1.75,3,2,2,2.333333333,2,1,1,1,1,1,1,1.142857143,6,6,4,2,4,2,6,5,4.375,59,3,2,4,3,70,52,180,38,85,2,,,,,,,,,#DIV/0!,,,,,,,,,,,#DIV/0!,,,,,,,,#DIV/0!,,,,,,,,,,,#DIV/0!,,,,,,,,,,#DIV/0!,,,,#DIV/0!,,,,,,,,,,,#DIV/0!,,,,,#DIV/0!,Aaron Barclay,30,1,7,4,4,15,"psychology, I/O psych",2,2,2,4,9,21.4,1,4,
9/19/2025 20:37,9/19/2025 21:02,31.222.254.171,1506,1,9/19/2025 21:02,5,3,3,4,2,4,3,4,1,3,4,5,4,3,4,3,5,2,3,4,3.45,6,7,7,6,6.5,6,6,6,6,7,6.2,6,5,5,6,6,5.6,17,17,14,16,14,18,15,15.85714286,2,2,2,1,1,1.6,4,3,2,5,6,4,6,4.285714286,4,2,4,2,2,1,4,4,2,4,1,1,5,2,4,1,4,2,2.722222222,5,5,5,4,3,4.4,2,4,2,5,1,4,2,2,4,2,1,1.714285714,3,3,5,1,5,1,2,3,2,1,2,2,2,1,1,1,1,3,1.571428571,8,5,5,3,6,3,8,7,5.625,120,5,2,5,4,180,0,180,61,105.25,2,,,,,,,,,#DIV/0!,,,,,,,,,,,#DIV/0!,,,,,,,,#DIV/0!,,,,,,,,,,,#DIV/0!,,,,,,,,,,#DIV/0!,,,,#DIV/0!,,,,,,,,,,,#DIV/0!,,,,,#DIV/0!,Joseph Ellis Kent,22,1,5,4,3,12,Psychology (General Emphasis),1,2,2,4,7,12,1,4,
9/19/2025 21:09,9/19/2025 21:59,205.185.107.38,2997,1,9/19/2025 21:59,4,3,5,4,2,4,2,3,2,3,5,4,4,3,5,4,3,4,6,3,3.65,4,6,6,4,5,3,5,4,5,5,4.4,6,3,4,5,5,4.6,17,17,18,13,14,13,14,15.14285714,3,1,4,2,2,2.4,2,3,1,5,5,4,3,3.285714286,3,3,4,4,2,4,4,3,5,5,2,4,3,4,5,4,3,5,3.722222222,2,5,2,3,1,2.6,5,4,2,3,3,2,4,4,3,3,3,3.428571429,4,5,3,3,3,3,3.75,3,5,5,4.333333333,3,2,4,3,2,2,3,2.714285714,6,3,4,3,3,4,7,6,4.5,181,1,2,3,2,300,0,300,45,161.25,1,1,2,6,5,6,4,4,5,5,2,5,4,5,3,5,2,6,3,3,4.125,6,2,3,3,3,6,3,3.333333333,1,7,3,3,1,7,6,6,6,5,5.375,6,3,6,2,2,2,2,5,3,3.444444444,4,4,3,3.666666667,1,1,1,1,1,1,1,2,1,1,1.1,3,4,2,1,2.5,Katie Hill,21,2,5,3,4,12,IO Psychology,2,2,2,2,6,12,1,4,
9/20/2025 9:02,9/20/2025 10:16,205.185.98.60,4460,1,9/20/2025 10:16,2,5,5,5,1,2,3,3,1,3,3,3,4,3,3,4,4,3,2,3,3.1,6,6,6,6,6,4,6,5,6,6,5.4,6,3,3,6,3,4.2,13,13,13,13,13,19,13,13.85714286,2,1,2,1,1,1.4,2,2,5,4,5,2,3,3.285714286,5,2,4,2,3,1,5,4,2,3,2,3,3,2,4,2,4,3,3,5,3,6,3,6,4.6,2,4,2,4,2,4,2,2,4,2,3,2.142857143,3,3,4,2,4,2,2.5,2,3,3,2.666666667,2,4,2,3,1,1,3,2.285714286,5,4,1,6,4,3,7,4,4.25,90,4,2,5,3.666666667,121,0,180,121,105.5,2,,,,,,,,,#DIV/0!,,,,,,,,,,,#DIV/0!,,,,,,,,#DIV/0!,,,,,,,,,,,#DIV/0!,,,,,,,,,,#DIV/0!,,,,#DIV/0!,,,,,,,,,,,#DIV/0!,,,,,#DIV/0!,Quinn McHood,25,1,5,1,4,10,Biomedical Science,1,2,2,4,4,15,1,4,
9/20/2025 10:01,9/20/2025 12:04,67.61.22.144,7401,1,9/20/2025 12:04,6,3,3,4,4,1,4,5,6,3,5,5,4,4,5,5,6,4,6,5,4.4,4,6,7,7,6,4,4,7,7,1,4.6,5,2,3,3,4,3.4,19,16,14,13,13,16,16,15.28571429,3,3,3,1,1,2.2,4,7,4,7,7,1,6,5.142857143,5,5,5,5,4,1,3,3,1,4,1,5,2,1,4,1,3,1,3,4,4,4,2,1,3,3,2,4,3,3,2,4,3,4,2,2,3,5,5,1,5,1,5,5,2,5,5,4,5,1,5,1,1,1,1,2.142857143,1,2,1,1,1,3,1,1,1.375,122,5,4,6,5,84,22,123,195,106,1,1,2,6,5,6,4,6,5,5.333333333,2,2,2,6,2,6,2,6,5,2,3.875,2,6,7,7,7,7,2,6,1,7,6,3,1,7,7,7,7,2,5.75,7,7,7,4,4,4,4,4,4,5,4,4,4,4,1,1,1,1,1,1,1,1,1,1,1,5,4,5,5,4.75,Chrislin Meus,24,1,4,1,4,12,Psychology IO,2,2,2,2,1,2.1,1,4,
9/19/2025 8:18,9/20/2025 13:38,205.185.107.19,105610,1,9/20/2025 13:38,5,4,3,3,4,4,3,4,3,3,4,4,5,4,3,4,4,3,4,4,3.75,6,6,6,6,6,6,6,6,6,6,6,5,3,4,5,3,4,14,14,14,14,14,14,14,14,3,3,3,3,1,2.6,4,4,4,5,5,4,4,4.285714286,4,4,3,5,1,1,3,3,3,2,5,2,2,3,3,1,3,4,2.888888889,5,5,5,5,5,5,2,3,3,3,3,3,3,3,3,3,3,2.857142857,4,4,3,3,3,3,3.5,3,3,3,3,2,2,2,2,4,3,3,2.571428571,6,6,6,6,6,1,8,7,5.75,96,1,1,1,1,197,11,296,11,128.75,1,1,4,4,5,5,5,5,5,4.833333333,1,4,2,5,3,5,3,5,5,3,3.75,4,4,4,4,4,4,4,4,4,4,4,4,4,4,4,4,4,4,4,4,4,4,4,4,4,4,4,4,4,4,4,4,4,1,1,1,1,1,1,1,1,1,1,1,3,2,1,1,1.75,Julie Broadbent,19,2,5,4,4,15,psychology health,1,2,2,3,8,4.2,1,4,
9/19/2025 11:35,9/20/2025 15:11,192.64.2.138,99362,1,9/20/2025 15:11,5,,2,3,2,2,3,3,1,5,4,5,2,2,5,6,3,5,3,3,3.368421053,6,6,6,5,5.75,7,7,7,3,7,6.2,2,6,4,7,6,5,17,14,16,13,17,16,14,15.28571429,1,4,1,1,2,1.8,1,1,,5,7,3,1,3,3,2,3,3,4,3,4,5,2,5,2,1,5,1,5,3,4,5,3.333333333,5,5,5,6,2,4.6,3,3,3,2,4,3,3,4,2,4,2,3.285714286,5,5,3,3,2,4,4.25,3,4,4,3.666666667,5,1,5,2,2,3,3,3,6,6,5,6,6,4,6,7,5.75,96,4,1,5,3.333333333,214,11,303,89,154.25,2,,,,,,,,,#DIV/0!,,,,,,,,,,,#DIV/0!,,,,,,,,#DIV/0!,,,,,,,,,,,#DIV/0!,,,,,,,,,,#DIV/0!,,,,#DIV/0!,,,,,,,,,,,#DIV/0!,,,,,#DIV/0!,Kailey Stokes,19,2,5,4,3,9,Psychology,1,2,2,3,2,12.3,1,4,
9/20/2025 16:05,9/20/2025 16:57,97.178.131.93,3120,1,9/20/2025 16:57,4,4,4,5,4,3,3,4,3,3,5,4,5,4,4,4,4,4,5,3,3.95,5,5,6,5,5.25,6,6,6,6,5,5.8,6,5,5,6,4,5.2,16,16,16,14,13,16,14,15,2,1,2,1,2,1.6,5,4,4,5,4,3,3,4,4,3,4,4,3,2,4,3,2,2,2,2,3,2,4,2,4,3,2.944444444,5,5,4,7,4,5,3,4,2,4,2,4,2,3,3,3,3,2.571428571,3,4,4,2,4,2,2.75,3,3,3,3,3,3,3,3,3,3,3,3,4,3,3,2,3,4,1,1,2.625,352,5,3,6,4.666666667,214,0,128,238,145,1,1,5,3,4,6,5,4,4,4.333333333,4,5,4,6,4,4,3,5,3,4,4.375,4,4,4,4,4,4,3,3.833333333,3,5,2,2,3,5,2,3,4,3,3.25,4,3,3,3,3,3,4,5,5,3.666666667,4,4,4,4,1,1,1,1,1,1,1,1,1,1,1,4,1,2,1,2,Dino Zulu,26,1,4,1,3,,Health Psychology,1,2,2,5,1,13.8,1,4,
9/20/2025 19:25,9/20/2025 20:17,38.43.61.185,3078,1,9/20/2025 20:17,5,5,5,2,2,3,2,5,3,2,5,4,6,2,5,5,4,2,4,2,3.65,5,3,6,4,4.5,2,3,4,3,6,3.6,5,1,5,4,6,4.2,17,17,18,17,14,14,18,16.42857143,4,4,4,2,3,3.4,3,4,2,7,6,6,6,4.857142857,3,3,3,5,1,3,1,2,3,2,4,4,1,3,5,2,2,5,2.888888889,1,2,3,2,2,2,4,2,4,3,3,2,4,4,2,4,4,3.857142857,5,5,2,4,2,4,4.5,5,3,3,3.666666667,2,4,4,3,3,4,4,3.428571429,3,1,1,2,1,1,8,1,2.25,75,4,5,1,3.333333333,200,0,251,0,112.75,2,,,,,,,,,#DIV/0!,,,,,,,,,,,#DIV/0!,,,,,,,,#DIV/0!,,,,,,,,,,,#DIV/0!,,,,,,,,,,#DIV/0!,,,,#DIV/0!,,,,,,,,,,,#DIV/0!,,,,,#DIV/0!,Nathan Ellis Stradling,25,1,5,4,4,12,Psychology Major Health emphasis,1,2,2,4,8,19,1,4,
9/20/2025 20:11,9/20/2025 20:53,205.185.110.149,2531,1,9/20/2025 20:53,5,5,2,3,3,4,6,3,1,4,5,5,4,4,3,2,4,6,4,4,3.85,6,6,7,7,6.5,6,7,5,7,7,6.4,6,4,7,3,6,5.2,13,14,15,13,17,15,17,14.85714286,1,1,2,1,2,1.4,3,5,4,5,7,2,5,4.428571429,3,2,4,3,3,1,3,4,3,5,1,3,4,3,5,1,4,3,3.055555556,6,6,6,7,3,5.6,4,3,3,3,3,3,3,3,3,3,4,3.285714286,4,5,5,1,5,1,2.75,2,3,2,2.333333333,2,2,3,3,1,2,3,2.285714286,7,4,6,5,6,1,6,5,5,59,4,1,5,3.333333333,297,9,264,0,142.5,1,1,1,7,6,6,5,6,7,6.166666667,1,5,6,5,2,6,3,5,6,2,4.5,2,6,5,6,5,7,5,5.666666667,5,3,3,2,3,5,3,1,1,1,2.375,7,7,7,5,7,6,7,7,7,6.666666667,4,4,4,4,3,4,1,3,1,2,1,2,1,1,1.9,3,1,1,1,1.5,Eliza Detton,23,2,5,4,3,12,Therapeutic Recreation,1,2,2,3,7,10.9,1,4,
9/20/2025 16:52,9/20/2025 22:38,154.27.169.128,20769,1,9/20/2025 22:39,3,3,4,2,2,4,3,5,1,3,4,3,4,3,3,3,5,4,3,3,3.25,6,6,6,5,5.75,5,6,6,6,6,5.8,6,6,5,3,3,4.6,13,17,14,13,17,17,14,15,1,1,1,1,1,1,4,3,2,5,3,2,3,3.142857143,4,2,4,2,3,2,5,4,1,4,1,2,4,2,5,1,4,1,2.833333333,6,6,3,7,2,4.8,2,4,2,4,2,4,2,3,2,4,3,2.571428571,,,,,,,#DIV/0!,1,2,2,1.666666667,1,3,3,1,1,2,2,1.857142857,,,,,,,,,#DIV/0!,407,5,2,2,3,400,0,229,34,165.75,1,1,,,,,,,,#DIV/0!,,,,,,,,,,,#DIV/0!,,,,,,,,#DIV/0!,,,,,,,,,,,#DIV/0!,,,,,,,,,,#DIV/0!,4,4,3,3.666666667,1,2,1,1,1,1,2,1,1,2,1.3,3,1,1,1,1.5,Baden Judd,25,1,5,1,4,13,Health Psychology,1,2,2,4,6,9.2,1,5,
9/22/2025 21:42,9/22/2025 22:18,217.177.128.54,2143,1,9/22/2025 22:18,3,2,6,1,4,5,4,6,1,2,6,6,6,1,4,5,2,2,3,2,3.55,3,4,5,4,4,3,3,3,3,3,3,3,1,1,6,2,2.6,18,15,18,13,13,13,13,14.71428571,4,4,2,2,4,3.2,1,6,1,7,5,2,1,3.285714286,1,3,4,3,4,2,2,2,4,4,4,4,3,4,4,1,2,5,3.111111111,2,2,2,2,1,1.8,5,3,3,3,3,2,4,5,1,5,5,4.285714286,5,5,2,4,2,4,4.5,3,5,5,4.333333333,2,1,3,4,2,3,4,2.714285714,7,1,1,1,3,4,8,1,3.25,145,2,1,1,1.333333333,192,0,501,45,184.5,2,,,,,,,,,#DIV/0!,,,,,,,,,,,#DIV/0!,,,,,,,,#DIV/0!,,,,,,,,,,,#DIV/0!,,,,,,,,,,#DIV/0!,,,,#DIV/0!,,,,,,,,,,,#DIV/0!,,,,,#DIV/0!,Mary Rosalie Saffer,35,2,5,3,2,12,Psychology,1,2,2,3,8,16.3,1,5,
9/16/2025 12:32,9/16/2025 12:42,157.201.64.14,566,0,9/23/2025 12:42,4,4,4,5,3,4,4,4,1,4,3,4,2,4,2,2,4,3,3,4,3.4,6,6,7,7,6.5,6,6,5,6,7,6,5,4,3,3,2,3.4,17,17,15,14,19,14,16,16,,,,,,#DIV/0!,,,,,,,,#DIV/0!,,,,,,,,,,,,,,,,,,,#DIV/0!,,,,,,#DIV/0!,,,,,,,,,,,,#DIV/0!,,,,,,,#DIV/0!,,,,#DIV/0!,,,,,,,,#DIV/0!,,,,,,,,,#DIV/0!,,,,,#DIV/0!,,,,,#DIV/0!,,,,,,,,,,#DIV/0!,,,,,,,,,,,#DIV/0!,,,,,,,,#DIV/0!,,,,,,,,,,,#DIV/0!,,,,,,,,,,#DIV/0!,,,,#DIV/0!,,,,,,,,,,,#DIV/0!,,,,,#DIV/0!,,,,,,,,,,,,,,,,,
9/16/2025 8:18,9/19/2025 15:22,157.201.64.30,284685,0,9/26/2025 15:22,4,5,5,4,4,4,3,4,3,2,4,4,5,4,4,3,4,3,4,2,3.75,6,5,6,6,5.75,5,6,6,6,5,5.6,6,5,4,5,3,4.6,16,15,15,15,14,14,16,15,2,1,1,1,1,1.2,6,4,4,5,4,4,4,4.428571429,4,2,4,2,3,2,4,3,2,4,2,2,3,2,4,3,3,2,2.833333333,6,6,5,6,5,5.6,3,4,2,4,2,4,2,3,4,2,3,2.428571429,3,3,4,2,4,2,2.5,3,3,3,3,3,3,3,3,2,3,3,2.857142857,6,3,3,2,5,4,1,1,3.125,352,5,3,5,4.333333333,446,0,120,362,232,1,,,,,,,,,#DIV/0!,,,,,,,,,,,#DIV/0!,,,,,,,,#DIV/0!,,,,,,,,,,,#DIV/0!,,,,,,,,,,#DIV/0!,,,,#DIV/0!,,,,,,,,,,,#DIV/0!,,,,,#DIV/0!,,,,,,,,,,,,,,,,,
1/7/2026 10:12,1/7/2026 10:35,157.201.96.100,1353,1,1/7/2026 10:35,4,4,4,5,2,3,3,3,1,4,4,3,2,3,3,4,3,4,2,4,3.25,6,7,7,6,6.5,5,6,6,6,6,5.8,5,5,4,5,5,4.8,15,18,14,15,15,16,14,15.28571429,1,2,2,1,1,1.4,2,1,2,6,5,1,2,2.714285714,4,2,4,2,3,2,5,4,2,3,1,1,4,1,4,1,5,4,2.888888889,6,7,6,6,6,6.2,2,4,2,5,1,5,1,1,4,2,1,1.428571429,4,4,5,1,5,1,2.5,2,2,2,2,1,2,2,1,2,2,3,1.857142857,3,4,2,3,3,2,8,1,3.25,60,4,4,5,4.333333333,150,0,121,180,112.75,2,,,,,,,,,#DIV/0!,,,,,,,,,,,#DIV/0!,,,,,,,,#DIV/0!,,,,,,,,,,,#DIV/0!,,,,,,,,,,#DIV/0!,,,,#DIV/0!,,,,,,,,,,,#DIV/0!,,,,,#DIV/0!,Charlotte Thayn,20,2,5,4,2,13,Exercise Physiology,1,2,2,3,4,24.5,1,4,
1/7/2026 10:11,1/7/2026 11:04,157.201.98.1,3188,1,1/7/2026 11:04,5,4,2,4,3,,3,5,2,5,4,5,3,4,5,4,5,4,4,2,3.842105263,6,6,6,6,6,5,6,6,6,6,5.8,4,5,4,6,5,4.8,17,15,15,14,14,17,13,15,1,2,1,1,1,1.2,2,1,3,2,6,2,3,2.714285714,2,1,4,1,3,2,3,4,1,4,2,2,5,2,4,2,4,2,2.666666667,5,6,5,5,7,5.6,2,4,2,4,2,3,3,2,3,3,2,2.285714286,3,3,4,2,4,2,2.5,3,2,3,2.666666667,2,2,2,1,1,1,3,1.714285714,7,5,1,4,6,3,8,6,5,305,5,4,1,3.333333333,214,0,93,62,92.25,2,,,,,,,,,#DIV/0!,,,,,,,,,,,#DIV/0!,,,,,,,,#DIV/0!,,,,,,,,,,,#DIV/0!,,,,,,,,,,#DIV/0!,,,,#DIV/0!,,,,,,,,,,,#DIV/0!,,,,,#DIV/0!,Andrew Hone,23,1,5,4,3,13,Social Work,1,2,2,2,7,15.3,1,4,
1/7/2026 11:09,1/7/2026 11:34,157.201.98.1,1471,1,1/7/2026 11:34,5,5,4,3,1,6,3,4,2,3,5,4,5,3,5,5,1,1,4,4,3.65,7,3,7,3,5,5,5,5,6,7,5.6,6,2,5,6,6,5,17,18,14,14,19,18,16,16.57142857,2,4,1,1,2,2,2,1,1,6,6,2,1,2.714285714,3,2,3,4,2,2,5,3,2,4,1,3,3,3,5,2,4,3,3,5,5,5,5,1,4.2,3,4,2,4,2,4,2,2,4,2,3,2.285714286,3,3,3,3,3,3,3,2,3,2,2.333333333,2,1,3,2,1,2,4,2.142857143,3,3,1,1,1,4,8,1,2.75,96,4,4,1,3,302,307,138,97,211,1,1,4,4,4,4,4,4,4,4,4,4,4,4,4,4,4,4,4,4,4,4,4,4,4,4,4,4,4,4,4,4,4,4,4,4,4,4,4,4,4,4,4,4,4,4,4,4,4,4,3,3,3,3,1,1,1,1,1,1,1,1,1,1,1,1,1,1,1,1,David Hower,31,1,5,1,4,18,Interdisciplinary Studies: Philosophy and Health Psych,1,2,2,2,6,17.8,1,4,
1/7/2026 11:33,1/7/2026 12:04,217.147.185.160,1859,1,1/7/2026 12:04,5,3,5,3,3,4,2,4,1,4,4,3,2,3,4,5,5,3,3,4,3.5,7,7,7,7,7,6,7,7,7,7,6.8,6,5,7,6,6,6,17,17,17,15,17,15,16,16.28571429,1,2,1,2,2,1.6,2,2,1,3,3,2,2,2.142857143,4,2,5,3,3,2,5,4,3,5,2,2,4,1,4,2,5,3,3.277777778,7,7,6,7,7,6.8,1,4,2,4,2,3,3,2,5,1,1,1.714285714,3,3,4,2,4,2,2.5,2,3,2,2.333333333,2,1,3,3,2,1,3,2.142857143,2,2,1,4,2,3,1,1,2,180,5,3,4,4,182,0,92,146,105,1,2,5,3,5,5,4,4,3,4,1,2,1,2,4,4,3,5,1,5,2.625,3,5,5,5,4,5,4,4.666666667,2,6,3,2,1,7,4,4,4,1,3.875,5,4,3,3,3,2,3,2,2,3,4,4,4,4,1,3,1,1,1,1,1,1,1,1,1.2,1,1,1,1,1,Abbaygayle Bruce ,21,2,5,1,4,15,Psychology ,1,2,2,2,2,18.5,1,4,
1/7/2026 10:38,1/7/2026 12:17,157.201.96.100,5963,1,1/7/2026 12:17,5,4,3,2,4,3,3,4,2,4,2,4,4,4,3,3,4,4,3,3,3.4,6,6,6,6,6,7,7,7,7,7,7,7,4,6,6,6,5.8,16,16,14,14,14,14,14,14.57142857,1,2,2,1,1,1.4,3,3,3,4,7,7,1,4,3,2,4,3,4,2,5,5,3,5,2,2,5,2,5,1,5,3,3.388888889,4,6,6,3,7,5.2,2,4,2,5,1,5,1,1,4,2,1,1.428571429,4,3,4,2,5,1,2.5,2,3,3,2.666666667,3,2,2,2,1,1,2,1.857142857,7,2,4,4,4,6,7,1,4.375,63,3,3,3,3,104,0,56,0,40,1,1,1,7,5,6,7,7,7,6.5,3,3,1,7,4,4,7,1,1,4,3,6,2,6,6,4,6,1,4.166666667,7,1,7,7,7,1,4,7,7,7,5.125,7,7,7,7,7,7,7,7,7,7,4,4,4,4,1,1,1,1,1,1,1,1,1,1,1,1,1,1,1,1,Ethan Clark,22,1,5,3,2,12,"Psychology, minor in sociology",1,2,2,3,7,10.1,1,4,
1/7/2026 11:08,1/7/2026 12:30,157.201.64.30,4874,1,1/7/2026 12:30,5,5,3,4,2,4,6,4,1,5,4,5,4,5,3,4,6,3,4,2,3.95,5,7,4,6,5.5,7,6,7,5,6,6.2,3,6,4,7,4,4.8,14,17,13,14,15,17,14,14.85714286,1,1,1,1,1,1,5,4,2,5,5,1,5,3.857142857,3,2,4,2,2,3,5,5,3,4,2,2,5,1,5,1,5,2,3.111111111,6,7,7,6,7,6.6,3,4,2,5,1,5,1,2,5,1,2,1.714285714,1,3,5,1,4,2,1.75,1,3,2,2,3,1,3,3,2,2,4,2.571428571,3,4,3,4,3,3,6,2,3.5,301,6,3,1,3.333333333,242,3,239,61,136.25,1,2,4,4,6,7,6,5,6,5.666666667,6,7,5,6,2,6,3,5,5,4,5.5,6,2,2,2,5,4,6,3.5,5,3,3,3,5,3,1,5,5,2,3.125,6,5,7,6,6,6,7,6,6,6.111111111,5,5,5,5,2,3,1,1,1,1,1,1,1,1,1.3,3,4,3,4,3.5,Ian Bowling,23,1,5,1,4,9,Industrial/Organizational Psychology,2,2,2,4,7,6,1,4,
1/7/2026 11:42,1/7/2026 12:50,157.201.98.1,4095,1,1/7/2026 12:50,1,3,2,5,2,1,3,2,1,5,1,6,5,3,1,1,5,6,1,3,2.85,7,7,7,7,7,7,6,7,7,7,6.8,7,7,7,7,7,7,15,14,13,13,13,13,13,13.42857143,1,1,2,1,1,1.2,1,1,1,1,4,1,1,1.428571429,5,3,4,4,5,1,5,5,3,4,1,1,4,2,5,1,4,5,3.444444444,6,7,7,6,1,5.4,1,5,1,5,1,5,1,4,3,3,4,2.142857143,5,2,5,1,5,1,2.25,2,2,2,2,1,1,1,1,1,3,4,1.714285714,5,4,1,3,5,3,8,2,3.875,238,5,1,1,2.333333333,246,11,121,11,97.25,1,1,1,7,7,7,7,7,7,7,6,6,1,6,1,7,1,7,6,1,5,7,1,6,1,1,1,6,2.666666667,7,1,2,2,6,2,1,1,6,1,2,7,7,7,7,7,7,7,7,,7,4,4,4,4,1,1,1,1,1,1,1,1,1,1,1,1,1,1,1,1,Matthew Gage Toler,25,1,5,1,2,12,Psychology Major Health Psychology Emphasis ,1,2,2,3,2,30,1,4,
1/7/2026 12:33,1/7/2026 13:07,205.185.107.100,2034,1,1/7/2026 13:07,2,2,3,4,3,2,3,2,2,2,2,4,3,3,3,4,2,4,4,3,2.85,4,4,6,5,4.75,5,3,6,6,6,5.2,6,5,6,6,6,5.8,15,14,14,13,13,13,16,14,1,1,1,1,1,1,2,2,2,5,4,2,2,2.714285714,4,1,4,2,4,1,5,4,1,4,1,1,4,1,5,1,4,2,2.722222222,5,6,6,7,7,6.2,1,5,1,4,2,4,2,1,5,1,1,1.285714286,2,2,4,2,5,1,1.75,1,1,1,1,1,1,1,1,1,1,2,1.142857143,7,3,1,3,2,5,8,4,4.125,120,4,6,2,4,201,0,500,162,215.75,1,1,3,5,4,5,3,3,2,3.666666667,1,5,5,4,5,3,6,2,2,6,3.5,5,3,1,1,1,3,1,1.666666667,2,6,2,6,1,7,4,5,6,4,5,2,2,4,2,2,2,2,3,2,2.333333333,4,5,4,4.333333333,1,4,3,1,1,1,1,1,1,1,1.5,2,2,1,1,1.5,Alex Tavares,29,1,5,1,4,8,Health Psychology,1,2,2,4,5,11.2,1,4,
1/7/2026 13:06,1/7/2026 13:48,157.201.96.100,2544,1,1/7/2026 13:48,3,4,3,4,5,5,4,3,2,4,4,5,3,4,3,4,3,4,3,4,3.7,7,7,7,7,7,6,7,6,7,7,6.6,7,6,6,6,7,6.4,15,15,14,15,13,14,14,14.28571429,1,3,1,2,1,1.6,2,2,2,5,4,2,2,2.714285714,2,3,5,2,3,2,5,5,2,4,1,3,4,2,5,2,3,2,3.055555556,5,6,3,6,7,5.4,3,4,2,5,1,2,4,2,4,2,2,2.285714286,2,2,5,1,5,1,1.5,2,3,2,2.333333333,3,2,2,3,3,3,2,2.571428571,6,6,4,5,6,4,8,6,5.625,45,3,2,5,3.333333333,289,0,0,120,102.25,1,1,3,5,6,6,3,5,3,4.666666667,2,5,5,6,1,7,2,6,5,3,4.875,5,3,6,6,6,6,7,5.666666667,2,6,5,2,6,2,2,2,2,2,2.875,5,2,6,2,5,3,6,6,6,4.555555556,5,5,5,5,2,1,1,2,1,1,1,1,1,1,1.2,1,1,1,1,1,Adelynn Clement,21,2,5,4,3,16,Health Psychology,1,2,2,4,5,15.1,1,4,
1/7/2026 13:48,1/7/2026 14:17,157.201.96.100,1717,1,1/7/2026 14:17,4,4,2,5,4,4,5,2,1,4,3,5,4,4,2,3,3,4,2,5,3.5,7,7,7,7,7,6,6,7,7,7,6.6,7,6,7,7,7,6.8,14,13,17,14,19,17,13,15.28571429,1,2,1,1,1,1.2,2,1,2,3,2,2,2,2,4,2,4,1,4,2,5,4,2,4,1,1,4,1,4,1,4,2,2.777777778,6,6,6,5,6,5.8,2,4,2,4,2,4,2,1,5,1,1,1.571428571,2,1,4,2,5,1,1.5,1,2,1,1.333333333,2,2,2,2,2,2,3,2.142857143,6,4,7,4,4,5,7,8,5.625,100,3,4,5,4,120,58,159,120,114.25,2,,,,,,,,,#DIV/0!,,,,,,,,,,,#DIV/0!,,,,,,,,#DIV/0!,,,,,,,,,,,#DIV/0!,,,,,,,,,,#DIV/0!,,,,#DIV/0!,,,,,,,,,,,#DIV/0!,,,,,#DIV/0!,Easton Rodgerson,23,1,5,2,2,11,Health Psychology,1,2,2,6,8,8.8,1,4,
1/7/2026 14:16,1/7/2026 14:48,157.201.96.100,1885,1,1/7/2026 14:48,3,4,3,5,2,4,5,3,1,4,3,4,3,3,3,4,3,2,3,2,3.2,4,5,6,5,5,4,5,5,5,5,4.8,5,2,4,5,5,4.2,13,17,13,17,13,16,17,15.14285714,1,3,1,1,1,1.4,2,5,5,5,5,2,3,3.857142857,3,3,4,2,1,2,4,3,2,2,2,1,1,1,4,3,1,4,2.388888889,5,5,4,5,3,4.4,3,3,3,3,3,3,3,3,2,4,4,3.285714286,4,4,3,3,2,4,3.75,3,3,3,3,3,2,3,3,3,3,4,3,1,4,1,2,1,1,8,7,3.125,100,5,7,5,5.666666667,196,99,210,334,209.75,1,1,5,3,6,6,4,4,5,4.666666667,5,6,6,5,3,5,3,5,4,3,4.875,5,3,3,3,4,3,5,3.5,1,7,5,6,1,7,5,5,5,5,5.625,5,5,7,5,4,3,3,4,3,4.333333333,4,4,4,4,1,3,1,1,1,1,1,1,2,1,1.3,2,2,1,2,1.75,Joshua Shafer,25,1,5,1,4,12,General Psych,1,2,2,2,2,20,1,4,
1/7/2026 14:32,1/7/2026 14:54,205.185.107.33,1320,1,1/7/2026 14:54,4,3,3,,4,3,4,3,1,3,4,4,4,3,3,3,4,4,4,4,3.421052632,5,6,6,6,5.75,6,6,6,7,7,6.4,6,5,5,5,6,5.4,14,15,18,17,17,17,16,16.28571429,2,1,1,2,2,1.6,5,6,6,6,6,6,6,5.857142857,3,2,3,3,2,2,4,4,3,4,2,3,3,3,4,2,4,4,3.055555556,6,6,6,7,5,6,4,3,3,4,2,3,3,3,3,3,3,3,4,4,3,3,3,3,3.5,2,2,2,2,2,1,2,1,2,2,2,1.714285714,3,6,2,2,2,6,3,3,3.375,90,5,4,5,4.666666667,90,0,51,155,74,2,,,,,,,,,#DIV/0!,,,,,,,,,,,#DIV/0!,,,,,,,,#DIV/0!,,,,,,,,,,,#DIV/0!,,,,,,,,,,#DIV/0!,,,,#DIV/0!,,,,,,,,,,,#DIV/0!,,,,,#DIV/0!,Elise Brown,22,2,5,1,4,12,health psychology ,1,2,2,3,8,14.1,1,4,
1/7/2026 15:10,1/7/2026 15:36,157.201.96.100,1511,1,1/7/2026 15:36,5,3,3,5,4,4,4,4,3,4,3,4,3,4,5,3,4,4,4,3,3.8,3,5,5,5,4.5,5,5,5,5,5,5,3,3,3,3,3,3,15,15,15,18,17,17,17,16.28571429,3,3,3,3,4,3.2,5,3,5,6,6,5,5,5,3,4,4,4,2,3,3,3,4,4,2,4,3,4,4,3,3,5,3.444444444,6,6,6,5,1,4.8,4,3,3,3,3,3,3,4,3,3,4,3.428571429,4,4,3,3,3,3,3.5,4,4,4,4,3,2,3,3,2,3,3,2.714285714,4,4,3,3,5,5,8,1,4.125,300,9,9,9,9,700,700,500,400,575,2,,,,,,,,,#DIV/0!,,,,,,,,,,,#DIV/0!,,,,,,,,#DIV/0!,,,,,,,,,,,#DIV/0!,,,,,,,,,,#DIV/0!,,,,#DIV/0!,,,,,,,,,,,#DIV/0!,,,,,#DIV/0!,Nolan Hinkey,30,1,5,1,4,9,Psychology and Health Psychology ,1,2,2,3,7,13,1,4,
1/7/2026 15:09,1/7/2026 15:46,208.115.249.215,2228,1,1/7/2026 15:46,4,3,2,3,3,2,2,3,2,3,3,5,4,5,5,3,3,3,3,4,3.25,6,6,6,5,5.75,6,7,5,7,6,6.2,6,4,3,5,5,4.6,15,16,15,14,14,16,14,14.85714286,3,2,3,1,1,2,5,3,3,5,6,6,6,4.857142857,4,3,1,3,1,2,4,2,2,2,2,1,3,1,2,2,2,3,2.222222222,3,3,4,2,4,3.2,3,3,3,3,3,3,3,2,2,4,2,2.857142857,3,3,3,3,3,3,3,4,2,2,2.666666667,3,2,3,1,1,3,5,2.571428571,5,4,3,2,3,1,1,2,2.625,132,5,4,4,4.333333333,245,10,69,76,100,2,,,,,,,,,#DIV/0!,,,,,,,,,,,#DIV/0!,,,,,,,,#DIV/0!,,,,,,,,,,,#DIV/0!,,,,,,,,,,#DIV/0!,,,,#DIV/0!,,,,,,,,,,,#DIV/0!,,,,,#DIV/0!,Hunter Davis,23,1,5,4,2,12,Public Health ,1,2,2,2,4,16,1,4,
1/7/2026 15:31,1/7/2026 16:52,192.225.180.2,4855,1,1/7/2026 16:52,5,2,2,4,2,5,5,2,1,2,4,4,2,4,4,5,2,2,2,2,3.05,7,7,7,6,6.75,6,7,7,7,7,6.8,5,5,6,7,5,5.6,13,14,13,13,15,14,14,13.71428571,2,1,1,1,2,1.4,2,2,5,5,7,3,2,3.714285714,2,2,4,3,3,2,5,4,2,5,2,3,5,2,4,2,5,3,3.222222222,6,6,6,6,7,6.2,3,4,2,4,2,5,1,3,3,3,1,2.142857143,3,3,4,2,4,2,2.5,1,2,3,2,3,1,3,2,1,1,2,1.857142857,5,2,1,2,3,4,8,6,3.875,30,2,1,2,1.666666667,200,0,306,18,131,2,,,,,,,,,#DIV/0!,,,,,,,,,,,#DIV/0!,,,,,,,,#DIV/0!,,,,,,,,,,,#DIV/0!,,,,,,,,,,#DIV/0!,,,,#DIV/0!,,,,,,,,,,,#DIV/0!,,,,,#DIV/0!,Sophie Sharp,22,2,5,1,4,15,Psychology with a Psychology emphasis,1,2,2,3,8,18,1,4,
1/7/2026 16:21,1/7/2026 16:58,205.185.107.47,2231,1,1/7/2026 16:58,3,1,3,4,2,4,4,3,2,4,4,4,3,4,3,4,4,4,3,4,3.35,5,5,5,5,5,6,6,6,5,6,5.8,7,5,7,6,7,6.4,15,17,14,13,13,16,14,14.57142857,1,2,1,1,1,1.2,2,2,2,2,4,1,2,2.142857143,4,2,4,2,4,1,4,4,1,4,1,2,4,1,4,1,4,2,2.722222222,6,6,6,5,5,5.6,2,3,3,4,2,4,2,2,3,3,3,2.428571429,3,3,4,2,4,2,2.5,3,3,3,3,2,3,3,2,2,2,3,2.428571429,4,4,4,3,4,2,6,5,4,103,5,1,5,3.666666667,200,0,239,115,138.5,1,1,2,6,6,6,6,5,5,5.666666667,4,6,5,4,2,6,3,5,6,2,4.75,1,7,2,4,6,4,4,4.5,4,4,6,3,4,4,4,4,4,4,4.125,6,6,6,5,5,5,6,6,6,5.666666667,4,4,4,4,1,2,2,1,1,1,1,1,1,1,1.2,1,1,1,1,1,Kaden Hernandez,21,1,7,4,4,14,General Psychology,2,2,2,3,7,24,1,4,
1/7/2026 16:32,1/7/2026 17:02,157.201.98.1,1782,1,1/7/2026 17:02,5,4,5,5,4,5,3,5,2,3,5,4,3,3,3,4,3,5,3,4,3.9,6,6,6,3,5.25,4,6,5,6,6,5.4,5,3,3,6,6,4.6,15,14,15,13,14,17,15,14.71428571,2,2,3,1,2,2,3,3,2,6,5,3,2,3.428571429,3,1,4,4,4,2,3,4,1,4,1,4,5,4,4,1,3,3,3.055555556,3,4,5,3,2,3.4,2,4,2,4,2,4,2,2,4,2,2,2,3,4,3,3,4,2,3,4,3,3,3.333333333,1,1,1,1,1,1,1,1,5,4,3,2,3,2,6,6,3.875,60,3,5,3,3.666666667,180,0,0,200,95,1,2,5,3,6,6,4,5,4,4.666666667,2,2,5,5,2,6,3,5,5,3,4.125,3,5,2,2,5,2,6,3.666666667,3,5,5,6,2,6,6,6,5,6,5.625,4,4,6,4,5,3,6,5,5,4.666666667,4,5,5,4.666666667,1,1,1,1,1,1,1,1,1,1,1,1,1,1,1,1,Kade Winder,23,1,5,4,2,13,Psychology,1,2,2,2,2,12,1,4,
1/7/2026 16:53,1/7/2026 17:44,4.43.60.6,3037,1,1/7/2026 17:44,4,4,3,3,3,3,4,4,3,3,3,3,3,3,3,4,4,3,3,3,3.3,6,6,6,5,5.75,6,6,6,5,6,5.8,2,5,3,5,4,3.8,15,17,14,14,17,16,14,15.28571429,1,1,1,1,1,1,4,5,3,4,5,4,4,4.142857143,4,3,4,2,2,3,4,4,4,3,2,2,4,2,2,2,4,4,3.055555556,4,4,4,4,4,4,3,3,3,4,2,4,2,3,4,2,2,2.428571429,4,4,3,3,4,2,3.25,3,3,3,3,3,2,3,3,3,3,4,3,2,2,1,2,2,4,1,1,1.875,41,3,4,3,3.333333333,179,0,179,59,104.25,2,,,,,,,,,#DIV/0!,,,,,,,,,,,#DIV/0!,,,,,,,,#DIV/0!,,,,,,,,,,,#DIV/0!,,,,,,,,,,#DIV/0!,,,,#DIV/0!,,,,,,,,,,,#DIV/0!,,,,,#DIV/0!,Taylor Davis,22,2,5,1,4,10,General Psychology ,1,2,2,6,2,16.8,1,4,
1/7/2026 15:01,1/7/2026 18:24,205.185.107.59,12221,1,1/7/2026 18:24,5,5,4,2,3,2,3,4,2,2,4,3,3,3,3,4,4,4,3,3,3.3,4,4,5,5,4.5,5,5,5,5,5,5,5,4,4,4,5,4.4,15,15,14,16,15,16,16,15.28571429,1,1,1,1,1,1,4,3,3,3,6,2,3,3.428571429,4,3,4,3,3,3,4,4,3,4,3,2,4,2,4,2,4,3,3.277777778,6,6,6,6,6,6,2,4,2,4,2,4,2,2,3,3,1,2,3,3,4,2,4,2,2.5,3,2,2,2.333333333,2,2,3,2,2,2,2,2.142857143,6,5,2,4,4,3,6,1,3.875,170,1,1,6,2.666666667,180,31,121,242,143.5,1,2,2,6,5,5,4,4,4,4.666666667,5,5,5,3,2,6,3,5,5,2,4.5,2,6,5,5,5,5,5,5.166666667,3,5,5,5,5,3,5,3,5,5,4.5,4,5,6,4,4,4,5,5,4,4.555555556,4,4,4,4,1,2,1,1,1,1,1,1,1,1,1.1,1,1,1,1,1,Brooke Kidman,23,2,5,4,4,15,health psychology ,1,2,2,6,8,12,1,4,
1/7/2026 12:26,1/7/2026 18:25,38.43.8.43,21547,1,1/7/2026 18:25,2,4,1,4,3,2,2,3,2,4,2,5,2,3,2,4,5,5,3,5,3.15,5,5,6,5,5.25,4,5,4,5,6,4.8,5,4,3,4,2,3.6,13,13,13,13,17,14,13,13.71428571,1,2,3,2,2,2,2,2,2,6,6,2,3,3.285714286,3,3,3,4,2,2,3,4,3,3,1,1,4,1,4,2,2,3,2.666666667,2,2,5,5,2,3.2,4,3,3,3,3,3,3,3,2,4,3,3.285714286,3,4,3,3,3,3,3.25,4,3,4,3.666666667,2,1,3,2,2,1,3,2,5,2,2,4,3,2,8,5,3.875,241,4,2,5,3.666666667,244,1,134,155,133.5,1,1,2,6,2,4,2,5,3,3.666666667,2,5,2,6,3,5,3,5,3,3,3.875,5,3,2,2,3,5,2,2.833333333,2,6,2,2,3,5,5,3,5,2,3.75,5,4,5,4,3,3,3,3,3,3.666666667,5,5,5,5,1,2,1,1,1,1,1,1,1,1,1.1,3,2,2,2,2.25,Jennalee Lewis,22,2,5,1,4,12,"Public Health, health education",1,2,2,4,2,16.4,1,4,
1/7/2026 18:03,1/7/2026 18:28,157.201.98.1,1465,1,1/7/2026 18:28,4,2,4,4,2,4,5,4,2,3,5,4,3,5,5,5,4,4,4,3,3.8,5,6,6,3,5,4,6,5,5,6,5.2,3,2,5,6,4,4,17,17,15,16,19,16,17,16.71428571,3,1,3,1,1,1.8,5,5,4,6,6,6,5,5.285714286,1,3,4,3,2,3,3,3,3,5,2,4,5,1,4,1,3,3,2.944444444,5,5,5,5,7,5.4,5,2,4,3,3,2,4,4,3,3,2,3.571428571,4,3,3,3,3,3,3.25,4,3,3,3.333333333,2,2,3,2,1,2,4,2.285714286,6,5,2,3,3,2,1,1,2.875,35,3,1,2,2,165,20,0,30,53.75,2,,,,,,,,,#DIV/0!,,,,,,,,,,,#DIV/0!,,,,,,,,#DIV/0!,,,,,,,,,,,#DIV/0!,,,,,,,,,,#DIV/0!,,,,#DIV/0!,,,,,,,,,,,#DIV/0!,,,,,#DIV/0!,Brienna Bishop,21,2,5,4,2,15,Health Psychology,1,2,2,3,2,15.3,1,4,
1/7/2026 10:51,1/7/2026 18:29,192.225.189.118,27483,1,1/7/2026 18:29,4,4,5,4,3,4,3,4,3,4,3,5,2,4,2,3,3,5,2,3,3.5,3,6,5,4,4.5,4,5,4,4,4,4.2,4,4,3,4,6,4.2,18,17,17,14,15,17,16,16.28571429,4,3,4,4,2,3.4,4,4,2,6,6,4,3,4.142857143,3,3,3,5,2,4,2,2,3,3,2,5,2,5,3,2,3,5,3.166666667,4,4,2,5,2,3.4,4,2,4,3,3,3,3,4,2,4,3,3.571428571,4,4,3,3,3,3,3.5,2,2,3,2.333333333,2,1,2,1,1,1,1,1.285714286,3,3,3,4,4,1,6,3,3.375,163,8,2,5,5,410,213,310,35,242,1,1,2,6,7,7,7,4,7,6.333333333,5,6,4,4,2,6,2,6,6,1,4.75,1,7,7,7,7,7,7,7,2,6,5,6,2,6,5,5,6,5,5.5,4,4,4,4,4,4,4,4,4,4,5,5,5,5,1,1,1,1,1,1,1,1,1,1,1,1,1,1,1,1,Kennedy Linton,22,2,5,4,3,11,"Psychology, behavioral interventions",1,2,2,2,2,7.9,1,5,
1/7/2026 17:40,1/7/2026 18:31,192.225.189.118,3108,1,1/7/2026 18:31,3,4,2,4,3,2,3,4,1,3,2,4,2,4,2,3,2,4,4,5,3.05,6,6,6,6,6,6,6,6,6,6,6,5,3,3,4,6,4.2,14,14,13,14,14,13,14,13.71428571,1,1,1,1,1,1,1,1,2,2,7,5,2,2.857142857,4,2,4,1,1,2,5,5,1,5,1,1,4,1,5,3,4,3,2.888888889,5,6,5,3,6,5,2,5,1,4,2,3,3,2,4,2,2,2,4,3,3,3,4,2,3,4,3,3,3.333333333,3,1,1,2,2,1,1,1.571428571,1,1,1,3,1,1,1,1,1.25,7,1,1,6,2.666666667,59,0,7,128,48.5,2,,,,,,,,,#DIV/0!,,,,,,,,,,,#DIV/0!,,,,,,,,#DIV/0!,,,,,,,,,,,#DIV/0!,,,,,,,,,,#DIV/0!,,,,#DIV/0!,,,,,,,,,,,#DIV/0!,,,,,#DIV/0!,Autumn Morrow,21,2,5,4,2,14,Psychology,1,2,2,3,2,24.3,1,4,
1/7/2026 8:55,1/7/2026 19:59,174.220.191.145,39841,1,1/7/2026 19:59,6,5,3,5,5,5,4,4,3,4,4,4,4,4,3,4,4,3,4,3,4.05,6,6,6,6,6,5,5,6,5,5,5.2,6,2,5,6,4,4.6,17,18,18,13,16,17,16,16.42857143,4,3,2,2,2,2.6,3,1,4,6,6,6,4,4.285714286,4,2,3,4,2,1,5,4,1,5,2,2,4,2,5,2,5,5,3.222222222,5,5,5,4,3,4.4,3,5,1,5,1,4,2,2,4,2,1,1.714285714,5,5,4,2,5,1,3.25,4,2,2,2.666666667,2,3,3,3,4,4,4,3.285714286,7,1,6,3,1,1,5,7,3.875,570,2,5,1,2.666666667,503,45,121,0,167.25,1,2,2,6,6,6,7,7,7,6.5,2,2,3,2,1,7,1,7,5,1,3.625,2,6,2,5,5,5,5,4.666666667,1,7,2,1,1,7,7,4,7,4,4.875,6,4,6,6,6,6,7,7,7,6.111111111,5,4,4,4.333333333,1,4,1,2,1,1,1,1,1,1,1.4,2,1,1,1,1.25,Rylie Thorne,21,2,5,4,3,13,exercise physiology with premed emphasis,1,2,2,1,4,8.8,1,4,
1/7/2026 20:13,1/7/2026 20:47,172.56.2.73,2043,1,1/7/2026 20:47,4,4,3,4,4,3,4,3,3,3,4,4,4,4,3,3,4,4,4,4,3.65,4,5,4,5,4.5,4,5,5,5,4,4.6,4,4,4,5,5,4.4,17,16,17,16,16,16,16,16.28571429,2,2,1,2,2,1.8,4,4,4,4,5,5,4,4.285714286,4,2,4,2,2,1,3,3,1,4,2,1,3,1,3,1,3,3,2.388888889,5,6,4,4,5,4.8,4,4,2,4,2,4,2,4,4,2,4,2.857142857,4,4,4,2,4,2,3,1,2,2,1.666666667,3,3,3,3,3,3,3,3,4,4,5,5,4,4,6,7,4.875,444,5,3,6,4.666666667,411,27,383,452,318.25,1,1,2,6,6,6,5,5,5,5.5,2,4,5,6,3,5,4,4,5,2,4.125,7,1,1,5,2,4,2,2.5,1,7,5,5,2,6,6,4,4,4,5.125,5,6,6,5,5,4,4,5,5,5,4,4,4,4,2,2,1,2,2,1,1,1,1,1,1.4,2,2,2,2,2,Clarachristy Chigbundu,20,2,4,3,4,12,Business Analytics and minor in Industrial Organizational psychology,2,2,2,3,4,24.7,1,4,
1/7/2026 20:48,1/7/2026 21:19,205.185.98.18,1819,1,1/7/2026 21:19,2,2,3,2,1,,5,6,3,2,5,2,5,3,2,2,4,2,6,2,3.105263158,6,7,7,6,6.5,7,7,6,7,7,6.8,7,5,7,7,6,6.4,14,17,17,13,17,14,13,15,2,2,4,1,2,2.2,2,3,5,6,7,2,5,4.285714286,4,5,3,2,2,1,4,3,2,3,1,1,4,1,5,1,4,4,2.777777778,3,5,2,2,2,2.8,3,4,2,4,2,2,4,1,5,1,2,2.142857143,4,4,4,2,2,4,3.5,4,2,3,3,2,1,2,1,1,1,1,1.285714286,4,1,1,4,1,1,1,5,2.25,242,3,9,7,6.333333333,241,0,60,700,250.25,1,1,2,6,6,7,6,6,5,6,2,1,5,6,1,7,2,6,6,1,4.25,2,6,2,3,6,3,2,3.666666667,2,6,5,2,6,2,3,6,6,2,4,6,4,6,2,4,2,6,6,5,4.555555556,5,5,5,5,1,2,1,1,1,1,1,1,1,1,1.1,4,3,2,2,2.75,Morgan Jones,23,1,5,4,3,12,"Psychology, general",2,2,2,4,6,10,1,4,
1/7/2026 22:06,1/7/2026 22:39,205.185.107.12,1984,1,1/7/2026 22:39,3,4,3,4,4,3,4,4,3,3,5,3,6,2,5,4,3,4,4,3,3.7,6,7,7,6,6.5,6,7,7,7,7,6.8,6,2,6,6,6,5.2,15,14,16,16,17,19,16,16.14285714,1,1,1,1,1,1,1,1,2,5,6,4,2,3,1,1,4,1,3,2,4,5,1,4,1,1,4,1,4,1,4,2,2.444444444,7,7,7,6,6,6.6,2,5,1,5,1,4,2,1,4,2,1,1.428571429,2,1,5,1,5,1,1.25,2,1,1,1.333333333,1,2,3,4,3,3,4,2.857142857,5,5,4,4,6,1,8,6,4.875,149,4,4,1,3,239,0,118,0,89.25,1,1,2,6,6,6,6,7,7,6.333333333,3,7,5,4,2,6,2,6,6,2,4.875,2,6,6,7,6,7,6,6.333333333,3,5,6,5,5,3,4,5,5,2,4.375,7,6,7,7,7,2,6,7,6,6.111111111,5,5,5,5,1,2,1,1,1,1,1,1,1,1,1.1,1,1,1,1,1,Andrew Hollander,24,1,5,4,3,12,Psychology with no emphasis,1,2,2,4,8,22.1,1,4,
1/8/2026 6:14,1/8/2026 6:46,172.56.151.137,1940,1,1/8/2026 6:46,2,3,3,4,2,1,2,2,1,4,2,5,5,4,3,2,5,4,3,1,2.9,6,6,6,5,5.75,5,6,6,5,6,5.6,7,2,6,6,5,5.2,14,14,13,13,15,14,13,13.71428571,2,1,1,2,3,1.8,5,1,2,5,6,2,2,3.285714286,2,1,4,2,3,2,5,5,3,4,1,2,4,2,5,1,5,4,3.055555556,6,6,2,5,1,4,2,4,2,4,2,4,2,2,4,2,2,2,4,4,3,3,3,3,3.5,1,2,3,2,2,1,2,1,1,1,3,1.571428571,4,4,2,2,2,4,6,6,3.75,80,1,1,4,2,121,0,121,59,75.25,1,1,1,7,6,6,6,7,7,6.5,6,6,4,3,3,5,3,5,6,2,4.625,3,5,3,2,5,3,6,4,2,6,2,6,2,6,6,5,6,6,5.375,6,6,6,5,5,4,6,7,6,5.666666667,5,5,5,5,1,2,1,1,1,1,1,1,1,1,1.1,1,1,1,1,1,Sydney Butler,21,2,5,1,3,17,Biomedical Science,1,2,2,4,5,15,1,4,
1/8/2026 8:07,1/8/2026 9:02,157.201.96.100,3279,1,1/8/2026 9:02,5,5,4,6,4,3,3,5,2,5,6,4,4,4,2,4,6,5,6,5,4.4,5,6,7,6,6,6,6,6,6,7,6.2,6,4,4,5,7,5.2,17,18,17,16,18,18,16,17.14285714,1,1,1,1,2,1.2,5,4,6,6,5,2,4,4.571428571,4,3,2,3,3,4,4,4,2,4,2,3,4,3,4,3,3,5,3.333333333,5,6,4,2,1,3.6,3,3,3,3,3,3,3,3,3,3,3,3,3,4,3,3,3,3,3.25,4,4,4,4,3,3,3,3,1,1,4,2.571428571,5,2,1,2,3,1,6,1,2.625,244,4,4,5,4.333333333,62,18,90,10,45,1,1,4,4,6,7,6,7,6,6,5,6,5,7,2,6,4,4,5,1,4.875,5,3,5,1,4,2,1,2.666666667,6,2,6,6,2,6,5,2,4,4,4.375,6,6,7,6,6,5,6,6,6,6,5,5,5,5,1,1,1,1,1,1,1,1,1,1,1,1,1,1,1,1,Abby Vang,25,2,2,4,4,11,Psychology with a general psychology emphasis ,3,2,2,3,2,10.6,1,4,
1/8/2026 10:19,1/8/2026 11:00,157.201.96.100,2500,1,1/8/2026 11:00,4,4,1,3,1,6,1,3,1,2,3,1,2,4,3,5,4,4,3,4,2.95,3,5,5,4,4.25,4,4,4,4,5,4.2,4,4,4,3,5,4,17,17,14,17,19,17,15,16.57142857,1,1,1,1,1,1,6,4,5,7,7,5,5,5.571428571,4,3,2,2,2,3,3,4,2,4,2,2,4,2,5,2,4,4,3,5,5,4,5,5,4.8,3,3,3,3,3,3,3,3,2,4,4,3.285714286,5,4,3,3,2,4,4,1,2,2,1.666666667,2,1,3,1,1,1,3,1.714285714,6,3,1,2,4,3,8,1,3.5,193,6,6,3,5,293,296,287,31,226.75,1,1,5,3,5,7,5,7,6,5.5,4,4,3,4,3,5,3,5,4,4,4.125,4,4,4,1,5,4,5,3.833333333,1,7,4,7,1,7,7,7,7,7,6.625,5,5,5,6,5,5,7,5,5,5.333333333,5,5,5,5,1,1,1,1,1,1,1,1,1,1,1,3,4,2,3,3,Joshua Davis,25,1,5,1,4,17,Supply Chain Management,2,2,2,4,8,5,1,4,
1/8/2026 11:48,1/8/2026 12:10,157.201.98.1,1320,1,1/8/2026 12:10,3,4,3,5,4,3,4,3,3,4,3,4,3,4,3,3,4,4,3,4,3.55,5,6,6,6,5.75,6,6,5,6,6,5.8,5,6,5,5,5,5.2,14,14,15,13,16,15,14,14.42857143,1,2,1,1,1,1.2,6,2,5,4,6,4,4,4.428571429,3,2,3,2,3,1,4,5,2,4,1,2,4,1,5,1,4,2,2.722222222,6,6,6,6,6,6,3,4,2,5,1,4,2,3,4,2,3,2.285714286,3,3,4,2,4,2,2.5,1,2,1,1.333333333,2,2,2,2,2,2,2,2,4,5,3,3,3,4,7,4,4.125,48,3,1,3,2.333333333,123,0,227,42,98,2,,,,,,,,,#DIV/0!,,,,,,,,,,,#DIV/0!,,,,,,,,#DIV/0!,,,,,,,,,,,#DIV/0!,,,,,,,,,,#DIV/0!,,,,#DIV/0!,,,,,,,,,,,#DIV/0!,,,,,#DIV/0!,Isabella Cottle,22,2,5,1,4,19,General Psych,2,1,2,4,8,25.4,1,4,
1/8/2026 11:51,1/8/2026 12:12,157.201.96.100,1292,1,1/8/2026 12:12,5,4,5,6,2,5,4,5,1,3,4,5,3,4,3,4,5,5,4,5,4.1,6,6,6,6,6,6,6,6,6,6,6,6,6,6,6,6,6,14,14,14,14,14,16,14,14.28571429,1,2,1,1,1,1.2,6,2,4,7,5,5,3,4.571428571,3,2,3,1,4,1,4,3,2,5,1,1,5,2,4,1,5,2,2.722222222,6,6,6,6,4,5.6,4,4,2,4,2,4,2,4,4,2,3,2.714285714,2,3,4,2,4,2,2.25,3,2,2,2.333333333,2,2,2,2,2,2,2,2,3,3,1,1,3,1,6,1,2.375,428,6,1,5,4,386,11,394,11,200.5,2,,,,,,,,,#DIV/0!,,,,,,,,,,,#DIV/0!,,,,,,,,#DIV/0!,,,,,,,,,,,#DIV/0!,,,,,,,,,,#DIV/0!,,,,#DIV/0!,,,,,,,,,,,#DIV/0!,,,,,#DIV/0!,Taylor Harris,19,2,7,4,2,15,Psychology,1,2,2,3,6,4,1,4,
1/8/2026 10:44,1/8/2026 13:13,192.187.62.4,8930,1,1/8/2026 13:13,5,3,4,5,2,6,2,6,1,3,6,4,5,3,5,6,5,3,5,2,4.05,6,6,5,7,6,6,6,6,6,6,6,6,4,7,6,6,5.8,13,13,13,13,13,15,13,13.28571429,1,1,1,1,1,1,6,2,2,2,6,2,2,3.142857143,3,3,3,3,3,2,4,5,2,4,1,2,4,2,5,1,4,3,3,6,6,7,6,6,6.2,3,4,2,4,2,5,1,3,3,3,3,2.428571429,3,3,3,3,4,2,2.75,1,2,1,1.333333333,1,2,1,1,1,1,1,1.142857143,7,3,4,4,6,4,8,7,5.375,20,4,3,3,3.333333333,51,0,149,30,57.5,1,1,2,6,7,7,7,7,7,6.833333333,3,6,3,5,2,6,2,6,6,2,4.625,5,3,6,2,4,5,1,3.5,2,6,2,2,2,6,2,2,2,2,3,6,6,6,6,6,6,6,6,6,6,3,5,5,4.333333333,1,1,1,1,1,1,1,1,1,1,1,1,1,1,1,1,Kaden Morgan,22,1,5,3,2,12,Phsycology,1,2,2,4,6,9,1,4,
1/8/2026 13:09,1/8/2026 13:58,162.249.30.152,2904,1,1/8/2026 13:58,2,2,4,4,1,5,2,4,3,4,5,2,5,3,2,5,4,3,4,4,3.4,5,6,6,6,5.75,6,6,6,6,7,6.2,6,6,6,5,5,5.6,17,17,14,15,14,16,18,15.85714286,1,2,1,1,1,1.2,1,1,3,2,5,1,1,2,1,2,4,3,2,2,5,4,2,4,2,3,4,1,4,1,5,2,2.833333333,5,7,6,7,6,6.2,2,4,2,5,1,4,2,2,4,2,2,1.857142857,2,3,5,1,5,1,1.75,2,3,1,2,3,2,3,3,1,2,4,2.571428571,5,5,5,3,4,3,8,2,4.375,70,4,1,4,3,70,0,30,90,47.5,1,1,6,2,4,6,4,2,5,3.833333333,1,6,3,6,7,1,7,1,4,6,3.5,3,5,2,3,2,6,1,3.166666667,6,2,2,5,2,6,6,6,6,2,4.375,5,2,6,3,3,1,7,5,2,3.777777778,5,5,5,5,1,2,2,2,1,1,2,1,1,1,1.4,4,1,1,1,1.75,Elisa Payan,22,2,6,1,4,15,IO Psychology,2,2,2,3,8,8.5,1,4,
1/8/2026 13:18,1/8/2026 14:02,157.201.64.30,2632,1,1/8/2026 14:02,3,4,2,4,3,5,2,5,1,4,5,4,3,3,2,2,5,3,4,4,3.4,5,6,6,6,5.75,6,6,6,6,6,6,7,6,6,6,7,6.4,14,17,15,14,19,15,13,15.28571429,1,2,1,1,1,1.2,2,2,2,2,5,3,5,3,4,2,4,3,2,3,5,4,2,5,2,3,4,1,5,2,5,3,3.277777778,7,7,7,7,6,6.8,3,4,2,4,2,4,2,3,4,2,3,2.428571429,3,3,4,2,4,2,2.5,1,1,2,1.333333333,2,1,2,1,1,1,2,1.428571429,4,4,1,2,4,2,8,3,3.5,35,3,1,1,1.666666667,200,0,120,0,80,1,1,6,2,3,6,3,3,3,3.333333333,2,4,3,4,6,2,7,1,2,6,3,3,5,5,5,5,5,3,4.666666667,1,7,2,6,1,7,5,6,7,2,5.25,5,3,6,3,2,2,6,5,5,4.111111111,3,3,3,3,1,2,1,3,1,1,1,1,1,1,1.3,2,1,1,1,1.25,Lydia Barrett,20,2,5,1,4,13,Psychology - Industrial/Organizational,2,2,2,3,8,18,1,4,
1/8/2026 14:00,1/8/2026 14:22,205.185.107.33,1330,1,1/8/2026 14:22,2,5,3,1,1,4,4,2,1,,3,5,4,2,1,3,3,5,2,2,2.789473684,5,7,7,7,6.5,5,5,5,5,5,5,5,4,4,5,7,5,19,13,13,13,13,14,13,14,1,2,2,1,1,1.4,3,2,1,5,4,2,2,2.714285714,4,1,4,2,3,3,3,3,5,4,1,3,3,3,5,1,4,5,3.166666667,5,4,5,7,7,5.6,2,3,3,4,2,4,2,4,3,3,2,2.571428571,5,5,2,4,3,3,4.25,1,4,3,2.666666667,4,2,2,1,1,1,3,2,5,1,6,6,3,6,5,6,4.75,45,8,9,1,6,61,0,700,59,205,1,1,4,4,5,5,2,5,5,4.333333333,4,5,5,6,4,4,3,5,2,4,4.375,3,5,1,3,5,5,4,3.833333333,1,7,3,3,6,2,3,5,5,3,3.875,5,5,5,4,4,1,2,6,6,4.222222222,5,5,5,5,1,1,1,1,1,1,1,1,1,1,1,1,1,1,1,1,Will Pierce,22,1,5,1,3,13,Psychology with a minor in marriage and family studies,1,2,2,3,2,20,1,4,
1/8/2026 14:36,1/8/2026 15:03,157.201.98.1,1636,1,1/8/2026 15:03,2,4,3,5,3,1,4,1,1,5,2,4,3,5,4,2,4,4,2,4,3.15,6,6,5,7,6,5,6,7,7,6,6.2,3,6,5,5,3,4.4,13,13,13,13,13,13,14,13.14285714,1,2,1,2,1,1.4,5,3,2,4,7,3,5,4.142857143,5,2,4,2,3,2,5,5,2,5,1,2,4,1,5,2,4,3,3.166666667,5,6,6,6,5,5.6,2,4,2,4,2,4,2,2,4,2,2,2,3,3,4,2,4,2,2.5,3,2,3,2.666666667,1,1,3,2,1,2,2,1.714285714,3,5,2,5,3,3,7,6,4.25,41,3,1,5,3,125,56,25,117,80.75,1,1,2,6,6,6,5,4,6,5.5,3,7,3,6,3,5,3,5,6,2,4.625,6,2,3,5,4,6,7,4.5,3,5,4,5,2,6,5,5,6,4,5,7,7,7,6,6,5,6,6,5,6.111111111,4,4,4,4,1,2,1,1,1,1,1,2,1,1,1.2,1,1,1,1,1,Tara Jones ,23,2,5,4,4,15,Public Health emphasis in Health Education & Promotion,1,2,2,6,7,18,1,4,
1/8/2026 14:49,1/8/2026 15:58,205.185.107.57,4152,1,1/8/2026 15:58,3,4,3,3,3,3,3,2,1,3,3,4,4,4,3,3,4,3,3,4,3.15,4,3,3,4,3.5,4,4,5,4,4,4.2,5,2,3,4,4,3.6,15,15,15,15,15,16,15,15.14285714,3,2,3,2,3,2.6,1,1,1,5,2,1,1,1.714285714,4,3,4,4,3,2,4,3,4,4,3,2,3,1,4,2,4,4,3.222222222,5,6,5,6,7,5.8,2,3,3,4,2,3,3,3,3,3,2,2.571428571,4,4,3,3,3,3,3.5,4,4,4,4,4,2,4,4,2,4,2,3.142857143,3,2,2,2,2,3,8,1,2.875,591,7,3,4,4.666666667,671,4,601,407,420.75,2,,,,,,,,,#DIV/0!,,,,,,,,,,,#DIV/0!,,,,,,,,#DIV/0!,,,,,,,,,,,#DIV/0!,,,,,,,,,,#DIV/0!,,,,#DIV/0!,,,,,,,,,,,#DIV/0!,,,,,#DIV/0!,Reagan Krogh,20,2,5,1,3,14,Psychology,1,2,1,2,4,15.1,1,4,
1/8/2026 16:29,1/8/2026 17:17,205.185.98.23,2922,1,1/8/2026 17:17,5,4,3,4,4,3,3,5,4,4,4,4,5,4,4,5,4,4,5,4,4.1,6,5,7,6,6,5,6,6,5,6,5.6,5,4,5,6,7,5.4,17,13,14,14,13,16,14,14.42857143,1,1,1,1,1,1,3,5,3,5,7,3,5,4.428571429,4,1,4,2,3,2,4,4,1,5,2,2,4,2,4,1,5,2,2.888888889,6,5,5,5,6,5.4,1,5,1,5,1,4,2,1,5,1,1,1.142857143,1,2,5,1,5,1,1.25,4,3,2,3,1,2,1,1,1,1,1,1.142857143,4,4,3,3,2,3,6,7,4,148,5,6,6,5.666666667,239,0,301,0,135,1,1,2,6,7,7,7,7,7,6.833333333,4,7,4,7,4,4,4,4,4,4,4.75,4,4,4,4,4,4,4,4,7,1,1,1,7,1,4,1,1,1,1.375,7,5,7,6,6,7,6,5,5,6,5,5,5,5,1,1,1,1,1,1,1,1,1,1,1,3,1,3,3,2.5,Joe Hayes,24,1,5,4,2,16,Exercise Science and Rehabilitation (Movement and Rehab.),1,2,2,4,6,18,1,4,
1/8/2026 17:08,1/8/2026 17:39,216.21.211.146,1876,1,1/8/2026 17:40,5,4,2,5,5,4,5,3,2,5,3,5,2,5,4,3,4,5,2,4,3.85,6,7,7,6,6.5,7,6,6,6,7,6.4,6,5,7,5,5,5.6,14,13,13,15,15,16,15,14.42857143,1,2,1,2,1,1.4,2,2,1,6,5,3,3,3.142857143,3,1,4,3,4,2,5,5,2,4,1,2,4,2,5,1,4,5,3.166666667,5,6,6,6,7,6,3,4,2,4,2,5,1,3,4,2,2,2.142857143,3,4,5,1,4,2,2.5,1,3,2,2,2,2,2,1,1,2,3,1.857142857,4,4,1,4,4,4,8,6,4.375,114,4,1,4,3,160,28,293,97,144.5,1,1,3,5,6,6,7,6,7,6.166666667,5,6,4,4,3,5,2,6,7,1,4.75,4,4,3,4,6,7,7,5.166666667,2,6,6,7,6,2,6,3,3,3,4.5,6,7,7,7,6,7,7,6,7,6.666666667,5,5,5,5,1,2,1,1,1,1,1,2,1,1,1.2,2,1,1,1,1.25,Spencer Helsley,23,1,5,1,3,14,Psychology,2,2,2,2,2,9.1,1,4,
1/8/2026 17:57,1/8/2026 18:21,205.185.98.6,1437,1,1/8/2026 18:21,5,2,4,2,2,4,3,4,2,3,5,4,6,3,5,4,3,2,5,2,3.5,6,7,7,7,6.75,5,6,6,7,5,5.8,7,5,6,6,7,6.2,14,14,13,13,13,13,13,13.28571429,2,3,1,2,2,2,2,2,3,6,5,5,4,3.857142857,5,2,4,4,4,3,2,5,5,4,1,2,5,1,5,1,4,5,3.444444444,5,5,6,7,7,6,4,2,4,3,3,3,3,3,3,3,3,3.285714286,5,5,4,2,3,3,3.75,2,3,3,2.666666667,5,3,5,4,4,4,4,4.142857143,5,5,4,5,5,5,,4,4.714285714,134,4,1,1,2,151,1,80,48,70,2,,,,,,,,,#DIV/0!,,,,,,,,,,,#DIV/0!,,,,,,,,#DIV/0!,,,,,,,,,,,#DIV/0!,,,,,,,,,,#DIV/0!,,,,#DIV/0!,,,,,,,,,,,#DIV/0!,,,,,#DIV/0!,Talia Bjorn,20,2,5,3,2,17,Exercise Physiology,1,2,2,6,7,21,1,4,
1/8/2026 18:36,1/8/2026 18:58,217.147.184.143,1320,1,1/8/2026 18:58,2,4,2,5,2,2,2,2,1,4,2,4,1,4,1,2,4,3,2,3,2.6,6,6,7,6,6.25,6,6,6,6,6,6,4,4,5,6,3,4.4,14,14,17,13,17,18,14,15.28571429,1,2,1,1,1,1.2,1,1,1,3,4,2,1,1.857142857,2,2,4,2,2,1,4,3,1,4,3,4,5,4,3,2,4,3,2.944444444,6,6,6,7,5,6,2,3,3,4,2,3,3,2,3,3,2,2.428571429,3,3,3,3,3,3,3,1,1,1,1,3,1,1,2,1,1,1,1.428571429,6,4,1,3,4,6,6,2,4,31,7,5,1,4.333333333,397,129,0,0,131.5,1,1,5,3,6,6,4,4,5,4.666666667,2,4,2,6,2,6,4,4,5,2,3.875,6,2,6,2,2,2,6,3.333333333,2,6,6,6,2,6,6,2,3,2,4.625,6,4,6,3,3,2,5,5,5,4.333333333,5,5,5,5,1,4,1,1,1,1,1,1,1,1,1.3,1,1,1,1,1,Connor Vickers,23,1,5,3,4,11,Psychology ,2,1,2,4,7,10,1,4,
1/8/2026 19:11,1/8/2026 19:29,31.222.254.51,1125,1,1/8/2026 19:29,3,5,2,1,2,5,2,5,2,6,3,4,4,2,3,2,4,3,4,4,3.3,5,6,5,5,5.25,5,5,5,5,5,5,4,2,3,5,3,3.4,14,14,14,14,15,17,15,14.71428571,3,3,2,1,3,2.4,3,2,2,6,6,4,3,3.714285714,3,3,3,4,2,3,4,3,2,3,2,3,2,3,3,2,3,2,2.777777778,2,3,3,5,2,3,3,3,3,3,3,3,3,3,3,3,3,3,3,3,3,3,3,3,3,4,3,3,3.333333333,2,2,2,2,3,2,3,2.285714286,6,6,1,1,6,1,6,6,4.125,180,7,5,4,5.333333333,299,28,62,61,112.5,2,,,,,,,,,#DIV/0!,,,,,,,,,,,#DIV/0!,,,,,,,,#DIV/0!,,,,,,,,,,,#DIV/0!,,,,,,,,,,#DIV/0!,,,,#DIV/0!,,,,,,,,,,,#DIV/0!,,,,,#DIV/0!,Sean Stempinski,22,1,5,4,4,9,Health Psychology,1,2,2,3,7,6,1,4,
1/8/2026 19:13,1/8/2026 19:53,192.187.62.4,2372,1,1/8/2026 19:53,4,5,3,4,2,2,2,1,1,4,1,3,3,2,4,4,4,3,5,2,2.95,6,6,5,5,5.5,6,6,6,5,6,5.8,6,4,5,6,5,5.2,18,17,15,17,17,18,19,17.28571429,1,2,1,1,1,1.2,6,2,1,3,5,1,2,2.857142857,3,2,4,2,4,1,5,5,2,5,3,2,5,2,5,1,5,3,3.277777778,6,7,6,6,6,6.2,3,5,1,5,1,5,1,2,4,2,1,1.571428571,3,3,4,2,5,1,2.25,2,2,2,2,2,1,2,2,4,4,4,2.714285714,8,4,3,4,4,5,8,1,4.625,180,2,4,5,3.666666667,60,1,480,121,165.5,1,1,5,3,7,6,7,6,6,5.833333333,6,7,5,6,1,7,2,6,5,1,5.375,3,5,2,3,5,4,4,3.833333333,5,3,2,3,6,2,3,3,2,2,2.5,6,6,6,5,5,3,6,5,4,5.111111111,5,5,5,5,1,1,1,1,1,1,1,1,1,1,1,2,1,1,2,1.5,Tyler VanOrden,23,1,5,3,4,12,Industrial/Organizational,2,2,2,2,7,12,1,4,
1/8/2026 18:41,1/8/2026 20:04,205.185.110.149,4987,1,1/8/2026 20:04,1,5,2,4,2,4,4,2,1,4,2,5,1,2,3,2,4,4,2,5,2.95,6,6,6,6,6,4,6,6,6,6,5.6,3,6,6,5,4,4.8,14,14,14,14,18,13,13,14.28571429,1,2,2,1,1,1.4,5,6,3,5,7,5,5,5.142857143,4,1,4,3,4,2,4,4,4,4,2,3,3,2,5,1,4,4,3.222222222,5,5,7,6,6,5.8,2,4,2,4,2,4,2,2,4,2,2,2,4,4,3,3,4,2,3.25,2,2,2,2,2,2,2,3,2,2,3,2.285714286,5,4,2,2,5,6,7,3,4.25,15,3,1,3,2.333333333,120,61,1,15,49.25,1,1,2,6,6,7,6,6,6,6.166666667,3,6,3,5,4,4,4,4,5,3,4.125,4,4,6,6,5,6,4,5.166666667,2,6,6,4,2,6,6,6,3,6,5.375,6,6,6,5,4,6,5,5,5,5.333333333,4,4,4,4,1,1,1,2,1,1,1,1,1,1,1.1,1,1,1,1,1,Amara White,22,2,5,3,4,13,Health Psychology,1,2,2,3,5,20,1,4,
1/9/2026 0:11,1/9/2026 1:11,192.225.180.2,3554,1,1/9/2026 1:11,5,2,5,4,3,3,3,5,2,2,2,5,5,3,2,3,5,4,3,2,3.4,6,6,6,6,6,6,6,6,6,6,6,6,4,4,5,6,5,14,14,14,14,14,14,14,14,1,1,1,1,1,1,5,6,2,6,7,6,3,5,5,2,3,4,2,2,3,3,1,5,3,3,3,4,4,1,4,3,3.055555556,3,2,2,1,1,1.8,2,4,2,4,2,4,2,2,4,2,2,2,3,3,3,3,3,3,3,1,3,2,2,3,3,5,4,1,5,5,3.714285714,6,1,3,1,1,2,6,1,2.625,0,1,1,7,3,97,300,1000,151,387,1,2,1,7,6,6,6,5,7,6.166666667,4,6,2,6,5,3,5,3,5,3,4,6,2,2,6,2,6,2,3.333333333,6,2,4,5,2,6,6,3,2,6,4.25,6,6,7,5,5,4,6,6,6,5.666666667,4,4,4,4,1,2,1,2,1,1,1,1,1,1,1.2,2,2,2,2,2,Linda Amaya ,32,2,6,4,4,18,Psychology-- emphasis in Industrial Organizational Psychology ,2,2,2,1,6,30,1,4,
1/9/2026 5:16,1/9/2026 5:53,205.185.107.51,2230,1,1/9/2026 5:53,5,4,5,2,2,3,3,3,1,1,2,5,2,4,5,1,2,3,4,5,3.1,5,6,6,3,5,4,4,5,5,6,4.8,6,2,2,6,4,4,18,19,14,17,14,18,16,16.57142857,1,1,1,1,2,1.2,2,5,2,5,6,2,1,3.285714286,4,3,4,2,3,2,2,4,4,4,1,4,4,3,4,2,3,3,3.111111111,6,6,6,6,2,5.2,2,4,2,4,2,3,3,2,3,3,1,2.142857143,4,3,4,2,4,2,2.75,1,2,2,1.666666667,4,2,3,3,3,3,1,2.714285714,7,4,1,1,1,2,6,1,2.875,350,2,9,1,4,119,0,500,21,160,1,1,3,5,3,6,3,6,5,4.666666667,1,6,1,6,6,2,5,3,2,6,3.375,3,5,2,2,1,2,2,2.333333333,1,7,5,7,1,7,6,7,7,5,6.375,5,6,7,2,3,2,3,2,2,3.555555556,4,4,4,4,1,3,2,1,2,1,1,2,1,1,1.5,2,1,1,1,1.25,Camby Neus,23,1,5,1,4,12,General Psychology,1,2,2,4,8,9,1,4,
1/9/2026 9:01,1/9/2026 9:32,205.185.105.15,1882,1,1/9/2026 9:32,2,4,1,5,5,4,2,4,1,5,3,2,1,4,3,2,2,4,3,5,3.1,6,6,7,5,6,5,7,7,6,7,6.4,4,3,6,5,3,4.2,18,19,13,13,17,17,13,15.71428571,1,2,1,2,1,1.4,2,1,1,3,5,2,3,2.428571429,3,2,4,2,4,2,5,5,3,5,3,1,2,2,5,1,4,4,3.166666667,7,7,7,7,7,7,1,4,2,4,2,5,1,2,4,2,1,1.571428571,4,3,4,2,3,3,3,1,2,2,1.666666667,2,1,3,2,1,1,3,1.857142857,6,4,3,5,6,3,6,1,4.25,200,5,1,5,3.666666667,325,10,73,95,125.75,2,,,,,,,,,#DIV/0!,,,,,,,,,,,#DIV/0!,,,,,,,,#DIV/0!,,,,,,,,,,,#DIV/0!,,,,,,,,,,#DIV/0!,,,,#DIV/0!,,,,,,,,,,,#DIV/0!,,,,,#DIV/0!,Liberty Briggs,19,2,5,3,2,17,behavioral psychology,1,2,2,5,7,14.9,1,4,
1/9/2026 10:09,1/9/2026 10:30,157.201.96.100,1283,1,1/9/2026 10:30,4,5,5,4,2,4,1,5,1,2,6,2,6,2,4,,5,4,5,2,3.631578947,6,7,5,3,5.25,7,6,6,7,7,6.6,7,2,4,4,6,4.6,17,19,19,17,18,19,16,17.85714286,1,2,3,1,2,1.8,5,2,4,5,5,6,3,4.285714286,2,3,4,2,3,2,4,3,1,3,3,3,4,3,2,3,4,3,2.888888889,3,5,6,2,5,4.2,3,4,2,4,2,4,2,3,4,2,2,2.285714286,3,2,4,2,4,2,2.25,4,3,3,3.333333333,4,3,4,3,2,2,1,2.714285714,7,3,1,1,3,3,4,1,2.875,301,7,1,1,3,301,0,404,0,176.25,1,1,2,6,7,7,7,6,7,6.666666667,2,7,4,6,2,6,2,6,7,2,5,2,6,6,7,7,7,5,6.333333333,2,6,7,7,1,7,6,6,7,4,6.25,7,7,7,7,7,5,6,7,7,6.666666667,5,5,5,5,3,5,1,1,1,1,2,2,1,1,1.8,1,1,1,1,1,Kaleb Johnsen,23,1,5,4,3,15,I/O Psychology,2,2,2,3,8,7.5,1,4,
1/8/2026 10:55,1/9/2026 10:31,157.201.96.100,84919,1,1/9/2026 10:31,4,4,5,3,2,4,4,4,1,3,3,3,4,3,4,3,4,4,4,4,3.5,5,6,5,3,4.75,4,6,6,5,5,5.2,5,3,3,4,3,3.6,17,16,14,14,16,15,17,15.57142857,1,1,1,1,1,1,6,2,6,5,7,4,6,5.142857143,2,4,3,3,2,2,3,4,2,3,2,2,4,2,3,2,4,2,2.722222222,6,6,6,5,5,5.6,2,2,4,4,2,4,2,5,4,2,1,2.571428571,3,2,4,2,4,2,2.25,2,2,2,2,3,3,2,1,1,1,2,1.857142857,1,4,1,3,4,3,8,3,3.375,100,4,3,4,3.666666667,201,0,232,119,138,1,1,7,1,5,6,3,5,3,3.833333333,1,4,2,6,3,5,6,2,4,5,3.625,3,5,3,5,4,4,2,3.833333333,3,5,3,2,2,6,6,7,7,6,5.25,4,2,5,2,2,1,4,2,2,2.666666667,4,4,3,3.666666667,1,4,1,2,1,2,2,1,1,3,1.8,1,1,1,1,1,Trevor Topham,23,1,5,1,4,13,Occupational Safety and Health,2,2,2,4,2,19.9,1,4,
1/9/2026 10:50,1/9/2026 11:00,157.201.96.100,617,1,1/9/2026 11:00,6,5,5,5,5,5,5,5,5,5,6,6,6,6,6,6,6,6,6,6,5.55,7,,,,7,7,7,7,7,7,7,7,7,7,7,7,7,19,19,19,13,19,,19,18,2,2,2,2,2,2,3,3,3,3,3,3,3,3,2,2,2,2,2,2,2,2,2,2,2,2,2,2,2,2,2,2,2,4,4,4,4,4,4,3,3,3,3,3,3,3,3,3,3,3,3,3,3,3,3,3,3,3,3,3,3,3,3,3,3,3,3,3,3,3,4,4,4,4,5,5,5,5,4.5,97,5,5,5,5,296,530,887,90,450.75,1,1,4,4,4,4,4,4,4,4,4,4,4,4,4,4,4,4,4,4,4,4,4,4,4,4,4,4,4,4,4,4,4,4,4,4,4,4,4,4,4,4,4,4,4,4,4,4,4,4,3,3,3,3,3,3,3,3,3,3,3,3,3,3,3,3,3,3,3,3,Adriana Riofrio,21,2,6,3,4,6,HEALTH,2,1,2,3,4,12.3,1,4,
1/9/2026 11:07,1/9/2026 11:37,157.201.96.100,1798,1,1/9/2026 11:37,4,4,4,5,4,2,5,4,2,4,4,5,2,3,2,3,4,5,4,3,3.65,5,6,5,7,5.75,7,6,6,5,6,6,2,1,1,4,2,2,17,18,14,13,14,18,16,15.71428571,4,3,4,2,3,3.2,5,6,6,7,7,7,4,6,5,3,4,5,1,3,3,4,3,4,4,4,4,4,4,3,3,4,3.611111111,5,5,4,6,6,5.2,4,3,3,5,1,2,4,3,3,3,2,2.857142857,4,4,4,2,4,2,3,4,4,2,3.333333333,4,1,2,3,3,3,3,2.714285714,7,5,4,4,5,2,1,4,4,299,3,4,3,3.333333333,452,299,70,30,212.75,1,1,2,6,6,7,6,4,5,5.666666667,1,4,2,2,2,6,3,5,3,1,3,3,5,3,3,5,3,2,3.5,1,7,2,2,1,7,2,1,2,2,3.125,6,5,6,5,6,5,7,7,7,6,5,5,5,5,2,4,1,1,1,2,1,1,1,1,1.5,1,1,1,1,1,Clayton Howard,24,1,5,4,2,12,Biology - Applied Science,1,2,2,3,5,15,1,4,
1/9/2026 11:10,1/9/2026 11:40,205.185.107.58,1798,1,1/9/2026 11:40,6,4,3,4,5,2,2,4,4,5,5,4,5,4,3,2,5,4,5,4,4,6,6,6,7,6.25,5,6,6,7,6,6,4,4,5,5,6,4.8,18,18,16,14,14,16,15,15.85714286,1,1,1,1,1,1,6,2,3,5,4,3,2,3.571428571,3,3,2,1,1,1,4,4,3,4,2,1,3,1,4,1,3,4,2.5,5,6,6,6,2,5,2,4,2,3,3,4,2,2,3,3,3,2.428571429,3,3,4,2,4,2,2.5,2,2,2,2,1,3,2,1,1,2,3,1.857142857,6,1,6,5,6,1,8,6,4.875,215,6,7,4,5.666666667,180,0,0,201,95.25,2,,,,,,,,,#DIV/0!,,,,,,,,,,,#DIV/0!,,,,,,,,#DIV/0!,,,,,,,,,,,#DIV/0!,,,,,,,,,,#DIV/0!,,,,#DIV/0!,,,,,,,,,,,#DIV/0!,,,,,#DIV/0!,Cade St.Peter,23,1,5,4,4,6,I/O Psych,2,2,2,4,2,6,1,4,
1/9/2026 11:25,1/9/2026 11:47,157.201.98.1,1318,1,1/9/2026 11:47,1,5,4,6,1,2,2,2,3,5,3,5,2,4,3,2,4,4,2,3,3.15,3,3,6,5,4.25,4,6,6,5,6,5.4,5,2,2,6,3,3.6,14,14,14,14,14,15,18,14.71428571,4,3,2,2,1,2.4,1,5,5,7,1,5,1,3.571428571,5,3,2,2,1,1,1,2,4,3,1,3,5,3,1,1,1,5,2.444444444,6,6,5,6,6,5.8,2,5,1,5,1,5,1,2,5,1,2,1.428571429,5,5,2,4,3,3,4.25,4,3,4,3.666666667,2,3,1,1,1,2,1,1.571428571,2,4,1,2,1,1,1,2,1.75,30,8,1,1,3.333333333,148,1,720,1,217.5,1,1,1,7,6,6,7,7,7,6.666666667,4,7,3,3,1,7,1,7,7,1,4.875,4,4,6,6,6,7,7,6,2,6,7,3,5,3,4,1,5,7,4.5,6,6,7,5,5,6,6,6,6,5.888888889,5,5,5,5,1,1,1,1,1,1,1,2,1,1,1.1,1,1,1,1,1,Ella Grace Tanner,22,2,5,4,4,13,"Psychology, General Emphasis ",1,2,2,4,2,15.2,1,4,
1/9/2026 10:43,1/9/2026 11:57,157.201.98.1,4480,1,1/9/2026 11:57,4,5,3,,5,3,5,4,2,4,4,5,3,4,4,3,5,4,3,4,3.894736842,5,6,5,5,5.25,5,5,6,5,5,5.2,6,3,4,4,4,4.2,17,17,16,17,18,18,15,16.85714286,3,1,2,2,3,2.2,5,5,3,6,6,5,3,4.714285714,2,3,4,3,2,3,4,3,2,4,2,1,3,2,5,2,3,4,2.888888889,3,3,5,3,3,3.4,3,3,3,4,2,3,3,3,3,3,3,2.857142857,4,3,3,3,3,3,3.25,4,3,3,3.333333333,2,2,3,2,3,3,2,2.428571429,6,5,2,4,3,2,6,3,3.875,119,2,2,6,3.333333333,207,62,290,210,192.25,1,1,5,3,5,6,3,4,4,4.166666667,2,4,3,6,2,6,3,5,3,3,4,3,5,3,5,5,6,3,4.5,6,2,5,6,2,6,6,3,3,4,4.375,3,3,5,3,3,2,3,5,5,3.555555556,2,4,3,3,1,2,2,1,1,1,1,1,1,1,1.2,2,1,1,1,1.25,Kendra Swallow,21,2,5,4,3,14,Psychology with health emphasis,1,2,2,3,6,18,1,4,
1/9/2026 10:30,1/9/2026 12:05,157.201.98.1,5744,1,1/9/2026 12:05,4,5,5,5,2,3,3,4,2,4,5,5,5,3,4,4,4,3,5,4,3.95,6,6,6,6,6,6,6,6,6,6,6,6,6,5,5,6,5.6,16,17,15,13,17,15,15,15.42857143,1,2,1,1,1,1.2,3,3,4,5,5,5,3,4,4,1,3,2,1,2,3,2,2,4,1,1,4,2,4,1,4,2,2.388888889,6,5,5,6,6,5.6,3,4,2,4,2,4,2,2,4,2,3,2.285714286,3,3,4,2,4,2,2.5,4,3,3,3.333333333,3,3,3,3,1,2,2,2.428571429,5,2,2,2,5,1,8,1,3.25,115,3,4,5,4,148,0,12,121,70.25,2,,,,,,,,,#DIV/0!,,,,,,,,,,,#DIV/0!,,,,,,,,#DIV/0!,,,,,,,,,,,#DIV/0!,,,,,,,,,,#DIV/0!,,,,#DIV/0!,,,,,,,,,,,#DIV/0!,,,,,#DIV/0!,Brian Trapp,23,1,7,4,3,14,Health Psychology,1,2,2,4,2,16.5,1,4,
1/9/2026 12:36,1/9/2026 13:05,157.201.96.100,1740,1,1/9/2026 13:05,2,5,4,5,4,4,2,4,2,5,3,5,2,3,2,5,3,4,2,3,3.45,6,6,6,6,6,6,6,6,5,6,5.8,6,6,5,5,7,5.8,14,14,17,17,17,19,14,16,1,1,2,1,1,1.2,5,2,2,5,5,2,2,3.285714286,3,2,3,2,3,2,5,3,2,4,1,2,5,2,4,1,4,3,2.833333333,6,6,5,6,6,5.8,3,4,2,4,2,3,3,3,4,2,3,2.571428571,3,3,5,1,4,2,2.25,3,2,2,2.333333333,1,1,1,1,1,1,1,1,6,4,4,2,5,4,8,4,4.625,45,5,2,3,3.333333333,204,0,56,121,95.25,1,1,2,6,7,6,6,5,6,6,3,7,7,5,2,6,2,6,7,2,5.375,2,6,7,6,6,6,6,6.166666667,2,6,3,2,6,2,2,3,3,6,3.375,6,6,7,6,6,5,6,6,6,6,5,5,4,4.666666667,1,1,1,1,1,1,1,1,1,1,1,2,1,1,1,1.25,Jacob O'Neal,23,1,5,3,3,13,Health Psychology ,1,2,1,2,6,13.5,1,4,
1/9/2026 13:10,1/9/2026 13:34,157.201.98.1,1470,1,1/9/2026 13:34,5,5,4,4,2,4,3,4,1,4,2,3,2,3,4,2,5,,2,5,3.368421053,5,6,6,6,5.75,7,6,6,6,7,6.4,6,4,3,5,5,4.6,14,13,13,13,14,15,14,13.71428571,2,1,1,2,1,1.4,1,4,1,2,7,6,4,3.571428571,3,2,4,2,4,1,5,5,2,4,1,1,5,1,5,1,5,3,3,6,6,6,6,6,6,2,3,3,2,4,3,3,3,3,3,4,3.142857143,3,3,4,2,4,2,2.5,2,2,2,2,2,2,2,2,2,2,2,2,,5,5,5,5,4,2,5,4.428571429,201,5,1,6,4,220,155,161,182,179.5,1,1,6,2,6,6,6,6,6,5.333333333,6,6,6,6,6,2,6,2,6,6,5,6,2,6,6,6,6,6,5.333333333,6,2,6,6,6,2,6,6,6,6,5,6,6,6,6,6,6,6,6,6,6,4,4,4,4,4,4,4,4,4,4,4,4,4,4,4,4,4,4,4,4,Keira Highfill,22,2,6,1,3,17,health psychology ,1,2,2,2,2,12.3,1,4,
1/9/2026 12:50,1/9/2026 13:47,157.201.96.100,3417,1,1/9/2026 13:47,6,1,5,5,4,3,5,5,5,5,6,3,5,2,5,6,5,3,5,3,4.35,6,6,6,6,6,6,6,6,6,6,6,5,6,5,5,5,5.2,14,15,13,13,15,15,14,14.14285714,1,2,1,1,1,1.2,3,3,2,6,5,2,2,3.285714286,2,3,3,2,4,2,4,4,3,5,2,2,5,2,5,2,4,4,3.222222222,6,6,5,7,7,6.2,3,4,2,4,2,4,2,3,4,2,4,2.571428571,3,3,4,2,4,2,2.5,4,2,2,2.666666667,2,2,2,2,2,2,2,2,7,7,1,4,5,1,8,5,4.75,507,6,2,2,3.333333333,287,90,170,10,139.25,1,1,3,5,5,5,5,5,5,5,6,6,6,3,3,5,3,5,5,3,4.875,2,6,3,5,4,4,4,4.333333333,1,7,6,6,1,7,6,4,6,6,6,6,6,6,6,6,6,6,6,6,6,5,5,5,5,1,1,1,1,2,1,1,1,1,1,1.1,5,5,5,4,4.75,Natasha Rodriguez,21,2,6,4,4,15,Psychology,1,2,1,1,7,8.5,1,4,
1/9/2026 14:35,1/9/2026 15:25,192.225.189.130,2977,1,1/9/2026 15:25,6,3,3,5,2,4,3,5,2,4,3,5,3,3,3,4,5,4,2,3,3.6,6,7,7,5,6.25,6,6,6,7,7,6.4,4,4,5,3,3,3.8,19,17,16,15,16,17,13,16.14285714,3,2,2,2,2,2.2,3,4,1,3,7,2,2,3.142857143,3,2,4,3,2,3,5,5,2,5,2,1,3,1,5,1,4,4,3.055555556,5,6,5,6,2,4.8,4,3,3,3,3,4,2,3,3,3,2,2.857142857,5,4,3,3,4,2,3.5,3,4,4,3.666666667,3,1,4,1,3,1,4,2.428571429,3,3,1,5,1,5,1,1,2.5,482,5,2,8,5,494,0,182,114,197.5,2,,,,,,,,,#DIV/0!,,,,,,,,,,,#DIV/0!,,,,,,,,#DIV/0!,,,,,,,,,,,#DIV/0!,,,,,,,,,,#DIV/0!,,,,#DIV/0!,,,,,,,,,,,#DIV/0!,,,,,#DIV/0!,Charlize Black,21,2,5,3,3,12,"Psychology, general psych emphasis",1,2,2,3,2,9.2,1,4,
1/9/2026 15:20,1/9/2026 16:05,205.185.107.58,2732,1,1/9/2026 16:05,3,3,2,4,2,4,3,4,2,5,4,2,2,4,2,4,5,4,2,2,3.15,6,7,6,4,5.75,4,6,6,6,6,5.6,5,3,4,4,3,3.8,15,16,17,13,18,15,14,15.42857143,1,2,3,1,3,2,3,2,3,6,5,1,2,3.142857143,3,2,5,3,2,2,3,4,3,4,1,2,4,2,3,1,4,4,2.888888889,5,4,5,3,5,4.4,2,3,3,4,2,4,2,3,4,2,2,2.285714286,3,3,3,3,3,3,3,5,3,3,3.666666667,2,3,3,3,1,2,2,2.285714286,5,5,1,1,4,2,8,7,4.125,156,4,1,3,2.666666667,155,0,370,37,140.5,2,,,,,,,,,#DIV/0!,,,,,,,,,,,#DIV/0!,,,,,,,,#DIV/0!,,,,,,,,,,,#DIV/0!,,,,,,,,,,#DIV/0!,,,,#DIV/0!,,,,,,,,,,,#DIV/0!,,,,,#DIV/0!,Nathan Seegmiller,21,1,5,4,2,13,Health Psychology,1,2,2,5,2,28.5,1,4,
1/9/2026 14:53,1/9/2026 16:10,205.185.98.6,4632,1,1/9/2026 16:10,4,4,3,3,3,3,3,4,2,3,4,4,4,3,4,2,3,3,4,4,3.35,3,4,5,5,4.25,5,5,5,5,5,5,7,4,5,5,6,5.4,15,16,17,14,17,15,16,15.71428571,1,4,2,1,3,2.2,2,4,3,4,5,3,3,3.428571429,3,1,4,3,4,3,2,3,3,4,3,2,3,3,3,1,3,4,2.888888889,3,3,5,6,2,3.8,4,3,3,2,4,3,3,3,2,4,4,3.571428571,3,4,3,3,3,3,3.25,3,2,3,2.666666667,1,1,1,1,1,1,3,1.285714286,5,2,1,2,3,1,6,1,2.625,150,4,5,4,4.333333333,100,1,290,1,98,2,,,,,,,,,#DIV/0!,,,,,,,,,,,#DIV/0!,,,,,,,,#DIV/0!,,,,,,,,,,,#DIV/0!,,,,,,,,,,#DIV/0!,,,,#DIV/0!,,,,,,,,,,,#DIV/0!,,,,,#DIV/0!,Sofia Clark,23,2,5,4,3,7,Psychology,1,2,2,4,2,22.4,1,5,
1/9/2026 15:34,1/9/2026 16:36,205.185.105.17,3737,1,1/9/2026 16:36,5,3,4,6,4,1,3,4,1,6,5,5,3,2,1,5,1,5,2,6,3.6,1,6,7,7,5.25,6,7,7,3,7,6,1,3,6,4,5,3.8,19,19,15,13,17,17,13,16.14285714,3,4,2,1,1,2.2,1,1,5,6,6,1,1,3,3,2,5,3,2,3,5,5,4,5,1,4,4,2,5,1,4,5,3.5,5,6,2,6,6,5,5,2,4,4,2,2,4,1,2,4,3,3.285714286,5,5,3,3,4,2,3.75,1,3,3,2.333333333,3,1,1,1,2,5,5,2.571428571,1,3,1,1,1,4,8,1,2.5,101,4,1,5,3.333333333,132,0,21,301,113.5,2,,,,,,,,,#DIV/0!,,,,,,,,,,,#DIV/0!,,,,,,,,#DIV/0!,,,,,,,,,,,#DIV/0!,,,,,,,,,,#DIV/0!,,,,#DIV/0!,,,,,,,,,,,#DIV/0!,,,,,#DIV/0!,Alyssa Harmon,20,2,5,3,3,15,Industrial Organization Psychology,2,2,2,2,2,30,1,4,
1/9/2026 15:43,1/9/2026 16:46,65.181.53.74,3783,1,1/9/2026 16:46,4,4,3,5,4,4,2,5,2,5,4,5,,3,3,5,4,4,3,4,3.842105263,5,6,5,5,5.25,4,5,5,5,5,4.8,3,4,3,3,3,3.2,14,14,14,14,17,17,15,15,2,2,3,1,1,1.8,5,3,3,6,6,6,3,4.571428571,4,1,4,4,3,2,4,3,2,3,2,2,4,3,3,1,3,3,2.833333333,5,5,4,3,6,4.6,2,3,3,3,3,4,2,2,3,3,3,2.571428571,3,3,4,2,4,2,2.5,4,3,3,3.333333333,2,2,3,2,1,2,2,2,6,3,4,4,5,2,6,2,4,300,6,5,6,5.666666667,376,0,273,279,232,2,,,,,,,,,#DIV/0!,,,,,,,,,,,#DIV/0!,,,,,,,,#DIV/0!,,,,,,,,,,,#DIV/0!,,,,,,,,,,#DIV/0!,,,,#DIV/0!,,,,,,,,,,,#DIV/0!,,,,,#DIV/0!,Andrew Fuhriman,24,1,5,4,3,13,Health Psychology,1,2,2,4,6,15.7,1,4,
1/9/2026 15:49,1/9/2026 16:52,205.185.107.72,3803,1,1/9/2026 16:52,5,3,2,2,3,4,5,4,1,2,6,3,5,2,4,1,2,5,5,1,3.25,7,7,7,3,6,4,7,7,7,6,6.2,1,6,3,7,4,4.2,17,14,15,13,17,18,14,15.42857143,2,1,4,1,1,1.8,5,6,5,7,7,1,2,4.714285714,1,3,2,2,4,1,3,2,1,5,3,1,5,1,4,1,1,4,2.444444444,5,3,5,1,2,3.2,4,4,2,5,1,5,1,5,5,1,5,2.714285714,3,3,1,5,4,2,3.25,5,4,4,4.333333333,1,3,4,2,1,2,3,2.285714286,2,1,1,4,1,1,1,1,1.5,573,6,4,1,3.666666667,122,0,300,0,105.5,1,1,1,7,6,6,4,5,5,5.5,2,1,2,4,3,5,6,2,5,2,2.875,7,1,6,2,4,7,3,3.833333333,7,1,2,1,7,1,1,1,1,1,1.125,4,2,7,4,4,3,4,7,4,4.333333333,3,3,3,3,1,1,1,1,1,4,1,1,1,1,1.3,1,1,1,1,1,Agustin Casares,23,1,8,4,4,20,Psychology (Health Psychology),1,2,2,3,9,28.5,1,4,
1/9/2026 17:24,1/9/2026 17:48,199.19.117.11,1449,1,1/9/2026 17:48,5,4,2,5,2,2,2,4,1,4,4,4,5,5,3,3,3,3,3,5,3.45,5,7,7,5,6,5,6,6,6,7,6,3,4,2,2,4,3,15,17,13,14,17,17,14,15.28571429,2,3,1,1,1,1.6,3,6,5,7,6,4,5,5.142857143,4,3,4,3,3,3,5,4,1,4,3,2,2,4,5,3,3,5,3.388888889,3,3,3,5,2,3.2,5,2,4,3,3,3,3,4,2,4,4,3.857142857,5,5,3,3,4,2,3.75,1,2,2,1.666666667,2,1,3,2,1,3,3,2.142857143,3,2,2,4,3,5,3,3,3.125,300,6,1,6,4.333333333,600,0,82,0,170.5,1,1,5,3,5,6,3,4,5,4.333333333,5,7,5,6,3,5,2,6,5,5,5.5,2,6,6,6,6,7,3,5.666666667,7,1,6,7,1,7,7,7,7,4,5.75,6,5,6,4,4,3,4,5,5,4.666666667,4,5,5,4.666666667,1,4,1,1,1,1,1,1,1,1,1.3,4,4,1,2,2.75,Emma Clyde,21,2,5,2,4,17,Psychology,1,2,2,5,2,25,1,4,
1/9/2026 17:39,1/9/2026 18:05,97.213.136.37,1590,1,1/9/2026 18:05,4,4,5,3,5,3,4,4,2,4,5,4,3,3,2,5,5,5,1,4,3.75,7,7,7,7,7,7,7,7,7,7,7,5,6,6,6,5,5.6,17,15,15,13,17,17,17,15.85714286,2,2,2,1,2,1.8,5,1,1,6,6,2,2,3.285714286,4,3,5,2,3,3,4,4,3,4,3,2,3,2,4,1,4,3,3.166666667,6,6,6,6,5,5.8,2,3,3,4,2,3,3,2,4,2,3,2.428571429,3,3,3,3,4,2,2.75,2,3,2,2.333333333,2,3,3,3,2,2,3,2.571428571,6,3,4,3,3,2,6,6,4.125,88,4,1,4,3,273,1,277,117,167,2,,,,,,,,,#DIV/0!,,,,,,,,,,,#DIV/0!,,,,,,,,#DIV/0!,,,,,,,,,,,#DIV/0!,,,,,,,,,,#DIV/0!,,,,#DIV/0!,,,,,,,,,,,#DIV/0!,,,,,#DIV/0!,Saryn Ricks,20,2,5,3,3,12,Psychology with a Health Psych emphasis,1,2,2,5,2,12.1,1,4,
1/9/2026 19:31,1/9/2026 20:01,24.117.113.89,1818,1,1/9/2026 20:01,3,5,3,4,3,2,4,3,4,3,5,5,5,4,2,3,4,3,3,3,3.55,4,6,5,5,5,6,6,7,6,5,6,2,4,3,4,5,3.6,19,13,15,13,13,13,13,14.14285714,2,1,3,1,1,1.6,1,2,2,5,6,1,2,2.714285714,4,2,3,2,3,2,4,3,4,3,3,3,4,3,3,2,3,3,3,2,4,4,2,2,2.8,4,3,3,3,3,3,3,2,3,3,3,3,3,3,3,3,4,2,2.75,5,3,4,4,2,3,2,2,2,2,2,2.142857143,3,1,3,2,1,1,8,1,2.5,250,5,1,5,3.666666667,208,0,80,62,87.5,1,1,2,6,6,7,6,6,6,6.166666667,2,6,4,4,2,6,2,6,5,2,4.375,4,4,2,6,7,7,5,5.166666667,5,3,2,2,4,4,6,4,5,3,3.625,6,6,6,6,6,6,6,6,6,6,4,4,4,4,1,1,1,1,1,1,1,1,1,1,1,1,5,2,1,2.25,Bayarbold Lkhagvadorj,32,1,2,4,4,11,Industrial Organizational Psychology,2,2,2,3,4,9.2,1,4,
1/9/2026 19:33,1/9/2026 20:11,205.185.107.72,2266,1,1/9/2026 20:11,5,2,3,5,4,5,3,3,1,4,3,4,2,3,2,3,5,2,3,5,3.35,6,7,7,7,6.75,6,7,7,7,7,6.8,6,7,7,6,5,6.2,15,14,15,13,17,13,14,14.42857143,1,1,2,1,1,1.2,2,1,1,2,5,1,1,1.857142857,4,3,3,4,1,1,4,4,3,3,2,1,3,2,5,1,4,1,2.722222222,6,6,6,5,6,5.8,2,3,3,4,2,4,2,2,4,2,2,2.142857143,2,3,4,2,4,2,2.25,3,2,2,2.333333333,2,1,1,2,1,1,2,1.428571429,5,4,1,4,5,1,7,1,3.5,34,3,1,2,2,206,3,227,10,111.5,1,1,2,6,4,5,5,4,4,4.666666667,5,6,4,3,3,5,2,6,6,2,4.625,2,6,6,6,6,6,2,5.333333333,6,2,1,1,7,1,2,2,2,1,1.5,5,4,5,4,5,5,4,5,5,4.666666667,3,4,3,3.333333333,1,1,1,1,1,1,1,1,1,1,1,2,1,2,2,1.75,Liesl Taylor,21,2,5,4,3,14,Psychology; Health Psychology emphasis,1,2,2,6,6,16.6,1,4,
1/9/2026 18:41,1/9/2026 20:29,172.56.148.240,6439,1,1/9/2026 20:29,4,3,2,2,2,2,4,2,1,3,4,4,3,2,4,4,5,4,3,4,3.1,3,4,2,2,2.75,3,4,5,3,4,3.8,3,3,4,4,1,3,17,17,17,15,19,18,14,16.71428571,2,4,1,1,1,1.8,5,6,2,7,6,6,2,4.857142857,2,3,3,3,2,3,2,3,4,3,2,5,2,2,4,2,3,5,2.944444444,5,5,5,5,5,5,3,3,3,4,2,3,3,3,3,3,3,2.857142857,4,4,3,3,3,3,3.5,2,2,2,2,3,3,3,3,3,3,3,3,6,,5,6,6,6,5,6,5.714285714,311,8,6,6,6.666666667,300,300,19,45,166,1,,2,6,2,2,2,2,2,2.666666667,3,3,3,3,3,5,3,5,3,3,3.5,3,5,3,3,3,3,3,3.333333333,3,5,4,3,4,4,3,4,4,,3.857142857,4,4,4,4,4,4,4,4,4,4,4,4,4,4,4,4,4,4,3,4,4,3,4,4,3.8,4,4,4,4,4,Wesley Esmond,27,1,5,1,4,10,Psychology,1,2,2,1,5,11.7,1,4,
1/9/2026 20:23,1/9/2026 20:41,205.185.105.78,1077,1,1/9/2026 20:41,5,4,3,3,3,3,4,4,3,4,4,4,4,4,5,6,4,3,4,3,3.85,6,6,6,5,5.75,4,5,6,6,6,5.4,5,2,5,6,6,4.8,15,15,15,15,15,17,15,15.28571429,2,1,1,1,2,1.4,4,3,3,5,3,3,2,3.285714286,3,4,4,1,1,1,3,2,1,2,3,3,2,3,3,4,3,1,2.444444444,5,6,5,6,4,5.2,3,4,2,3,3,4,2,2,4,2,2,2.285714286,1,1,4,2,4,2,1.5,1,2,2,1.666666667,2,2,3,2,2,2,3,2.285714286,6,1,4,3,2,4,6,1,3.375,301,5,7,5,5.666666667,348,1,251,255,213.75,2,,,,,,,,,#DIV/0!,,,,,,,,,,,#DIV/0!,,,,,,,,#DIV/0!,,,,,,,,,,,#DIV/0!,,,,,,,,,,#DIV/0!,,,,#DIV/0!,,,,,,,,,,,#DIV/0!,,,,,#DIV/0!,Ammon Byers,25,1,5,1,4,6,Biomedical Science,2,2,2,4,6,10,1,4,
1/9/2026 20:23,1/9/2026 20:55,172.224.242.77,1900,1,1/9/2026 20:55,3,3,3,5,2,4,2,4,4,4,4,3,4,3,3,4,4,3,5,3,3.5,6,6,6,5,5.75,6,6,6,6,6,6,6,3,5,6,4,4.8,15,16,14,14,14,16,16,15,2,3,2,1,2,2,5,2,5,6,6,4,3,4.428571429,4,3,2,3,2,2,2,3,3,3,1,3,2,3,3,1,2,3,2.5,5,4,5,5,3,4.4,3,3,3,3,3,3,3,3,3,3,3,3,4,4,3,3,3,3,3.5,2,3,4,3,2,2,2,1,1,1,3,1.714285714,2,2,1,3,2,4,6,1,2.625,30,3,2,4,3,210,100,200,62,143,2,,,,,,,,,#DIV/0!,,,,,,,,,,,#DIV/0!,,,,,,,,#DIV/0!,,,,,,,,,,,#DIV/0!,,,,,,,,,,#DIV/0!,,,,#DIV/0!,,,,,,,,,,,#DIV/0!,,,,,#DIV/0!,Christopher Gee,24,1,5,1,4,13,Psychology- Health,1,2,2,6,8,30,1,4,
1/9/2026 21:06,1/9/2026 21:22,192.187.62.4,913,1,1/9/2026 21:22,2,4,2,1,4,3,2,5,4,2,4,2,4,4,2,4,2,2,2,4,2.95,1,1,7,1,2.5,7,7,1,2,5,4.4,6,6,5,6,5,5.6,19,18,19,19,19,17,18,18.42857143,1,1,1,1,1,1,2,2,2,2,2,2,2,2,1,1,1,2,1,2,5,5,1,5,1,1,5,2,5,1,4,2,2.5,7,7,7,7,7,7,2,2,4,2,4,1,5,3,2,4,2,3.428571429,1,1,5,1,5,1,1,2,2,3,2.333333333,5,4,2,4,2,1,4,3.142857143,4,4,5,5,7,8,7,4,5.5,128,2,4,6,4,276,410,251,130,266.75,1,1,2,6,2,7,4,4,2,4.166666667,2,4,3,2,5,3,4,4,3,5,3.25,2,6,2,4,7,2,4,4.166666667,1,7,3,3,2,6,6,4,5,3,4.625,3,2,3,4,4,3,3,4,5,3.444444444,4,3,2,3,4,3,2,1,2,3,4,5,3,4,3.1,2,2,1,1,1.5,Brannon Westover,22,1,5,3,3,15,Psychology ,3,2,2,4,2,16.1,1,4,
1/9/2026 21:09,1/9/2026 21:32,24.117.88.180,1370,1,1/9/2026 21:32,5,2,2,4,1,3,2,5,3,4,4,2,3,5,3,3,4,3,5,4,3.35,6,6,6,6,6,5,6,4,5,6,5.2,6,4,5,5,4,4.8,17,15,15,14,16,15,15,15.28571429,4,4,1,1,3,2.6,1,1,1,5,5,1,1,2.142857143,5,3,3,4,2,2,3,2,2,2,2,2,3,2,4,1,3,4,2.722222222,5,5,5,5,5,5,3,3,3,3,3,3,3,3,3,3,3,3,4,4,3,3,3,3,3.5,2,2,3,2.333333333,2,2,2,2,1,1,4,2,2,2,1,1,1,4,8,1,2.5,697,6,4,1,3.666666667,752,0,275,165,298,2,,,,,,,,,#DIV/0!,,,,,,,,,,,#DIV/0!,,,,,,,,#DIV/0!,,,,,,,,,,,#DIV/0!,,,,,,,,,,#DIV/0!,,,,#DIV/0!,,,,,,,,,,,#DIV/0!,,,,,#DIV/0!,Stuart Allan,24,1,5,1,2,15,Psychology. ,1,2,2,6,2,30,1,4,
1/9/2026 21:20,1/9/2026 21:54,24.117.113.201,2073,1,1/9/2026 21:54,5,4,4,2,2,4,3,4,3,2,5,2,5,3,5,6,3,4,4,3,3.65,7,7,7,6,6.75,6,6,6,7,7,6.4,7,5,6,6,6,6,16,17,15,14,16,17,15,15.71428571,1,1,1,1,1,1,6,2,3,2,6,2,1,3.142857143,4,2,4,1,4,3,4,4,1,5,2,2,4,1,4,3,5,2,3.055555556,6,6,6,7,7,6.4,2,5,1,5,1,5,1,2,4,2,1,1.428571429,2,2,4,2,4,2,2,1,1,1,1,2,1,1,1,1,1,1,1.142857143,3,3,3,3,4,4,2,2,3,177,4,1,4,3,203,0,59,55,79.25,1,1,6,2,2,3,3,2,4,2.666666667,2,4,6,6,4,4,3,5,4,4,4.375,6,2,1,2,4,5,4,3,6,2,2,2,2,6,1,1,2,1,2.125,3,1,3,1,1,2,6,5,3,2.777777778,4,4,4,4,2,1,1,2,1,2,1,1,1,1,1.3,5,4,4,4,4.25,Celesta Graham (Winters),24,2,5,1,2,6,currently Apparel Entrepreneurship (possible change),1,2,2,3,2,4.9,1,4,
1/9/2026 21:44,1/9/2026 22:22,199.19.116.47,2251,1,1/9/2026 22:22,5,3,4,5,4,4,3,4,2,4,4,4,4,3,5,4,4,4,4,3,3.85,4,5,5,5,4.75,4,5,5,3,5,4.4,3,2,3,4,3,3,15,15,14,14,14,14,14,14.28571429,1,3,1,1,2,1.6,5,5,4,5,4,3,5,4.428571429,3,2,4,2,1,1,4,3,2,4,1,1,4,1,4,1,4,3,2.5,4,4,6,5,2,4.2,3,3,3,3,3,4,2,4,3,3,3,3,3,2,3,3,4,2,2.5,2,2,1,1.666666667,2,3,2,2,1,1,3,2,5,3,1,3,2,4,6,1,3.125,201,6,4,1,3.666666667,239,1,200,90,132.5,2,,,,,,,,,#DIV/0!,,,,,,,,,,,#DIV/0!,,,,,,,,#DIV/0!,,,,,,,,,,,#DIV/0!,,,,,,,,,,#DIV/0!,,,,#DIV/0!,,,,,,,,,,,#DIV/0!,,,,,#DIV/0!,Remington Burleson,24,1,5,1,4,16,IO psych,2,2,2,1,5,25,1,4,
1/9/2026 21:14,1/9/2026 22:44,184.155.68.233,5452,1,1/9/2026 22:44,1,4,4,5,1,3,2,3,1,4,4,3,4,5,3,3,4,3,2,3,3.1,7,7,7,6,6.75,6,6,6,6,7,6.2,7,5,6,7,5,6,13,13,13,13,13,13,13,13,1,1,1,1,1,1,1,2,3,3,6,2,2,2.714285714,2,1,4,2,2,1,1,5,1,4,1,3,5,3,5,1,5,1,2.611111111,6,6,7,6,6,6.2,3,4,2,4,2,4,2,2,4,2,2,2.142857143,1,1,5,1,5,1,1,1,1,1,1,2,2,3,2,2,1,2,2,7,3,1,2,3,4,8,1,3.625,30,3,1,3,2.333333333,80,0,120,30,57.5,1,1,2,6,6,6,6,5,5,5.666666667,1,6,2,6,2,6,2,6,6,2,4.375,3,5,5,5,6,6,6,5.5,3,5,5,2,6,2,4,1,1,6,3.25,6,6,6,6,6,5,7,6,6,6,5,5,5,5,1,1,1,1,1,1,1,1,1,1,1,1,1,1,1,1,Haydon DeClerk,24,1,5,1,4,13,"Psychology, health",2,1,2,2,7,16,1,4,
1/9/2026 22:22,1/9/2026 22:49,205.185.110.159,1635,1,1/9/2026 22:49,6,2,2,4,2,5,2,4,1,4,4,4,5,4,3,1,5,4,3,5,3.5,5,6,7,4,5.5,5,6,5,7,7,6,2,2,2,3,5,2.8,15,17,14,13,13,17,16,15,1,1,1,1,1,1,4,5,4,3,5,2,5,4,2,2,3,3,2,1,4,4,2,5,1,1,2,1,5,2,5,3,2.666666667,6,7,7,6,6,6.4,3,3,3,3,3,2,4,1,2,4,1,2.714285714,3,3,4,2,4,2,2.5,1,1,2,1.333333333,2,1,2,1,1,2,2,1.571428571,4,4,1,1,3,2,8,1,3,159,3,5,4,4,159,0,255,45,114.75,1,1,2,6,6,6,6,6,6,6,2,6,3,6,2,6,3,5,5,3,4.5,5,3,3,6,6,6,3,4.5,1,7,7,7,7,1,7,6,7,5,5.875,6,5,6,5,5,1,6,5,5,4.888888889,5,5,4,4.666666667,1,1,1,1,1,1,1,1,1,1,1,1,1,1,1,1,Ellie Mahoney,20,2,5,2,4,11,Psychology; Health Psychology,1,2,2,3,2,9,1,4,
1/9/2026 21:23,1/9/2026 23:04,205.185.98.104,6093,1,1/9/2026 23:04,3,3,2,4,4,4,4,2,1,2,4,3,3,4,4,3,4,4,4,4,3.3,6,6,5,6,5.75,5,6,5,6,6,5.6,6,3,5,5,5,4.8,15,16,14,16,17,14,14,15.14285714,2,1,1,1,2,1.4,2,2,1,5,5,5,4,3.428571429,4,2,4,3,4,1,4,4,3,5,2,2,4,2,5,1,4,3,3.166666667,5,6,5,4,3,4.6,3,5,1,4,2,3,3,3,4,2,4,2.571428571,4,3,4,2,4,2,2.75,2,3,4,3,3,2,4,3,3,3,3,3,6,5,6,4,4,4,5,6,5,239,4,1,1,2,245,101,134,0,120,1,1,2,6,6,6,4,5,6,5.5,3,4,5,4,3,5,3,5,5,2,4.125,2,6,5,5,5,5,4,5,6,2,6,3,4,4,2,4,3,2,3.25,6,6,6,4,5,3,5,3,3,4.555555556,4,4,4,4,1,1,1,1,1,1,1,1,1,1,1,1,1,1,1,1,Heidi Kristina Osthed,22,2,5,3,3,12,Therapeutic Recreation,1,2,2,4,2,9,1,4,
1/10/2026 0:35,1/10/2026 1:22,172.56.150.154,2794,1,1/10/2026 1:22,5,2,2,5,2,5,2,5,2,4,5,6,6,3,5,6,6,2,4,2,3.95,5,7,7,7,6.5,5,6,7,6,7,6.2,6,1,6,7,6,5.2,17,19,15,17,14,18,18,16.85714286,4,4,3,3,4,3.6,6,6,1,7,7,3,5,5,4,3,5,3,2,2,5,4,4,4,2,5,4,4,5,3,4,5,3.777777778,6,6,5,5,7,5.8,4,4,2,3,3,3,3,3,5,1,3,2.714285714,5,5,3,3,3,3,4,4,3,4,3.666666667,3,4,5,4,5,4,4,4.142857143,3,1,1,1,2,1,8,1,2.25,435,7,4,7,6,568,35,575,156,333.5,1,1,4,4,5,6,3,5,5,4.666666667,6,7,6,6,1,7,1,7,7,1,5.875,6,2,1,7,6,2,6,4,1,7,7,6,1,7,7,5,5,1,5.625,5,5,7,5,5,2,6,7,7,5.444444444,5,5,5,5,1,4,1,5,1,1,1,2,1,1,1.8,4,1,1,1,1.75,Nate Johanson,22,1,5,4,4,12,Psychology Major - Health Psychology Emphasis,1,2,2,3,6,9.9,1,4,
1/10/2026 11:25,1/10/2026 11:47,157.201.96.100,1326,1,1/10/2026 11:47,2,4,3,5,3,1,4,1,1,5,2,5,4,3,3,3,3,3,2,4,3.05,7,6,7,4,6,3,3,5,6,7,4.8,7,3,3,2,3,3.6,17,15,14,13,13,18,17,15.28571429,1,1,1,1,1,1,5,1,1,6,6,2,3,3.428571429,3,1,4,1,1,1,5,4,2,4,1,1,4,1,3,1,5,2,2.444444444,3,3,3,3,7,3.8,2,5,1,5,1,3,3,2,4,2,1,1.714285714,3,3,5,1,5,1,2,2,1,1,1.333333333,1,1,1,1,1,3,1,1.285714286,2,1,1,5,1,1,8,1,2.5,64,5,6,3,4.666666667,214,0,414,104,183,2,,,,,,,,,#DIV/0!,,,,,,,,,,,#DIV/0!,,,,,,,,#DIV/0!,,,,,,,,,,,#DIV/0!,,,,,,,,,,#DIV/0!,,,,#DIV/0!,,,,,,,,,,,#DIV/0!,,,,,#DIV/0!,Zachary Dinger,23,1,5,4,3,14,Health Psychology,1,2,2,6,8,15.2,1,5,
1/10/2026 13:37,1/10/2026 14:26,216.128.237.133,2912,1,1/10/2026 14:26,4,3,5,2,4,3,3,5,2,2,5,4,3,2,4,6,2,2,5,2,3.4,2,2,5,5,3.5,1,2,4,3,5,3,6,2,2,5,2,3.4,14,17,19,14,18,15,17,16.28571429,2,3,3,2,4,2.8,6,6,2,6,6,6,4,5.142857143,3,3,2,4,1,5,1,3,4,3,2,4,1,3,4,2,2,4,2.833333333,2,2,5,4,2,3,4,2,4,2,4,2,4,3,2,4,4,3.857142857,4,4,2,4,3,3,3.75,4,4,4,4,2,1,2,2,1,2,3,1.857142857,3,4,1,2,3,1,8,1,2.875,180,7,1,6,4.666666667,197,1,291,15,126,2,,,,,,,,,#DIV/0!,,,,,,,,,,,#DIV/0!,,,,,,,,#DIV/0!,,,,,,,,,,,#DIV/0!,,,,,,,,,,#DIV/0!,,,,#DIV/0!,,,,,,,,,,,#DIV/0!,,,,,#DIV/0!,Anna Mortensen,19,2,5,4,2,14,"Exercise Rehab, minor in Nutrition",1,2,2,6,6,30,1,4,
1/10/2026 16:24,1/10/2026 17:43,157.201.96.100,4769,1,1/10/2026 17:43,4,2,5,2,2,4,2,4,5,2,5,1,3,2,5,6,2,2,6,2,3.3,7,7,7,7,7,7,7,7,7,7,7,5,4,5,6,6,5.2,15,15,13,14,14,15,15,14.42857143,1,3,1,1,4,2,4,1,1,4,3,2,1,2.285714286,2,1,3,2,2,1,4,4,1,4,1,1,5,1,5,1,4,2,2.444444444,5,6,6,5,6,5.6,2,4,2,4,2,4,2,2,3,3,3,2.285714286,2,2,4,2,4,2,2,2,1,3,2,2,2,2,2,1,2,2,1.857142857,8,4,1,1,7,5,8,5,4.875,98,3,1,1,1.666666667,190,9,160,0,89.75,2,,,,,,,,,#DIV/0!,,,,,,,,,,,#DIV/0!,,,,,,,,#DIV/0!,,,,,,,,,,,#DIV/0!,,,,,,,,,,#DIV/0!,,,,#DIV/0!,,,,,,,,,,,#DIV/0!,,,,,#DIV/0!,Peyton Talbot,20,1,5,3,2,15,Psych,1,2,2,3,8,20.2,1,4,
1/10/2026 17:11,1/10/2026 17:47,192.225.186.66,2175,1,1/10/2026 17:47,2,4,5,4,1,2,3,1,2,5,3,3,4,4,5,5,5,3,3,3,3.35,5,6,7,4,5.5,5,5,6,6,5,5.4,5,1,3,7,2,3.6,19,16,17,15,16,17,19,17,1,2,3,3,1,2,4,5,1,6,4,5,4,4.142857143,3,4,3,2,1,2,2,2,2,1,1,2,2,1,2,1,2,2,1.944444444,3,4,3,3,3,3.2,4,3,3,3,3,3,3,2,4,2,5,3.142857143,4,4,1,5,1,5,4.5,5,5,5,5,4,1,3,4,5,3,2,3.142857143,3,1,1,1,1,1,8,1,2.125,62,5,4,4,4.333333333,11,11,732,11,191.25,1,1,4,4,2,5,5,3,2,3.5,1,1,1,6,7,1,7,1,1,7,2.375,6,2,2,4,4,2,5,3.166666667,1,7,4,7,1,7,7,7,7,1,5.875,4,1,5,3,3,5,3,6,6,4,5,5,5,5,1,1,2,1,1,1,1,1,1,1,1.1,4,1,1,1,1.75,William Brandon Lloyd,25,1,5,4,3,14,health psych,1,2,2,4,2,24.2,1,4,
1/10/2026 19:06,1/10/2026 19:32,199.19.117.220,1537,1,1/10/2026 19:32,6,2,3,2,1,3,2,4,1,2,5,2,5,2,5,5,4,2,5,2,3.15,5,5,5,2,4.25,3,4,6,5,5,4.6,4,2,5,4,5,4,18,18,18,13,14,14,14,15.57142857,2,1,1,1,2,1.4,1,1,1,4,4,3,1,2.142857143,4,2,3,3,3,2,2,3,2,3,3,3,3,3,4,1,3,4,2.833333333,4,5,6,6,5,5.2,3,4,2,3,3,2,4,4,3,3,3,3.142857143,4,3,3,3,3,3,3.25,4,3,2,3,3,1,2,3,1,3,4,2.428571429,5,4,2,3,4,4,8,1,3.875,59,5,3,1,3,172,59,138,63,108,2,,,,,,,,,#DIV/0!,,,,,,,,,,,#DIV/0!,,,,,,,,#DIV/0!,,,,,,,,,,,#DIV/0!,,,,,,,,,,#DIV/0!,,,,#DIV/0!,,,,,,,,,,,#DIV/0!,,,,,#DIV/0!,Graham Wappett,23,1,5,4,3,15,Psychology,1,2,2,6,8,22.4,1,4,
1/10/2026 19:59,1/10/2026 20:21,38.43.14.223,1336,1,1/10/2026 20:21,6,4,2,6,4,3,5,4,1,4,2,5,2,4,2,5,2,4,2,6,3.65,7,7,7,7,7,6,7,7,7,7,6.8,5,6,5,6,5,5.4,14,14,14,14,14,18,17,15,1,1,1,2,1,1.2,5,5,2,4,6,4,3,4.142857143,4,3,4,2,3,2,4,4,2,5,1,1,5,1,5,1,4,4,3.055555556,7,7,7,7,7,7,2,4,2,4,2,4,2,3,5,1,3,2.142857143,4,3,5,1,4,2,2.5,2,1,1,1.333333333,1,1,3,1,2,1,3,1.714285714,6,4,3,4,5,5,8,7,5.25,156,2,1,3,2,156,54,303,39,138,1,1,1,7,7,7,7,7,7,7,2,7,7,2,1,7,1,7,6,2,5,1,7,6,6,7,7,7,6.666666667,3,5,4,6,2,6,6,7,4,6,5.5,7,7,7,7,7,6,7,6,6,6.666666667,3,3,3,3,1,1,1,1,1,1,1,1,1,1,1,1,1,1,1,1,Savannah Cordray,24,2,5,1,4,13,Health Psychology,2,1,2,3,2,15,1,4,
1/10/2026 21:48,1/10/2026 22:32,174.234.7.7,2648,1,1/10/2026 22:32,2,5,2,6,5,2,5,2,1,5,2,5,2,5,1,2,5,5,2,5,3.45,6,6,7,6,6.25,7,6,6,6,6,6.2,7,6,6,6,6,6.2,14,14,15,14,15,14,13,14.14285714,1,2,2,3,2,2,2,3,2,2,2,1,1,1.857142857,4,3,4,4,3,3,4,4,4,5,2,2,4,2,5,2,5,4,3.555555556,7,7,7,6,7,6.8,3,4,2,4,2,5,1,3,4,2,3,2.285714286,3,4,3,3,4,2,3,3,3,3,3,3,3,3,2,2,2,3,2.571428571,3,3,2,2,3,4,6,3,3.25,16,2,5,3,3.333333333,76,0,123,31,57.5,1,1,2,6,6,6,6,6,6,6,2,6,5,6,2,6,3,5,5,2,4.625,2,6,3,5,5,2,5,4.333333333,2,6,5,5,3,5,5,3,5,6,5,6,6,6,6,6,5,6,5,5,5.666666667,5,5,5,5,1,2,1,2,1,1,1,1,1,1,1.2,3,2,2,2,2.25,Mackenzie Cook,23,2,5,1,4,9,"Psychology, General Emphasis",1,2,1,3,6,10,1,4,
1/9/2026 18:40,1/9/2026 22:06,205.185.105.14,12391,0,1/12/2026 10:11,,,,,,,,,,,,,,,,,,,,,#DIV/0!,,,,,#DIV/0!,,,,,,#DIV/0!,,,,,,#DIV/0!,,,,,,,,#DIV/0!,,,,,,#DIV/0!,,,,,,,,#DIV/0!,,,,,,,,,,,,,,,,,,,#DIV/0!,,,,,,#DIV/0!,,,,,,,,,,,,#DIV/0!,,,,,,,#DIV/0!,,,,#DIV/0!,,,,,,,,#DIV/0!,,,,,,,,,#DIV/0!,,,,,#DIV/0!,,,,,#DIV/0!,,,,,,,,,,#DIV/0!,,,,,,,,,,,#DIV/0!,,,,,,,,#DIV/0!,,,,,,,,,,,#DIV/0!,,,,,,,,,,#DIV/0!,,,,#DIV/0!,,,,,,,,,,,#DIV/0!,,,,,#DIV/0!,,,,,,,,,,,,,,,,,
1/7/2026 10:20,1/7/2026 11:25,157.201.96.100,3932,0,1/12/2026 10:11,,,,,,,,,,,,,,,,,,,,,#DIV/0!,,,,,#DIV/0!,,,,,,#DIV/0!,,,,,,#DIV/0!,,,,,,,,#DIV/0!,,,,,,#DIV/0!,,,,,,,,#DIV/0!,,,,,,,,,,,,,,,,,,,#DIV/0!,,,,,,#DIV/0!,,,,,,,,,,,,#DIV/0!,,,,,,,#DIV/0!,,,,#DIV/0!,,,,,,,,#DIV/0!,,,,,,,,,#DIV/0!,,,,,#DIV/0!,,,,,#DIV/0!,,,,,,,,,,#DIV/0!,,,,,,,,,,,#DIV/0!,,,,,,,,#DIV/0!,,,,,,,,,,,#DIV/0!,,,,,,,,,,#DIV/0!,,,,#DIV/0!,,,,,,,,,,,#DIV/0!,,,,,#DIV/0!,,,,,,,,,,,,,,,,,
1/7/2026 11:26,1/7/2026 11:26,104.28.103.60,25,0,1/12/2026 10:11,,,,,,,,,,,,,,,,,,,,,#DIV/0!,,,,,#DIV/0!,,,,,,#DIV/0!,,,,,,#DIV/0!,,,,,,,,#DIV/0!,,,,,,#DIV/0!,,,,,,,,#DIV/0!,,,,,,,,,,,,,,,,,,,#DIV/0!,,,,,,#DIV/0!,,,,,,,,,,,,#DIV/0!,,,,,,,#DIV/0!,,,,#DIV/0!,,,,,,,,#DIV/0!,,,,,,,,,#DIV/0!,,,,,#DIV/0!,,,,,#DIV/0!,,,,,,,,,,#DIV/0!,,,,,,,,,,,#DIV/0!,,,,,,,,#DIV/0!,,,,,,,,,,,#DIV/0!,,,,,,,,,,#DIV/0!,,,,#DIV/0!,,,,,,,,,,,#DIV/0!,,,,,#DIV/0!,,,,,,,,,,,,,,,,,
1/9/2026 22:08,1/9/2026 22:10,205.185.105.14,107,0,1/12/2026 10:11,,,,,,,,,,,,,,,,,,,,,#DIV/0!,,,,,#DIV/0!,,,,,,#DIV/0!,,,,,,#DIV/0!,,,,,,,,#DIV/0!,,,,,,#DIV/0!,,,,,,,,#DIV/0!,,,,,,,,,,,,,,,,,,,#DIV/0!,,,,,,#DIV/0!,,,,,,,,,,,,#DIV/0!,,,,,,,#DIV/0!,,,,#DIV/0!,,,,,,,,#DIV/0!,,,,,,,,,#DIV/0!,,,,,#DIV/0!,,,,,#DIV/0!,,,,,,,,,,#DIV/0!,,,,,,,,,,,#DIV/0!,,,,,,,,#DIV/0!,,,,,,,,,,,#DIV/0!,,,,,,,,,,#DIV/0!,,,,#DIV/0!,,,,,,,,,,,#DIV/0!,,,,,#DIV/0!,,,,,,,,,,,,,,,,,
1/9/2026 8:58,1/9/2026 8:59,157.201.96.100,82,0,1/12/2026 10:11,,,,,,,,,,,,,,,,,,,,,#DIV/0!,,,,,#DIV/0!,,,,,,#DIV/0!,,,,,,#DIV/0!,,,,,,,,#DIV/0!,,,,,,#DIV/0!,,,,,,,,#DIV/0!,,,,,,,,,,,,,,,,,,,#DIV/0!,,,,,,#DIV/0!,,,,,,,,,,,,#DIV/0!,,,,,,,#DIV/0!,,,,#DIV/0!,,,,,,,,#DIV/0!,,,,,,,,,#DIV/0!,,,,,#DIV/0!,,,,,#DIV/0!,,,,,,,,,,#DIV/0!,,,,,,,,,,,#DIV/0!,,,,,,,,#DIV/0!,,,,,,,,,,,#DIV/0!,,,,,,,,,,#DIV/0!,,,,#DIV/0!,,,,,,,,,,,#DIV/0!,,,,,#DIV/0!,,,,,,,,,,,,,,,,,
4/21/2026 8:24,4/21/2026 9:02,205.185.98.23,2324,1,4/21/2026 9:02,4,3,4,5,2,4,3,3,2,3,4,4,2,4,2,1,5,5,3,4,3.35,3,6,6,7,5.5,5,6,6,6,5,5.6,6,6,5,4,3,4.8,13,13,13,13,13,16,14,13.57142857,1,1,1,1,1,1,6,3,2,5,6,1,3,3.714285714,4,1,4,2,3,2,5,4,1,5,1,1,4,1,4,1,4,2,2.722222222,5,6,6,5,4,5.2,2,4,2,4,2,5,1,2,4,2,2,1.857142857,2,3,4,2,4,2,2.25,3,2,2,2.333333333,2,1,1,1,1,2,2,1.428571429,6,4,1,3,6,5,7,5,4.625,120,9,6,9,8,200,30,451,30,177.75,2,,,,,,,,,#DIV/0!,,,,,,,,,,,#DIV/0!,,,,,,,,#DIV/0!,,,,,,,,,,,#DIV/0!,,,,,,,,,,#DIV/0!,,,,#DIV/0!,,,,,,,,,,,#DIV/0!,,,,,#DIV/0!,Jared Nash,24,1,5,4,4,15,Computer Science,2,2,2,4,2,30,1,4,
4/21/2026 9:45,4/21/2026 10:01,205.185.98.25,953,1,4/21/2026 10:01,3,3,4,2,2,3,3,4,1,3,3,3,4,2,3,4,4,2,3,4,3,7,7,7,7,7,5,7,7,7,7,6.6,7,4,6,7,6,6,16,17,17,14,14,14,16,15.42857143,2,3,3,2,2,2.4,1,3,1,7,2,1,2,2.428571429,3,3,2,3,2,3,3,2,4,3,2,3,4,1,2,1,1,5,2.611111111,4,4,4,4,2,3.6,3,3,3,4,2,3,3,3,3,3,4,3,4,4,3,3,3,3,3.5,4,3,4,3.666666667,3,1,4,3,1,3,2,2.428571429,3,2,1,1,2,2,8,1,2.5,20,2,1,1,1.333333333,69,0,238,21,82,2,,,,,,,,,#DIV/0!,,,,,,,,,,,#DIV/0!,,,,,,,,#DIV/0!,,,,,,,,,,,#DIV/0!,,,,,,,,,,#DIV/0!,,,,#DIV/0!,,,,,,,,,,,#DIV/0!,,,,,#DIV/0!,Avonlea Gallant,21,2,5,4,3,14,Psych,1,2,2,6,8,24.3,1,4,
4/21/2026 9:56,4/21/2026 10:43,204.8.53.17,2816,1,4/21/2026 10:43,4,5,4,5,4,4,4,5,3,3,4,4,4,4,3,5,5,4,4,4,4.1,5,6,6,6,5.75,6,6,6,6,6,6,5,4,5,5,4,4.6,15,14,15,13,14,13,13,13.85714286,1,2,1,1,1,1.2,6,3,2,5,7,5,6,4.857142857,5,2,4,2,3,3,4,4,2,4,2,3,4,1,5,2,3,4,3.166666667,6,6,5,6,5,5.6,2,4,2,4,2,4,2,3,4,2,2,2.142857143,3,3,3,3,3,3,3,2,2,2,2,2,2,2,1,2,1,2,1.714285714,2,2,1,2,2,6,6,1,2.75,3,3,1,5,3,68,13,123,123,81.75,1,1,2,6,6,6,6,6,6,6,3,5,4,5,2,6,2,6,5,2,4.5,2,6,4,4,5,5,5,4.833333333,3,5,2,1,6,2,6,2,2,2,2.75,6,4,6,5,5,5,4,4,4,4.777777778,4,4,4,4,1,2,1,2,1,1,1,1,1,1,1.2,1,1,1,1,1,Alina Mendenhall,38,2,5,1,4,6,Industrial Organizational Psychology ,2,2,2,2,2,18.1,1,4,
4/21/2026 10:52,4/21/2026 11:17,174.230.195.99,1509,1,4/21/2026 11:17,4,4,3,4,2,4,2,4,2,3,3,4,4,4,4,4,2,2,3,3,3.25,2,3,1,2,2,3,5,5,4,5,4.4,2,4,5,2,3,3.2,14,14,14,18,18,17,17,16,3,3,4,2,3,3,5,5,3,6,6,3,3,4.428571429,3,3,2,4,1,2,2,2,4,3,2,2,3,3,3,1,2,5,2.611111111,1,2,2,1,3,1.8,3,2,4,3,3,2,4,4,2,4,4,3.714285714,5,5,2,4,2,4,4.5,4,2,2,2.666666667,3,2,4,2,2,2,3,2.571428571,5,3,1,2,2,3,8,4,3.5,173,4,4,4,4,172,60,60,60,88,1,2,6,2,3,5,3,4,5,3.666666667,1,5,2,6,5,3,6,2,2,4,3.125,7,1,2,5,2,2,6,3,2,6,7,6,7,1,6,4,7,7,5.5,2,2,5,2,5,2,2,6,5,3.444444444,5,5,5,5,2,4,2,1,1,1,1,1,1,1,1.5,5,3,1,1,2.5,Meggan Young,25,2,5,4,4,12,Psychology,1,2,2,2,6,9,1,4,
4/21/2026 11:44,4/21/2026 12:26,157.201.96.100,2507,1,4/21/2026 12:26,3,3,2,5,2,5,3,4,2,4,3,4,2,3,1,5,4,3,2,4,3.2,7,7,7,6,6.75,6,6,7,7,7,6.6,6,6,4,5,3,4.8,15,15,18,14,14,16,14,15.14285714,1,1,2,1,1,1.2,5,3,5,5,7,2,4,4.428571429,4,1,2,2,2,2,3,5,2,4,2,3,4,2,4,1,4,2,2.722222222,6,6,6,5,6,5.8,2,3,3,3,3,2,4,2,4,2,2,2.571428571,3,4,4,2,4,2,2.75,3,3,2,2.666666667,3,1,3,1,1,1,2,1.714285714,7,7,2,2,7,2,7,4,4.75,74,2,1,2,1.666666667,200,11,250,10,117.75,2,,,,,,,,,#DIV/0!,,,,,,,,,,,#DIV/0!,,,,,,,,#DIV/0!,,,,,,,,,,,#DIV/0!,,,,,,,,,,#DIV/0!,,,,#DIV/0!,,,,,,,,,,,#DIV/0!,,,,,#DIV/0!,Lacy Powell,23,2,5,4,4,6,Therapuetic Recreation: Youth Mental Health,1,2,2,3,1,15.2,1,4,
4/21/2026 12:52,4/21/2026 13:43,173.198.169.159,3068,1,4/21/2026 13:43,4,3,2,5,4,3,4,4,1,5,3,4,2,3,1,4,4,4,5,5,3.5,6,5,4,3,4.5,4,6,6,5,6,5.4,6,5,3,5,6,5,14,16,14,13,14,14,14,14.14285714,2,2,2,1,2,1.8,2,2,1,6,6,2,2,3,2,2,4,3,4,1,4,3,2,4,4,2,4,1,4,4,4,4,3.111111111,3,6,6,5,7,5.4,4,4,2,4,2,3,3,2,3,3,2,2.571428571,4,4,3,3,3,3,3.5,2,2,3,2.333333333,2,2,3,2,1,3,3,2.285714286,7,3,5,4,4,1,6,1,3.875,15,2,1,2,1.666666667,32,0,150,11,48.25,1,1,2,6,6,6,2,3,2,4.166666667,1,4,3,5,2,6,4,4,2,2,3.375,6,2,2,2,3,2,2,2.166666667,2,6,5,5,3,5,6,6,3,3,4.875,2,2,6,2,3,2,5,6,6,3.777777778,4,4,4,4,1,1,2,1,1,1,1,1,1,1,1.1,2,1,1,1,1.25,Olivia Harris ,23,2,5,4,4,8,Psychology - General,2,2,2,5,7,13,1,4,
4/21/2026 13:39,4/21/2026 14:58,192.225.189.130,4786,1,4/21/2026 14:58,3,3,3,2,3,2,4,3,1,2,3,4,3,4,4,3,5,4,3,4,3.15,5,6,6,6,5.75,4,6,6,6,6,5.6,5,5,4,4,5,4.6,14,13,13,14,17,14,15,14.28571429,2,3,3,1,2,2.2,4,3,4,6,5,2,3,3.857142857,5,3,4,4,3,3,3,3,4,4,3,3,4,3,4,2,3,5,3.5,3,4,4,4,3,3.6,3,3,3,4,2,3,3,2,3,3,3,2.714285714,5,5,3,3,3,3,4,3,2,3,2.666666667,2,1,1,2,1,1,2,1.428571429,5,1,1,1,5,1,1,1,2,120,3,5,5,4.333333333,272,1,1,120,98.5,2,,,,,,,,,#DIV/0!,,,,,,,,,,,#DIV/0!,,,,,,,,#DIV/0!,,,,,,,,,,,#DIV/0!,,,,,,,,,,#DIV/0!,,,,#DIV/0!,,,,,,,,,,,#DIV/0!,,,,,#DIV/0!,Luke Smith,22,1,5,4,4,6,Psychology,1,2,2,3,8,10,1,4,
4/21/2026 16:32,4/21/2026 17:02,205.185.110.150,1748,1,4/21/2026 17:02,2,4,2,4,1,4,3,2,1,4,3,4,5,3,2,4,2,3,4,4,3.05,6,6,7,5,6,5,6,6,6,6,5.8,6,5,4,5,6,5.2,13,14,15,14,14,13,15,14,1,2,1,3,1,1.6,3,2,2,5,5,4,3,3.428571429,3,2,5,3,2,2,3,3,4,3,2,2,4,2,4,2,3,4,2.944444444,5,6,6,6,6,5.8,3,3,3,3,3,2,4,4,4,2,3,3.142857143,3,4,4,2,3,3,3,1,1,1,1,2,1,3,2,1,1,1,1.571428571,3,3,2,2,2,3,1,4,2.5,49,3,2,1,2,121,0,245,0,91.5,1,1,2,6,4,5,2,3,3,3.833333333,1,1,1,1,5,3,7,1,1,7,2,7,1,2,3,5,5,5,3.5,7,1,2,2,4,4,5,5,3,1,2.875,2,2,5,1,1,1,4,4,2,2.444444444,5,5,5,5,2,2,2,1,1,1,1,1,1,1,1.3,1,1,1,1,1,Cydney Jessop,23,2,5,4,4,13,General psychology,3,2,2,3,5,15.9,1,4,
4/21/2026 19:59,4/21/2026 20:20,38.43.29.180,1267,1,4/21/2026 20:20,1,5,2,5,2,1,3,2,1,5,1,4,4,5,3,2,4,4,2,5,3.05,6,6,6,6,6,6,6,6,6,6,6,5,4,5,6,3,4.6,15,14,13,13,13,17,14,14.14285714,1,2,1,1,1,1.2,1,1,1,2,7,6,2,2.857142857,3,2,4,1,1,3,5,4,1,3,2,2,3,2,4,2,4,2,2.666666667,6,6,5,6,6,5.8,2,5,1,5,1,4,2,2,4,2,1,1.571428571,2,2,4,2,5,1,1.75,2,2,1,1.666666667,1,1,1,1,1,1,3,1.285714286,4,4,1,4,2,3,7,1,3.25,167,2,1,3,2,169,70,300,53,148,1,2,2,6,7,7,7,7,7,6.833333333,7,7,7,4,2,6,2,6,6,2,5.625,1,7,7,7,7,7,6,6.833333333,3,5,5,7,1,7,3,1,1,6,4.375,7,7,7,5,5,5,6,6,6,6,5,5,5,5,1,2,1,1,1,1,1,2,1,1,1.2,1,1,1,1,1,Sean Bake,26,1,5,1,4,6,Civil Engineering,2,2,2,3,2,9,1,4,
4/21/2026 20:03,4/21/2026 20:57,205.185.110.149,3215,1,4/21/2026 20:57,3,3,4,6,3,5,3,3,1,5,1,3,4,4,4,3,4,4,1,4,3.4,3,6,3,5,4.25,6,6,5,5,6,5.6,2,3,5,5,1,3.2,15,18,13,18,15,19,17,16.42857143,4,4,4,4,4,4,5,6,3,5,7,2,6,4.857142857,3,3,4,4,2,3,4,4,2,4,1,2,3,2,5,1,4,4,3.055555556,3,5,5,5,7,5,5,3,3,4,2,4,2,5,2,4,3,3.428571429,5,5,4,2,4,2,3.5,3,3,2,2.666666667,3,2,2,3,3,3,3,2.714285714,8,6,3,2,6,3,8,5,5.125,35,2,1,1,1.333333333,239,0,484,0,180.75,1,1,5,3,6,7,5,6,6,5.5,2,5,6,3,4,4,2,6,6,2,4.25,2,6,6,6,6,6,6,6,2,6,5,3,1,7,6,5,5,7,5.5,6,6,5,1,1,3,7,6,6,4.555555556,5,5,5,5,1,5,1,1,1,1,4,1,1,1,1.7,3,1,1,1,1.5,Jaya Case,23,2,5,4,3,13,I/O Psych,2,2,2,3,8,6,1,4,
4/21/2026 20:16,4/21/2026 20:58,172.56.148.40,2550,1,4/21/2026 20:58,2,3,4,4,1,4,2,4,1,4,4,4,3,4,1,4,2,2,4,3,3,6,6,6,5,5.75,5,5,6,6,6,5.6,5,2,5,5,5,4.4,13,14,13,13,13,13,13,13.14285714,4,3,4,2,2,3,2,4,4,7,6,2,2,3.857142857,4,2,3,5,3,2,2,1,1,2,1,2,1,2,3,2,1,1,2.111111111,2,2,2,6,2,2.8,3,3,3,4,2,5,1,3,3,3,2,2.428571429,2,2,4,2,4,2,2,3,5,5,4.333333333,3,1,1,1,1,1,2,1.428571429,2,2,1,1,1,3,7,1,2.25,19,3,2,4,3,179,0,180,122,120.25,2,,,,,,,,,#DIV/0!,,,,,,,,,,,#DIV/0!,,,,,,,,#DIV/0!,,,,,,,,,,,#DIV/0!,,,,,,,,,,#DIV/0!,,,,#DIV/0!,,,,,,,,,,,#DIV/0!,,,,,#DIV/0!,Cyrena Powell,22,2,5,3,2,13,Marriage and Family Studies with a Psychology Minor,1,2,2,3,8,13,1,4,
4/21/2026 20:40,4/21/2026 21:04,205.185.110.148,1467,1,4/21/2026 21:04,6,4,4,5,2,2,2,6,2,4,2,5,2,3,2,6,6,4,1,5,3.65,7,7,7,6,6.75,5,7,7,7,7,6.6,5,6,5,6,5,5.4,13,13,13,13,13,13,13,13,2,2,2,1,2,1.8,4,5,3,2,5,1,2,3.142857143,4,2,4,3,3,2,5,5,2,5,3,4,5,4,5,1,4,3,3.555555556,6,7,7,7,5,6.4,4,4,2,5,1,4,2,3,5,1,3,2.285714286,3,3,4,2,5,1,2.25,1,1,1,1,3,2,3,3,3,3,4,3,7,2,4,5,5,4,8,7,5.25,18,1,1,1,1,120,90,300,0,127.5,1,1,3,5,5,7,5,4,5,5.166666667,5,6,2,6,1,7,2,6,5,1,4.75,2,6,7,7,6,7,6,6.5,1,7,7,7,1,7,7,7,7,7,7,7,7,7,7,7,7,7,7,7,7,5,5,5,5,1,2,1,1,1,1,1,2,1,1,1.2,4,1,4,4,3.25,Lexi Soelberg,20,2,5,4,4,12,Health Psychology,2,1,2,3,2,15,1,4,
4/21/2026 19:50,4/21/2026 21:05,205.185.107.23,4516,1,4/21/2026 21:05,2,3,2,4,5,3,4,5,1,4,2,3,2,5,2,4,3,3,2,4,3.15,7,4,6,7,6,6,4,5,5,6,5.2,6,4,5,6,6,5.4,17,17,14,14,15,14,14,15,1,1,1,1,1,1,1,2,2,4,5,1,2,2.428571429,3,1,4,2,3,1,5,4,2,4,2,2,4,1,4,2,4,2,2.777777778,6,6,6,5,5,5.6,2,4,2,4,2,4,2,2,4,2,2,2,2,2,5,1,5,1,1.5,3,3,2,2.666666667,2,3,2,2,1,2,2,2,5,2,1,3,3,3,8,2,3.375,180,5,3,2,3.333333333,75,0,180,30,71.25,2,,,,,,,,,#DIV/0!,,,,,,,,,,,#DIV/0!,,,,,,,,#DIV/0!,,,,,,,,,,,#DIV/0!,,,,,,,,,,#DIV/0!,,,,#DIV/0!,,,,,,,,,,,#DIV/0!,,,,,#DIV/0!,Seth Eaton,23,1,5,1,4,13,"Psychology, I/O",2,2,2,6,8,20,1,4,
4/21/2026 21:14,4/21/2026 21:35,192.225.189.130,1244,1,4/21/2026 21:35,4,3,3,5,2,5,4,3,1,5,5,4,2,3,3,2,4,3,4,4,3.45,6,6,6,6,6,6,6,6,6,6,6,6,6,6,6,6,6,14,14,14,14,18,16,15,15,1,1,2,1,1,1.2,5,5,3,6,6,4,5,4.857142857,5,1,3,2,2,1,4,4,1,3,1,1,4,1,4,1,4,2,2.444444444,5,6,6,3,6,5.2,2,4,2,4,2,4,2,2,4,2,1,1.857142857,2,2,4,2,5,1,1.75,4,3,3,3.333333333,1,1,1,1,1,1,3,1.285714286,4,4,1,1,1,5,8,1,3.125,59,2,1,4,2.333333333,210,0,267,0,119.25,1,1,4,4,6,6,4,4,4,4.666666667,7,7,4,6,1,7,1,7,7,2,5.875,2,6,3,2,5,3,6,4.166666667,6,2,2,5,3,5,6,4,4,3,3.875,3,3,5,3,3,1,3,3,3,3,5,5,5,5,1,1,1,1,1,1,1,1,1,1,1,1,1,1,1,1,Connor Parks,21,1,5,4,4,17,Business Management (Minor: I/O Psych),2,2,2,3,8,10.3,1,4,
4/22/2026 9:05,4/22/2026 9:38,157.201.96.100,1964,1,4/22/2026 9:38,2,5,4,2,1,4,3,4,3,3,5,4,2,3,2,4,2,4,4,4,3.25,2,3,5,6,4,3,5,6,2,3,3.8,3,1,2,5,4,3,14,18,16,17,17,18,18,16.85714286,3,3,4,1,1,2.4,4,4,3,6,5,2,5,4.142857143,4,2,4,4,1,2,4,3,1,3,1,3,2,2,4,1,3,4,2.666666667,1,1,3,4,1,2,3,3,3,2,4,3,3,4,1,5,4,3.714285714,5,5,3,3,4,2,3.75,4,3,5,4,2,1,3,2,2,1,1,1.714285714,3,2,1,1,1,1,8,1,2.25,239,1,4,4,3,270,0,239,61,142.5,1,1,5,3,6,7,3,4,4,4.5,1,5,6,6,1,7,3,5,2,1,4.125,5,3,2,2,2,2,5,2.666666667,1,7,7,7,1,7,7,7,6,7,6.875,5,2,6,5,5,1,6,6,6,4.666666667,5,5,5,5,1,2,1,1,1,1,1,1,1,1,1.1,3,1,1,1,1.5,Rachel Boynton,20,2,5,4,3,14,"Psychology, general psych emphasis, fine art minor",1,2,2,3,2,27.5,1,4,
4/22/2026 9:05,4/22/2026 9:43,157.201.96.100,2303,1,4/22/2026 9:43,5,5,2,5,3,3,5,4,2,5,5,5,5,3,3,4,4,6,2,5,4.05,5,6,6,6,5.75,3,5,7,6,7,5.6,7,5,5,3,6,5.2,17,15,15,16,17,17,15,16,1,2,1,1,1,1.2,6,5,4,6,6,2,3,4.571428571,4,2,4,3,4,3,4,5,4,2,1,2,5,4,5,2,3,4,3.388888889,5,5,4,4,5,4.6,3,4,2,3,3,3,3,3,4,2,3,2.714285714,3,3,4,2,4,2,2.5,2,3,3,2.666666667,2,2,2,1,1,2,3,1.857142857,4,2,2,2,2,5,8,2,3.375,359,6,5,4,5,224,0,201,0,106.25,1,1,5,3,5,6,5,7,5,5.166666667,2,5,3,5,1,7,3,5,5,2,4.25,3,5,2,6,6,5,5,4.833333333,2,6,2,2,4,4,6,7,6,6,4.875,5,5,6,5,5,3,5,6,6,5.111111111,5,5,5,5,2,2,1,1,1,1,1,2,1,1,1.3,2,1,1,1,1.25,Paul D. Sullivan,23,1,1,3,3,12,industrial organizational psychology,2,2,2,3,4,7.2,1,4,
4/22/2026 9:50,4/22/2026 10:15,205.185.107.15,1520,1,4/22/2026 10:15,2,3,4,2,1,4,3,3,4,3,5,2,6,4,4,5,6,5,5,3,3.7,7,6,7,6,6.5,6,7,6,7,7,6.6,7,5,6,6,7,6.2,17,17,13,14,13,13,13,14.28571429,1,1,1,1,1,1,2,1,1,5,6,2,1,2.571428571,5,2,3,3,3,1,5,4,2,4,2,1,5,2,4,1,4,2,2.944444444,5,7,6,5,3,5.2,1,5,1,5,1,4,2,1,5,1,2,1.285714286,2,2,4,2,5,1,1.75,3,2,2,2.333333333,3,3,1,2,1,1,3,2,8,6,4,2,5,3,6,6,5,241,2,2,5,3,241,1,151,125,129.5,1,1,2,6,6,7,6,7,6,6.333333333,1,6,1,7,1,7,1,7,5,3,4.625,3,5,6,7,7,7,5,6.166666667,2,6,6,7,2,6,5,6,7,7,6.25,7,6,7,5,6,6,7,7,7,6.444444444,5,4,4,4.333333333,2,1,1,1,1,1,1,2,1,1,1.2,1,1,1,1,1,Mathew Wilhoit,23,1,5,4,4,12,Psychology with Health Emphasis,1,2,2,2,7,12,1,4,
4/22/2026 10:52,4/22/2026 11:20,157.201.98.1,1689,1,4/22/2026 11:20,5,4,3,4,4,2,4,4,1,4,4,4,2,3,3,4,5,4,3,4,3.55,6,6,7,6,6.25,7,6,6,6,7,6.4,7,5,6,7,7,6.4,13,13,14,13,13,13,13,13.14285714,2,1,3,1,2,1.8,1,1,1,7,7,6,2,3.571428571,4,3,2,3,1,1,4,3,1,5,1,1,4,1,5,1,4,3,2.611111111,6,6,6,6,5,5.8,2,4,2,5,1,4,2,2,4,2,2,1.857142857,3,3,3,3,4,2,2.75,2,4,3,3,5,1,3,3,2,3,2,2.714285714,3,1,1,2,2,4,7,1,2.625,52,3,4,3,3.333333333,58,0,125,0,45.75,2,,,,,,,,,#DIV/0!,,,,,,,,,,,#DIV/0!,,,,,,,,#DIV/0!,,,,,,,,,,,#DIV/0!,,,,,,,,,,#DIV/0!,,,,#DIV/0!,,,,,,,,,,,#DIV/0!,,,,,#DIV/0!,Lauren Cardwell,21,2,5,3,4,15,Psychology w/ an emphasis in health psychology,1,2,2,3,8,25.9,1,4,
4/22/2026 10:39,4/22/2026 11:28,157.201.96.100,2913,1,4/22/2026 11:28,3,2,2,5,2,5,3,5,2,5,4,2,5,2,5,5,5,5,5,2,3.7,6,6,7,5,6,5,6,5,7,7,6,6,2,5,6,7,5.2,14,15,14,13,17,18,13,14.85714286,1,1,3,1,1,1.4,2,5,2,6,5,2,1,3.285714286,4,3,4,3,3,2,4,4,3,3,2,3,4,2,3,2,3,4,3.111111111,5,5,5,5,6,5.2,2,4,2,4,2,3,3,2,4,2,3,2.285714286,3,4,4,2,4,2,2.75,3,2,4,3,2,3,2,3,1,2,3,2.285714286,6,5,1,3,3,3,6,2,3.625,119,5,1,1,2.333333333,114,0,197,21,83,1,1,6,2,3,7,3,6,5,4.333333333,2,6,5,6,2,6,5,3,5,2,4.375,3,5,6,6,3,6,6,5.333333333,2,6,6,6,1,7,6,6,7,7,6.375,5,3,6,2,2,2,5,5,3,3.666666667,2,2,2,2,2,2,2,1,1,1,2,2,1,2,1.6,2,1,1,1,1.25,Marcus Cabrera,23,1,6,4,2,12,Psychology with an emphasis in I.O. Psych.,2,2,2,2,7,6,1,4,
4/22/2026 11:46,4/22/2026 12:09,205.185.107.50,1364,1,4/22/2026 12:09,3,5,4,4,2,2,2,4,3,2,,,,,,,,,,,3.1,,,,,#DIV/0!,,,,,,#DIV/0!,4,6,3,4,5,4.4,14,14,14,14,15,15,13,14.14285714,1,1,1,1,1,1,4,2,2,6,4,2,3,3.285714286,1,2,1,3,1,1,1,2,1,4,1,1,3,1,1,1,1,3,1.611111111,2,2,2,5,2,2.6,1,1,5,1,5,1,5,1,1,5,1,3.285714286,4,4,2,4,3,3,3.75,1,3,3,2.333333333,3,1,2,2,3,3,3,2.428571429,1,2,1,1,1,1,8,1,2,120,5,1,1,2.333333333,97,0,219,0,79,2,,,,,,,,,#DIV/0!,,,,,,,,,,,#DIV/0!,,,,,,,,#DIV/0!,,,,,,,,,,,#DIV/0!,,,,,,,,,,#DIV/0!,,,,#DIV/0!,,,,,,,,,,,#DIV/0!,,,,,#DIV/0!,Payton Laufenburger ,20,2,5,4,3,12,Health psychology ,1,2,2,1,2,10,1,4,
4/22/2026 12:54,4/22/2026 13:14,205.185.107.100,1242,1,4/22/2026 13:14,5,6,4,3,2,5,2,4,1,3,4,3,3,2,5,6,3,2,5,3,3.55,6,6,6,6,6,5,6,6,6,6,5.8,5,4,4,4,4,4.2,15,18,17,14,15,16,14,15.57142857,1,3,1,2,1,1.6,4,2,4,4,7,5,3,4.142857143,2,1,3,2,4,1,5,4,2,5,1,2,4,2,5,1,5,3,2.888888889,6,6,6,6,6,6,2,3,3,3,3,4,2,3,3,3,3,2.714285714,3,3,3,3,3,3,3,2,2,1,1.666666667,3,1,2,2,1,3,3,2.142857143,4,2,5,3,3,6,6,1,3.75,70,4,1,4,3,200,18,251,70,134.75,1,1,7,1,4,4,2,3,2,2.666666667,1,2,3,4,5,3,6,2,3,5,2.875,3,5,3,4,4,4,4,4,2,6,4,4,6,2,6,4,6,6,4.75,3,3,3,3,3,3,3,3,3,3,4,4,4,4,1,2,1,1,1,1,1,1,1,1,1.1,4,3,2,2,2.75,Brynlee Hancock,19,2,5,3,3,14,Public Health + health education and promotion,1,2,2,6,8,20,1,4,
4/22/2026 10:41,4/22/2026 13:18,205.185.107.33,9463,1,4/22/2026 13:18,5,2,1,4,2,5,2,5,1,,4,4,3,5,3,2,5,3,3,3,3.263157895,6,5,4,6,5.25,5,6,6,3,5,5,5,2,2,4,4,3.4,17,17,14,14,17,15,17,15.85714286,1,2,1,1,1,1.2,5,3,4,5,3,1,1,3.142857143,4,2,4,3,2,2,5,4,2,5,1,1,4,1,4,1,3,5,2.944444444,6,5,3,6,1,4.2,4,3,3,3,3,3,3,3,3,3,4,3.285714286,5,3,4,2,3,3,3.25,1,2,1,1.333333333,2,1,1,1,1,1,1,1.142857143,5,2,2,2,1,3,6,1,2.75,30,3,2,4,3,300,0,259,292,212.75,1,1,2,6,7,7,5,6,5,6,2,4,5,5,2,6,3,5,5,1,4.125,1,7,6,3,6,6,3,5.166666667,2,6,4,6,2,6,6,4,3,7,5.25,6,5,7,5,6,5,5,6,6,5.666666667,5,5,5,5,1,1,1,1,1,1,1,1,1,1,1,1,1,1,1,1,Abbey Goodman,23,2,5,1,3,12,Health Psychology,1,2,2,3,2,10.5,1,4,
4/22/2026 13:34,4/22/2026 14:09,205.185.107.38,2087,1,4/22/2026 14:09,5,4,3,3,2,3,5,4,1,4,3,4,3,4,3,4,5,5,3,4,3.6,4,5,5,6,5,5,4,5,6,4,4.8,5,3,3,3,6,4,17,17,18,15,17,16,17,16.71428571,2,3,2,3,2,2.4,6,5,4,7,7,6,6,5.857142857,4,2,4,3,3,5,5,5,5,5,3,3,4,4,5,1,4,5,3.888888889,5,6,5,5,4,5,3,4,2,4,2,4,2,3,4,2,3,2.428571429,5,4,4,2,4,2,3.25,3,4,3,3.333333333,2,1,2,2,2,3,3,2.142857143,6,6,4,2,7,5,8,6,5.5,170,3,4,4,3.666666667,175,3,214,62,113.5,2,,,,,,,,,#DIV/0!,,,,,,,,,,,#DIV/0!,,,,,,,,#DIV/0!,,,,,,,,,,,#DIV/0!,,,,,,,,,,#DIV/0!,,,,#DIV/0!,,,,,,,,,,,#DIV/0!,,,,,#DIV/0!,Brookyn Lowry,21,2,5,3,3,17,Therapeutic Recreation with a mental health and youth emphasis ,1,2,2,3,2,17.2,1,4,
4/22/2026 15:15,4/22/2026 15:46,107.190.188.36,1899,1,4/22/2026 15:46,1,5,2,4,4,1,4,2,1,6,2,5,1,6,2,3,5,5,1,5,3.25,6,7,7,5,6.25,4,6,6,7,7,6,6,5,7,7,7,6.4,14,17,13,17,16,16,17,15.71428571,2,4,2,1,4,2.6,1,5,2,5,4,2,1,2.857142857,4,2,3,4,2,2,3,3,3,3,1,4,4,4,5,1,2,4,3,5,6,5,7,7,6,4,3,3,3,3,2,4,4,3,3,4,3.571428571,4,4,3,3,2,4,3.75,3,4,5,4,1,1,2,1,1,1,1,1.142857143,2,4,1,1,2,2,6,3,2.625,180,6,3,3,4,185,20,348,273,206.5,1,1,1,7,6,6,6,6,6,6.166666667,2,6,6,5,2,6,2,6,6,2,4.875,4,4,2,2,5,6,7,4.333333333,7,1,4,2,2,6,6,2,5,1,3.375,6,5,7,5,6,4,7,7,7,6,5,5,5,5,1,2,1,1,1,1,1,1,1,1,1.1,2,1,1,2,1.5,Justus Jorgensen,27,1,5,1,4,6,Biomedical Science,1,2,2,2,8,7.5,1,4,
4/22/2026 15:34,4/22/2026 16:12,205.185.98.11,2272,1,4/22/2026 16:12,4,5,2,3,3,2,1,3,1,3,5,4,2,2,5,4,3,3,1,3,2.95,3,6,3,2,3.5,3,6,7,3,6,5,2,4,3,2,6,3.4,14,17,14,17,18,16,16,16,2,1,3,1,2,1.8,1,2,1,6,6,5,2,3.285714286,4,1,4,2,2,3,4,3,1,4,1,2,4,2,5,3,4,4,2.944444444,3,3,4,3,2,3,3,4,2,4,2,3,3,3,4,2,2,2.428571429,4,3,4,2,4,2,2.75,4,2,4,3.333333333,2,2,2,3,1,2,3,2.142857143,4,2,2,1,4,1,8,2,3,300,2,2,5,3,348,0,59,120,131.75,2,,,,,,,,,#DIV/0!,,,,,,,,,,,#DIV/0!,,,,,,,,#DIV/0!,,,,,,,,,,,#DIV/0!,,,,,,,,,,#DIV/0!,,,,#DIV/0!,,,,,,,,,,,#DIV/0!,,,,,#DIV/0!,Kyler Hatfield,22,1,5,4,3,14,Psychology (General),1,2,2,5,8,10,1,4,
4/22/2026 17:11,4/22/2026 17:24,205.185.107.33,795,1,4/22/2026 17:24,2,3,3,3,1,5,3,5,3,5,5,5,3,3,2,5,3,2,5,3,3.45,7,7,7,7,7,6,7,6,7,7,6.6,7,4,7,6,7,6.2,13,13,13,14,13,14,13,13.28571429,1,1,1,1,1,1,1,1,1,2,4,1,2,1.714285714,4,1,4,2,3,3,5,4,5,5,2,2,2,2,5,1,5,5,3.333333333,7,7,7,7,7,7,1,1,5,1,5,5,1,1,4,2,2,2.428571429,5,5,4,2,4,2,3.5,1,5,1,2.333333333,3,1,2,2,2,1,1,1.714285714,3,1,7,2,5,5,6,3,4,30,4,5,1,3.333333333,32,0,720,0,188,1,1,7,1,3,3,2,2,2,2.166666667,1,1,1,7,7,1,7,1,1,7,2.5,7,1,1,1,1,1,1,1,2,6,7,7,1,7,7,2,7,1,5.5,1,2,2,2,2,2,2,1,2,1.777777778,5,5,5,5,1,1,1,1,1,1,1,1,1,1,1,1,1,1,1,1,Will Pierce,23,1,5,1,4,14,General Psych,2,1,2,3,2,24,1,4,
4/22/2026 16:27,4/22/2026 17:25,157.201.96.100,3445,1,4/22/2026 17:25,5,3,4,5,4,2,4,3,1,4,3,5,2,4,2,4,5,5,4,6,3.75,6,7,6,3,5.5,6,6,6,5,6,5.8,5,6,5,3,5,4.8,14,19,18,15,18,14,16,16.28571429,3,2,1,2,1,1.8,1,2,2,4,5,3,2,2.714285714,3,3,4,4,2,2,2,4,5,4,4,3,3,1,4,1,4,5,3.222222222,2,2,5,5,7,4.2,5,2,4,3,3,2,4,4,2,4,3,3.857142857,5,4,4,2,4,2,3.25,2,1,2,1.666666667,1,2,1,1,1,1,1,1.142857143,6,4,4,2,5,1,7,1,3.75,20,4,2,1,2.333333333,200,0,207,38,111.25,1,1,1,7,7,7,7,7,7,7,7,7,2,4,2,6,1,7,6,1,5,5,3,6,4,2,5,5,4.166666667,3,5,2,2,1,7,1,1,3,1,2.75,7,7,7,5,5,7,5,6,6,6.111111111,5,5,5,5,1,1,1,1,1,1,1,1,1,1,1,1,1,1,1,1,Miriam Meyer,24,2,5,4,2,6,Psychology with an emphasis in behavioral interventions,1,2,2,4,2,22,1,4,
4/22/2026 18:12,4/22/2026 19:10,205.185.107.42,3501,1,4/22/2026 19:10,5,5,4,5,5,5,3,4,1,5,4,3,2,4,3,3,4,4,2,5,3.8,5,6,7,6,6,3,6,5,6,5,5,6,3,2,6,5,4.4,13,14,19,13,17,15,15,15.14285714,4,3,4,2,3,3.2,5,5,2,6,6,6,6,5.142857143,2,4,2,5,1,4,2,2,5,3,4,4,2,4,4,4,3,4,3.277777778,2,2,4,2,3,2.6,5,2,4,3,3,3,3,5,2,4,4,4,4,5,2,4,2,4,4.25,4,3,5,4,1,1,1,1,1,1,2,1.142857143,3,2,1,2,1,3,8,6,3.25,180,4,1,4,3,180,11,507,11,177.25,1,1,6,2,5,2,3,4,5,3.5,1,5,4,6,2,6,6,2,5,3,4,6,2,2,2,2,2,2,2,6,2,1,1,1,7,5,2,2,1,2.625,5,4,6,2,1,6,6,5,5,4.444444444,5,5,5,5,1,1,1,4,2,1,1,2,1,1,1.5,4,4,4,4,4,Emma Holloway,24,2,5,4,4,13,Psychology with a Behavioral Emphasis,2,1,2,3,5,15.5,1,4,
4/22/2026 18:45,4/22/2026 19:25,205.185.98.103,2402,1,4/22/2026 19:25,4,2,4,4,2,5,2,3,1,5,4,4,3,3,1,4,5,5,3,3,3.35,7,6,6,6,6.25,5,6,6,6,6,5.8,6,2,6,6,5,5,17,15,19,14,17,13,13,15.42857143,4,4,4,2,4,3.6,6,6,4,7,7,7,6,6.142857143,2,3,2,5,3,2,1,1,1,4,5,5,1,5,4,1,1,5,2.833333333,1,3,4,4,2,2.8,3,3,3,4,2,3,3,4,3,3,4,3.142857143,5,5,3,3,1,5,4.5,5,5,5,5,3,2,2,3,1,2,3,2.285714286,4,5,1,1,2,4,8,1,3.25,201,5,1,1,2.333333333,208,0,346,0,138.5,2,,,,,,,,,#DIV/0!,,,,,,,,,,,#DIV/0!,,,,,,,,#DIV/0!,,,,,,,,,,,#DIV/0!,,,,,,,,,,#DIV/0!,,,,#DIV/0!,,,,,,,,,,,#DIV/0!,,,,,#DIV/0!,Sascha Leatham,20,2,5,4,3,14,exercise science,1,2,2,2,7,20.8,1,4,
4/22/2026 18:52,4/22/2026 19:30,205.185.107.46,2285,1,4/22/2026 19:30,3,4,5,4,2,2,4,4,4,5,5,3,5,3,5,4,5,5,2,3,3.85,2,5,5,3,3.75,6,6,6,7,4,5.8,6,3,2,4,1,3.2,17,14,13,13,15,17,14,14.71428571,2,2,1,2,3,2,5,6,3,6,7,6,3,5.142857143,4,5,3,5,2,3,3,4,3,5,1,1,3,1,5,1,2,5,3.111111111,2,4,2,5,3,3.2,5,3,3,3,3,2,4,4,3,3,5,3.857142857,5,5,3,3,3,3,4,4,2,2,2.666666667,3,2,3,4,3,4,2,3,3,4,6,3,3,3,7,3,4,651,5,1,7,4.333333333,301,10,149,246,176.5,1,1,1,7,6,7,6,4,6,6,1,7,4,4,7,1,1,7,7,1,4,6,2,2,6,6,5,6,4.5,6,2,2,5,1,7,3,6,5,6,4.5,6,6,7,3,6,3,6,6,6,5.444444444,5,5,5,5,1,2,1,1,1,2,2,1,1,1,1.3,1,1,1,1,1,Ayden Fletcher,22,2,5,4,4,14,Psychology -- no emphasis,1,2,2,4,7,20.2,1,4,
4/22/2026 18:24,4/22/2026 20:00,199.19.116.17,5784,1,4/22/2026 20:00,4,3,4,4,1,4,2,4,2,5,4,3,5,3,2,4,5,2,3,5,3.45,3,3,5,3,3.5,3,6,6,3,6,4.8,6,3,5,4,6,4.8,14,17,14,14,14,14,16,14.71428571,1,1,2,1,1,1.2,3,2,5,6,7,6,2,4.428571429,4,2,3,3,2,2,3,2,1,4,2,2,2,1,2,2,3,2,2.333333333,2,2,6,2,2,2.8,4,3,3,3,3,3,3,1,4,2,1,2.428571429,2,3,4,2,4,2,2.25,5,4,4,4.333333333,2,2,2,2,1,2,3,2,4,5,1,3,2,3,8,3,3.625,66,2,1,1,1.333333333,66,0,248,0,78.5,1,1,6,2,6,6,3,4,3,4,2,2,2,6,6,2,5,3,5,5,3.375,6,2,2,2,5,2,7,3.333333333,2,6,6,6,2,6,6,6,6,2,5.5,3,3,5,2,2,2,3,6,5,3.444444444,4,4,3,3.666666667,1,5,2,2,1,1,3,2,3,3,2.3,4,3,2,2,2.75,Isaac Richins,24,1,7,4,4,15,General Psychology,1,2,2,3,7,5.7,1,4,
4/22/2026 19:47,4/22/2026 20:06,172.56.149.74,1126,1,4/22/2026 20:06,3,3,3,4,3,3,3,3,1,4,3,4,3,4,3,6,3,4,4,3,3.35,2,5,5,5,4.25,6,6,6,6,6,6,6,6,6,6,7,6.2,15,18,16,15,13,18,16,15.85714286,2,1,4,1,1,1.8,1,1,1,5,4,1,1,2,5,1,4,4,3,2,4,3,2,2,1,5,3,2,2,1,3,2,2.722222222,5,4,6,6,3,4.8,2,3,3,4,2,4,2,2,4,2,1,2,3,3,3,3,3,3,3,5,2,2,3,1,1,1,1,1,1,1,1,8,8,2,2,8,2,8,2,5,1000,9,1,1,3.666666667,700,95,187,0,245.5,1,1,7,1,7,7,5,5,6,5.166666667,1,7,1,7,4,4,7,1,2,2,3.125,3,5,2,5,4,2,1,3.166666667,1,7,7,7,7,1,7,7,7,7,6.25,7,7,7,7,7,2,6,3,3,5.444444444,3,3,3,3,1,1,1,1,1,1,1,4,1,1,1.3,5,5,5,5,5,Brandon Kreimeyer,22,1,5,4,4,15,Psychology,1,2,1,4,7,12.1,1,4,
4/22/2026 23:04,4/22/2026 23:19,205.185.107.62,857,1,4/22/2026 23:19,6,4,6,3,3,6,5,6,5,3,6,3,6,4,6,5,5,4,6,3,4.75,7,7,7,7,7,6,7,7,7,7,6.8,7,2,7,7,4,5.4,19,19,19,17,19,18,19,18.57142857,2,4,3,1,1,2.2,6,4,6,7,7,7,7,6.285714286,5,2,3,2,3,3,4,4,2,4,1,1,4,1,5,1,2,5,2.888888889,7,3,4,4,4,4.4,5,4,2,5,1,4,2,3,4,2,4,2.714285714,4,4,3,3,3,3,3.5,5,5,5,5,1,2,3,3,2,2,2,2.142857143,8,1,8,6,6,1,5,7,5.25,113,1,1,7,3,154,663,563,403,445.75,1,1,2,6,7,7,7,7,7,6.833333333,7,6,6,6,2,6,2,6,6,2,5.625,4,4,6,6,6,7,7,6,6,2,5,1,7,1,5,5,6,4,3.625,7,7,7,7,7,7,7,7,7,7,5,5,5,5,4,1,1,1,1,1,1,1,1,1,1.3,4,4,4,4,4,Mercy C Mackenzie,22,2,4,4,4,12,Industrial Organizational Psychology ,2,1,2,1,1,24.1,1,4,
4/23/2026 8:07,4/23/2026 10:12,157.201.96.100,7474,1,4/23/2026 10:12,6,3,3,2,3,3,3,5,3,2,6,2,6,1,3,2,5,3,6,1,3.4,7,7,7,7,7,7,7,5,7,7,6.6,7,2,7,7,7,6,13,13,13,13,13,13,13,13,4,4,4,4,4,4,4,4,4,7,7,7,7,5.714285714,5,4,3,5,4,4,3,3,2,4,5,5,5,4,5,2,3,4,3.888888889,4,1,1,1,1,1.6,5,3,3,2,4,2,4,4,2,4,4,4,3,4,2,4,2,4,3.75,4,4,4,4,5,1,5,5,3,5,5,4.142857143,8,4,8,8,8,2,8,1,5.875,97,4,1,5,3.333333333,41,39,30,0,27.5,2,,,,,,,,,#DIV/0!,,,,,,,,,,,#DIV/0!,,,,,,,,#DIV/0!,,,,,,,,,,,#DIV/0!,,,,,,,,,,#DIV/0!,,,,#DIV/0!,,,,,,,,,,,#DIV/0!,,,,,#DIV/0!,Hannah Jervoso,23,2,2,4,2,18,Biomedical Sciences,1,2,2,6,2,9,1,4,
4/23/2026 12:40,4/23/2026 13:28,157.201.98.1,2884,1,4/23/2026 13:28,4,2,4,2,3,2,4,2,2,4,4,3,3,4,3,3,3,4,3,4,3.15,6,6,6,5,5.75,5,6,6,6,6,5.8,5,5,3,3,3,3.8,17,15,15,13,15,15,13,14.71428571,1,2,2,1,3,1.8,2,2,2,5,6,3,3,3.285714286,3,1,3,3,3,2,4,4,2,4,3,2,4,2,4,1,4,4,2.944444444,6,6,6,6,6,6,2,4,2,4,2,4,2,2,4,2,3,2.142857143,5,5,3,3,3,3,4,3,3,3,3,2,2,2,1,1,3,3,2,3,4,1,2,3,3,6,3,3.125,185,2,3,1,2,330,15,570,30,236.25,1,1,2,6,5,6,5,6,5,5.5,3,5,3,5,2,6,2,6,6,2,4.5,5,3,5,5,5,5,5,4.666666667,3,5,5,3,3,5,6,5,3,3,4.375,6,5,5,5,5,5,6,5,5,5.222222222,5,5,5,5,1,2,1,1,1,1,1,1,1,1,1.1,4,4,1,1,2.5,Alonnah Thompson,23,2,5,1,4,12,Psychology health emphasis,1,2,2,4,5,16,1,4,
4/23/2026 13:05,4/23/2026 13:44,205.185.98.18,2303,1,4/23/2026 13:44,4,4,3,3,2,3,4,5,4,3,5,3,4,2,3,4,5,4,4,3,3.6,7,6,6,4,5.75,6,6,6,7,7,6.4,6,4,5,7,5,5.4,17,17,16,17,19,16,15,16.71428571,2,2,2,1,1,1.6,2,3,3,7,5,3,2,3.571428571,4,2,3,2,2,2,4,3,2,3,2,2,4,2,4,1,3,3,2.666666667,5,4,6,3,3,4.2,2,3,3,5,1,3,3,1,4,2,2,2,3,3,5,1,4,2,2.25,2,2,2,2,2,3,2,2,1,2,3,2.142857143,7,5,3,3,4,4,8,6,5,10,4,4,4,4,130,0,120,30,70,1,1,5,3,3,4,4,4,5,3.833333333,2,6,4,6,3,5,4,4,3,4,4.25,5,3,4,3,4,4,4,3.666666667,3,5,4,5,4,4,5,6,4,3,4.5,5,4,5,5,5,3,4,5,5,4.555555556,4,4,3,3.666666667,1,2,1,2,2,1,1,1,1,1,1.3,4,2,2,2,2.5,Gardner Davis,23,1,5,3,4,6,Biomedical Science (Neuroscience Emphasis),1,2,2,6,7,4.5,1,4,
4/23/2026 13:49,4/23/2026 14:22,157.201.98.1,1965,1,4/23/2026 14:22,4,4,4,4,4,3,4,4,3,4,3,4,3,4,4,3,3,4,4,4,3.7,5,5,6,5,5.25,5,6,5,5,5,5.2,6,5,5,5,5,5.2,16,17,16,16,16,17,16,16.28571429,1,1,1,1,1,1,3,3,3,5,5,5,3,3.857142857,3,3,3,3,3,2,3,3,2,3,2,1,3,2,3,2,3,3,2.611111111,5,5,5,5,5,5,4,3,3,3,3,3,3,3,3,3,3,3.142857143,3,3,3,3,4,2,2.75,3,3,3,3,2,2,2,2,2,2,3,2.142857143,4,4,5,3,,3,6,4,4.142857143,94,3,1,4,2.666666667,173,35,442,131,195.25,1,1,,,5,5,5,5,4,4.8,2,3,4,5,4,4,4,4,3,5,3.75,4,4,5,4,4,5,4,4.333333333,5,3,4,4,4,4,5,4,4,5,4.125,4,5,5,4,5,5,4,4,4,4.444444444,3,5,5,4.333333333,1,2,2,1,1,1,1,1,1,1,1.2,2,3,3,1,2.25,Jaycee A Bell,22,2,6,4,4,14,psychology IO,2,2,1,3,8,18.5,1,4,
4/23/2026 13:48,4/23/2026 14:34,205.185.107.53,2743,1,4/23/2026 14:34,5,4,2,4,5,3,5,4,2,5,5,4,4,3,3,2,3,4,3,4,3.7,5,6,7,6,6,6,5,6,5,5,5.4,5,5,3,4,4,4.2,14,14,14,14,14,17,15,14.57142857,2,3,3,2,2,2.4,5,3,2,6,6,3,4,4.142857143,3,2,3,4,4,2,3,3,4,4,1,2,3,2,5,2,4,4,3.055555556,2,3,3,5,3,3.2,3,3,3,3,3,2,4,3,3,3,3,3.142857143,5,5,3,3,3,3,4,4,4,4,4,2,2,3,3,3,3,3,2.714285714,5,5,3,5,2,1,8,1,3.75,60,5,1,5,3.666666667,121,0,360,121,150.5,1,1,2,6,6,6,6,6,6,6,5,5,2,4,2,6,2,6,6,2,4.5,6,2,6,6,6,6,6,5.333333333,2,6,6,6,2,6,6,6,6,6,6,7,7,7,7,7,7,7,7,7,7,5,5,5,5,1,1,1,1,1,1,1,1,1,1,1,1,1,1,1,1,Callin Preator,26,2,5,4,4,10,Psychology,1,1,1,3,2,24,1,5,
4/23/2026 14:27,4/23/2026 15:18,157.201.98.1,3028,1,4/23/2026 15:18,4,3,3,4,2,3,2,4,1,2,4,4,4,2,5,4,4,3,3,3,3.2,6,6,7,7,6.5,6,6,6,7,7,6.4,6,4,5,5,3,4.6,14,14,14,14,14,14,13,13.85714286,2,1,1,1,1,1.2,3,1,1,5,5,3,1,2.714285714,4,3,4,3,3,1,3,4,1,5,2,3,4,2,4,2,3,2,2.944444444,6,5,6,5,2,4.8,2,4,2,4,2,4,2,2,4,2,2,2,3,3,4,2,4,2,2.5,2,2,2,2,2,2,2,1,1,1,3,1.714285714,6,3,2,3,2,3,8,1,3.5,35,4,4,4,4,42,0,64,64,42.5,2,,,,,,,,,#DIV/0!,,,,,,,,,,,#DIV/0!,,,,,,,,#DIV/0!,,,,,,,,,,,#DIV/0!,,,,,,,,,,#DIV/0!,,,,#DIV/0!,,,,,,,,,,,#DIV/0!,,,,,#DIV/0!,Gjori Nykreim,26,1,5,1,4,18,Psychology and Emphasis in Psychology,1,2,2,3,7,15,1,4,
4/23/2026 15:43,4/23/2026 16:09,38.43.21.85,1547,1,4/23/2026 16:09,2,4,3,3,4,1,3,2,1,3,3,5,2,4,3,2,4,4,3,4,3,4,5,4,5,4.5,5,5,5,4,5,4.8,4,4,4,3,5,4,18,16,16,15,17,16,18,16.57142857,2,3,2,1,2,2,2,2,2,6,5,3,2,3.142857143,3,3,4,4,3,4,4,3,2,5,3,2,3,3,4,4,3,4,3.388888889,3,3,4,3,5,3.6,2,3,3,3,3,3,3,3,3,3,3,2.857142857,4,4,4,2,4,2,3,4,4,4,4,3,1,3,3,1,2,4,2.428571429,3,4,1,2,1,1,8,1,2.625,180,4,5,1,3.333333333,481,180,300,0,240.25,2,,,,,,,,,#DIV/0!,,,,,,,,,,,#DIV/0!,,,,,,,,#DIV/0!,,,,,,,,,,,#DIV/0!,,,,,,,,,,#DIV/0!,,,,#DIV/0!,,,,,,,,,,,#DIV/0!,,,,,#DIV/0!,Aleksander Keller,25,1,5,4,4,14,Health Psychology,1,2,2,3,7,24.2,1,4,
4/23/2026 16:52,4/23/2026 20:43,216.128.237.133,13828,1,4/23/2026 20:43,5,5,3,4,1,5,4,6,2,4,5,3,5,2,3,6,4,3,4,4,3.9,5,6,6,6,5.75,4,6,6,3,7,5.2,5,3,2,2,6,3.6,17,17,14,17,15,15,17,16,1,1,1,1,1,1,2,2,3,6,6,1,2,3.142857143,1,3,4,1,1,2,5,4,3,4,2,2,4,3,3,2,4,3,2.833333333,,,,,,#DIV/0!,3,3,3,4,2,3,3,4,2,4,3,3.142857143,3,3,5,1,5,1,2,2,3,3,2.666666667,2,2,2,4,3,3,4,2.857142857,5,5,1,3,3,1,8,1,3.375,123,3,3,3,3,190,1,506,50,186.75,1,,,,,,,,,#DIV/0!,,,,,,,,,,,#DIV/0!,,,,,,,,#DIV/0!,,,,,,,,,,,#DIV/0!,1,1,1,1,1,3,1,1,1,1.222222222,5,5,5,5,1,4,1,1,1,2,1,1,1,1,1.4,2,1,2,2,1.75,Seth McCandless,18,1,5,4,4,15,Psychology: Health Psych,1,2,2,5,2,5.9,1,4,
4/23/2026 20:50,4/23/2026 21:10,192.225.189.130,1181,1,4/23/2026 21:10,4,5,3,4,3,3,3,4,1,4,2,5,2,4,3,4,5,4,2,4,3.45,3,6,6,4,4.75,3,5,5,4,3,4,4,3,2,5,4,3.6,14,14,14,14,15,18,14,14.71428571,3,3,3,1,4,2.8,6,4,2,7,6,5,5,5,2,3,4,3,2,2,2,2,2,4,2,3,2,3,4,2,3,2,2.611111111,2,3,4,3,2,2.8,3,3,3,2,4,3,3,4,3,3,3,3.285714286,3,3,4,2,4,2,2.5,4,2,3,3,2,2,2,2,2,2,3,2.142857143,6,2,5,5,5,2,6,4,4.375,517,8,7,5,6.666666667,517,0,375,241,283.25,2,,,,,,,,,#DIV/0!,,,,,,,,,,,#DIV/0!,,,,,,,,#DIV/0!,,,,,,,,,,,#DIV/0!,,,,,,,,,,#DIV/0!,,,,#DIV/0!,,,,,,,,,,,#DIV/0!,,,,,#DIV/0!,Luke Storms,23,1,7,4,4,12,Health Psychology,1,2,2,4,2,9,1,4,
4/24/2026 11:31,4/24/2026 11:58,192.225.186.66,1601,1,4/24/2026 11:58,3,4,3,4,2,2,4,4,1,5,3,5,4,4,4,2,5,5,2,5,3.55,6,6,6,5,5.75,6,6,6,6,6,6,6,5,4,6,5,5.2,17,14,16,15,16,17,15,15.71428571,2,1,1,1,2,1.4,5,3,2,5,3,2,2,3.142857143,4,2,4,2,3,1,3,3,1,4,1,1,2,1,4,1,3,4,2.444444444,5,6,5,6,3,5,2,4,2,4,2,4,2,3,3,3,3,2.428571429,4,4,3,3,3,3,3.5,1,1,1,1,2,1,1,1,1,1,2,1.285714286,2,4,1,1,2,2,8,1,2.625,10,5,4,4,4.333333333,180,0,300,0,120,2,,,,,,,,,#DIV/0!,,,,,,,,,,,#DIV/0!,,,,,,,,#DIV/0!,,,,,,,,,,,#DIV/0!,,,,,,,,,,#DIV/0!,,,,#DIV/0!,,,,,,,,,,,#DIV/0!,,,,,#DIV/0!,Josh Rumsey,27,1,5,1,4,12,General Psychology,1,2,2,3,5,20.3,1,4,
4/24/2026 13:11,4/24/2026 14:51,205.185.107.18,6015,1,4/24/2026 14:51,5,5,2,4,4,3,2,5,1,2,2,5,4,4,3,2,5,4,3,4,3.45,6,6,6,6,6,4,6,5,6,6,5.4,2,4,4,5,4,3.8,18,18,17,14,14,16,17,16.28571429,3,3,2,1,3,2.4,6,3,4,6,6,1,4,4.285714286,3,2,4,2,1,2,3,4,1,4,2,4,4,4,4,1,3,4,2.888888889,4,4,4,4,1,3.4,3,3,3,4,2,2,4,3,2,4,3,3.142857143,5,5,3,3,3,3,4,1,4,4,3,3,2,3,3,1,3,3,2.571428571,2,1,1,1,1,4,8,7,3.125,239,7,4,5,5.333333333,245,0,97,267,152.25,2,,,,,,,,,#DIV/0!,,,,,,,,,,,#DIV/0!,,,,,,,,#DIV/0!,,,,,,,,,,,#DIV/0!,,,,,,,,,,#DIV/0!,,,,#DIV/0!,,,,,,,,,,,#DIV/0!,,,,,#DIV/0!,Adam Chidester,27,1,5,1,3,12,"Interdisciplinary Studies with a Dance Concentration, Communications and Leadership clusters",2,2,2,1,2,5.8,1,4,
4/24/2026 14:23,4/24/2026 14:52,157.201.98.1,1723,1,4/24/2026 14:52,6,4,2,5,5,3,5,6,1,5,2,6,1,4,2,2,5,5,4,4,3.85,7,6,6,6,6.25,6,6,5,6,7,6,6,5,6,6,6,5.8,17,15,15,13,17,17,14,15.42857143,1,2,3,2,1,1.8,5,2,1,5,7,2,1,3.285714286,4,2,4,3,2,1,4,4,2,5,1,3,3,2,5,1,4,3,2.944444444,5,5,5,3,1,3.8,3,5,1,4,2,4,2,3,3,3,2,2.285714286,3,3,2,4,2,4,3.5,5,5,5,5,4,1,4,3,1,1,1,2.142857143,5,6,2,1,5,1,8,1,3.625,500,8,1,8,5.666666667,500,500,300,500,450,1,1,4,4,4,6,5,5,4,4.666666667,4,5,2,4,2,6,2,6,6,2,4.375,2,6,5,5,6,6,6,5.666666667,1,7,5,5,3,5,6,2,7,6,5.375,5,5,5,3,3,4,4,4,5,4.222222222,5,5,5,5,1,2,1,1,1,1,1,1,1,1,1.1,1,1,1,1,1,Savanah Jameson,24,2,7,4,4,12,Psychology,1,2,2,4,5,12,1,4,
4/24/2026 14:45,4/24/2026 15:12,65.181.53.74,1652,1,4/24/2026 15:12,4,1,4,3,3,3,3,4,1,3,6,4,4,3,4,3,4,5,5,5,3.6,4,6,7,6,5.75,6,6,5,7,4,5.6,4,4,2,4,7,4.2,18,19,16,13,16,19,16,16.71428571,3,3,3,4,3,3.2,4,6,5,6,6,7,6,5.714285714,5,4,3,4,3,3,3,2,4,2,5,1,2,3,3,1,2,5,3.055555556,4,4,4,4,1,3.4,3,2,4,3,3,3,3,5,3,3,5,3.714285714,5,5,2,4,3,3,4.25,3,3,3,3,4,2,2,3,2,2,2,2.428571429,3,4,1,1,2,1,1,7,2.5,551,6,7,4,5.666666667,1000,110,487,155,438,2,,,,,,,,,#DIV/0!,,,,,,,,,,,#DIV/0!,,,,,,,,#DIV/0!,,,,,,,,,,,#DIV/0!,,,,,,,,,,#DIV/0!,,,,#DIV/0!,,,,,,,,,,,#DIV/0!,,,,,#DIV/0!,Lesliany Heredia,19,2,6,4,4,15,Psychology with General Psychology emphasis,1,2,2,2,4,4.3,1,4,
4/24/2026 11:46,4/24/2026 17:24,159.118.13.59,20298,1,4/24/2026 17:24,4,4,2,4,3,4,5,3,2,4,4,6,3,4,2,2,5,5,3,3,3.6,5,6,6,4,5.25,4,6,5,6,4,5,4,5,4,3,4,4,18,17,15,15,17,15,17,16.28571429,2,1,2,1,2,1.6,3,5,4,6,7,3,3,4.428571429,4,2,3,4,3,4,5,4,3,3,1,1,3,2,4,1,2,2,2.833333333,3,5,4,5,4,4.2,4,2,4,2,4,3,3,4,2,4,5,4,4,4,3,3,3,3,3.5,1,2,2,1.666666667,1,1,2,1,1,2,2,1.428571429,7,4,2,2,4,4,8,2,4.125,60,3,2,5,3.333333333,116,2,132,71,80.25,1,1,5,3,6,6,5,4,4,4.666666667,3,5,4,6,4,4,4,4,5,3,4.25,2,6,7,6,6,6,4,5.833333333,5,3,6,4,5,3,7,6,6,4,4.875,5,3,5,4,3,3,4,5,5,4.111111111,4,4,4,4,1,2,1,1,1,1,1,1,1,1,1.1,2,2,2,1,1.75,Katelyn Foster,22,2,5,3,3,13,Health Psychology,1,2,2,4,6,12,1,4,
4/24/2026 16:59,4/24/2026 17:51,172.56.149.149,3153,1,4/24/2026 17:51,4,2,5,5,2,2,2,6,1,4,3,3,4,3,4,5,3,3,4,2,3.35,5,7,3,7,5.5,6,7,5,5,6,5.8,6,3,5,4,5,4.6,15,18,14,14,15,15,15,15.14285714,1,2,1,1,2,1.4,6,3,3,5,6,3,5,4.428571429,3,2,4,2,4,2,5,4,1,4,1,1,4,2,4,1,4,3,2.833333333,5,5,5,5,3,4.6,2,4,2,4,2,4,2,2,3,3,2,2.142857143,3,3,4,2,4,2,2.5,3,4,3,3.333333333,2,3,3,3,1,1,2,2.142857143,4,4,2,3,2,4,6,6,3.875,210,4,2,6,4,208,0,269,149,156.5,1,1,3,5,6,5,2,5,5,4.666666667,2,3,2,3,3,5,5,3,3,3,3,3,5,5,5,5,5,2,4.5,2,6,3,3,5,3,5,3,5,5,4.125,3,2,6,3,3,2,2,3,3,3,2,4,2,2.666666667,2,3,1,1,2,1,1,1,2,1,1.5,2,1,1,1,1.25,Kennedy Hill,22,2,5,3,3,15,Therapeutic Recreation,1,2,2,3,6,10,1,4,
4/24/2026 21:19,4/24/2026 21:40,107.115.79.84,1277,1,4/24/2026 21:40,4,4,4,3,3,4,4,4,4,4,4,4,4,4,4,3,4,4,3,4,3.8,5,4,3,4,4,3,4,4,4,5,4,5,3,5,5,5,4.6,17,17,13,15,15,14,14,15,2,2,3,3,3,2.6,4,4,4,4,4,4,4,4,5,3,2,3,2,2,2,2,5,3,2,3,3,1,3,2,2,2,2.611111111,3,2,3,5,6,3.8,4,3,3,3,3,2,4,3,2,4,4,3.571428571,3,4,3,3,3,3,3.25,4,1,4,3,3,1,3,3,3,3,3,2.714285714,2,2,1,2,1,2,6,1,2.125,165,5,1,3,3,355,0,75,74,126,2,,,,,,,,,#DIV/0!,,,,,,,,,,,#DIV/0!,,,,,,,,#DIV/0!,,,,,,,,,,,#DIV/0!,,,,,,,,,,#DIV/0!,,,,#DIV/0!,,,,,,,,,,,#DIV/0!,,,,,#DIV/0!,Morgan Cook,23,2,5,1,3,12,General Studies - Pre-Physical Therapy Assistant,1,2,2,1,5,11,1,4,
4/24/2026 22:01,4/24/2026 22:36,205.185.107.33,2140,1,4/24/2026 22:36,4,3,3,4,3,4,4,5,2,4,5,3,4,3,4,4,4,3,4,3,3.65,5,6,5,5,5.25,6,6,5,6,6,5.8,5,5,5,6,5,5.2,15,14,17,16,16,17,18,16.14285714,1,3,1,2,2,1.8,3,2,2,3,6,3,3,3.142857143,5,3,4,2,3,2,5,4,2,4,2,2,4,2,4,2,5,3,3.222222222,6,6,6,6,6,6,3,4,2,4,2,4,2,2,4,2,2,2.142857143,3,2,4,2,4,2,2.25,2,2,2,2,2,2,2,2,2,3,3,2.285714286,4,2,1,2,3,4,6,1,2.875,59,1,1,5,2.333333333,228,0,62,121,102.75,1,1,3,5,6,7,6,6,7,6.166666667,5,6,6,4,2,6,2,6,6,1,5,3,5,5,6,5,6,4,5.166666667,2,6,5,6,3,5,3,5,5,5,5,6,5,7,5,6,5,6,6,6,5.777777778,4,4,4,4,1,4,1,1,1,2,1,1,1,1,1.4,1,1,1,1,1,Emily Matheson,22,2,5,1,4,9,Health Psychology,1,2,2,4,2,9.1,1,4,
4/25/2026 11:57,4/25/2026 12:26,205.185.107.66,1693,1,4/25/2026 12:26,2,5,2,4,3,3,3,3,1,4,2,4,2,5,3,2,4,4,3,5,3.2,3,5,5,5,4.5,5,5,6,5,5,5.2,4,5,4,4,3,4,17,16,15,15,17,17,17,16.28571429,2,2,2,1,3,2,2,4,2,5,6,5,3,3.857142857,4,2,4,3,3,3,3,3,2,4,2,2,3,3,4,2,4,3,3,5,5,6,5,4,5,3,3,3,3,3,4,2,3,3,3,3,2.857142857,3,3,3,3,4,2,2.75,2,2,3,2.333333333,2,2,2,2,1,2,3,2,6,3,4,1,3,1,8,1,3.375,45,4,5,1,3.333333333,59,118,59,0,59,2,,,,,,,,,#DIV/0!,,,,,,,,,,,#DIV/0!,,,,,,,,#DIV/0!,,,,,,,,,,,#DIV/0!,,,,,,,,,,#DIV/0!,,,,#DIV/0!,,,,,,,,,,,#DIV/0!,,,,,#DIV/0!,I'd rather not say,26,2,5,4,4,12,"Psychology, general psychology",1,2,2,3,4,7.5,1,4,
4/25/2026 12:40,4/25/2026 13:01,205.185.107.50,1302,1,4/25/2026 13:01,5,5,3,4,4,2,5,4,1,3,2,4,2,5,2,5,5,5,2,4,3.6,5,6,5,6,5.5,5,6,6,6,5,5.6,2,3,2,3,6,3.2,15,17,15,16,,15,14,15.33333333,2,1,3,1,1,1.6,3,6,2,7,6,6,3,4.714285714,4,2,4,4,4,2,3,4,3,4,2,4,4,4,4,2,3,4,3.388888889,5,3,5,3,5,4.2,3,3,3,4,2,3,3,2,4,2,2,2.428571429,5,3,4,2,4,2,3,4,2,4,3.333333333,2,1,2,2,1,1,2,1.571428571,6,3,1,2,5,1,8,1,3.375,80,8,6,4,6,421,10,218,60,177.25,2,,,,,,,,,#DIV/0!,,,,,,,,,,,#DIV/0!,,,,,,,,#DIV/0!,,,,,,,,,,,#DIV/0!,,,,,,,,,,#DIV/0!,,,,#DIV/0!,,,,,,,,,,,#DIV/0!,,,,,#DIV/0!,Weston Bair,19,1,5,4,3,12,Psychology (Health Emphasis),1,2,2,4,2,9,1,4,
4/25/2026 12:19,4/25/2026 13:24,205.185.110.75,3926,1,4/25/2026 13:24,4,4,2,3,2,3,4,2,2,1,6,2,3,2,3,3,5,3,1,4,2.95,2,6,3,7,4.5,3,6,6,5,5,5,5,3,5,6,3,4.4,18,17,13,13,17,15,14,15.28571429,2,2,3,1,1,1.8,7,2,1,6,7,5,2,4.285714286,2,1,4,3,3,1,4,4,2,5,1,2,4,1,4,1,5,3,2.777777778,5,6,6,5,7,5.8,3,2,4,4,2,4,2,1,3,3,3,2.571428571,2,3,4,2,4,2,2.25,4,2,2,2.666666667,1,1,1,1,1,1,2,1.142857143,4,3,3,2,3,1,8,1,3.125,119,4,3,3,3.333333333,91,0,183,43,79.25,1,1,1,7,7,6,6,5,6,6.166666667,5,6,5,6,1,7,2,6,6,2,5.375,2,6,6,6,6,5,6,5.833333333,6,2,2,5,1,7,6,5,3,2,4,7,6,6,5,5,6,6,6,7,6,5,5,5,5,1,2,1,1,1,1,1,1,1,1,1.1,1,1,1,1,1,Dylan Balzer,26,1,5,4,4,15,Psychology with an Behavioral Interventions emphasis,1,2,2,3,6,11,1,4,
4/25/2026 15:48,4/25/2026 16:34,192.225.189.130,2732,1,4/25/2026 16:34,2,4,2,4,3,2,3,3,1,5,3,5,3,5,4,5,6,5,2,5,3.6,4,6,6,6,5.5,5,6,6,6,6,5.8,5,2,2,4,5,3.6,18,16,15,15,18,18,17,16.71428571,3,2,3,1,1,2,2,6,2,6,6,6,5,4.714285714,3,4,4,4,2,4,3,3,2,5,2,4,3,4,4,2,3,4,3.333333333,2,3,4,5,2,3.2,3,4,2,4,2,4,2,3,4,2,3,2.428571429,3,3,3,3,4,2,2.75,4,4,4,4,1,2,1,2,2,2,3,1.857142857,4,4,3,4,3,1,7,3,3.625,198,5,5,1,3.666666667,299,0,395,172,216.5,1,1,4,4,5,6,2,3,3,3.833333333,6,6,6,5,1,7,1,7,7,2,5.75,1,7,6,6,6,6,7,6.333333333,2,6,6,6,1,7,5,4,5,5,5.5,5,3,6,4,3,3,5,6,6,4.555555556,5,5,5,5,1,2,1,1,1,1,1,1,1,1,1.1,2,1,1,1,1.25,McKean Windous,23,1,7,4,3,13,BioMedical Science,1,2,2,4,9,15,1,4,
4/25/2026 20:32,4/25/2026 22:14,74.244.110.21,6129,1,4/25/2026 22:14,3,4,2,5,5,4,4,2,1,5,2,4,2,4,2,2,4,5,5,4,3.45,5,5,6,6,5.5,6,6,5,5,5,5.4,4,5,4,3,3,3.8,14,14,17,13,16,,,14.8,1,3,3,3,2,2.4,3,3,2,5,6,4,2,3.571428571,4,3,4,4,2,2,3,4,2,4,1,1,3,1,4,2,2,4,2.777777778,3,3,2,2,3,2.6,4,3,3,3,3,3,3,3,2,4,3,3.285714286,5,5,4,2,4,2,3.5,4,2,2,2.666666667,2,3,1,2,1,1,4,2,6,3,5,4,,1,8,2,4.142857143,45,4,1,5,3.333333333,190,0,257,160,151.75,1,1,4,4,5,4,3,2,5,3.833333333,1,4,2,4,2,6,3,5,4,3,3.625,5,3,1,1,1,1,2,1.5,7,1,1,1,6,2,6,6,5,3,3.125,4,2,7,2,6,3,6,4,4,4.222222222,3,3,4,3.333333333,1,3,1,4,1,1,1,1,1,1,1.5,3,3,2,2,2.5,Hannah Marshall,22,2,5,4,4,14,Health Psychology with a minor in nutrition ,1,2,2,3,2,11,1,4,
4/27/2026 13:40,4/27/2026 14:17,216.21.211.253,2201,1,4/27/2026 14:17,2,2,2,5,6,3,5,2,1,6,3,4,2,5,2,1,2,5,2,5,3.25,2,4,4,2,3,6,3,4,3,4,4,1,5,1,3,2,2.4,17,14,14,14,17,17,15,15.42857143,3,3,2,3,3,2.8,1,5,5,7,7,7,4,5.142857143,4,3,4,3,3,3,4,4,5,3,3,3,3,4,4,3,4,5,3.611111111,5,5,5,4,2,4.2,5,3,3,2,4,3,3,5,3,3,5,4,5,5,3,3,3,3,4,3,3,4,3.333333333,4,2,3,3,1,1,1,2.142857143,8,8,6,4,8,4,8,3,6.125,116,5,1,1,2.333333333,144,0,466,0,152.5,2,,,,,,,,,#DIV/0!,,,,,,,,,,,#DIV/0!,,,,,,,,#DIV/0!,,,,,,,,,,,#DIV/0!,,,,,,,,,,#DIV/0!,,,,#DIV/0!,,,,,,,,,,,#DIV/0!,,,,,#DIV/0!,Julie Hanford,22,2,6,4,4,11,Psychology,1,2,1,3,7,22,1,4,
4/28/2026 15:32,4/28/2026 15:52,38.43.11.54,1223,1,4/28/2026 15:52,4,2,4,5,4,4,4,5,1,5,4,2,3,3,2,6,6,6,3,4,3.85,5,6,6,6,5.75,4,5,5,6,4,4.8,6,3,5,6,7,5.4,16,17,15,14,17,18,13,15.71428571,1,1,1,1,2,1.2,1,2,2,4,5,3,2,2.714285714,4,2,4,3,5,2,3,4,2,5,1,2,4,2,5,2,3,1,3,5,5,6,5,4,5,3,3,3,3,3,3,3,2,3,3,3,2.857142857,2,2,4,2,5,1,1.75,4,1,2,2.333333333,2,2,3,3,2,3,3,2.571428571,4,3,2,1,4,4,7,1,3.25,202,3,1,4,2.666666667,423,397,554,453,456.75,2,,,,,,,,,#DIV/0!,,,,,,,,,,,#DIV/0!,,,,,,,,#DIV/0!,,,,,,,,,,,#DIV/0!,,,,,,,,,,#DIV/0!,,,,#DIV/0!,,,,,,,,,,,#DIV/0!,,,,,#DIV/0!,Josh Franckum,24,1,5,3,3,15,Health Psych,1,2,2,5,7,19.8,1,4,
4/22/2026 9:57,4/22/2026 9:59,157.201.96.100,103,0,4/28/2026 16:20,,,,,,,,,,,,,,,,,,,,,#DIV/0!,,,,,#DIV/0!,,,,,,#DIV/0!,,,,,,#DIV/0!,,,,,,,,#DIV/0!,,,,,,#DIV/0!,,,,,,,,,,,,,,,,,,,,,,,,,,,#DIV/0!,,,,,,#DIV/0!,,,,,,,,,,,,#DIV/0!,,,,,,,#DIV/0!,,,,#DIV/0!,,,,,,,,#DIV/0!,,,,,,,,,#DIV/0!,,,,,#DIV/0!,,,,,#DIV/0!,,,,,,,,,,#DIV/0!,,,,,,,,,,,#DIV/0!,,,,,,,,#DIV/0!,,,,,,,,,,,#DIV/0!,,,,,,,,,,#DIV/0!,,,,#DIV/0!,,,,,,,,,,,#DIV/0!,,,,,#DIV/0!,,,,,,,,,,,,,,,,,
4/23/2026 21:56,4/23/2026 21:56,205.185.98.103,8,0,4/28/2026 16:20,,,,,,,,,,,,,,,,,,,,,#DIV/0!,,,,,#DIV/0!,,,,,,#DIV/0!,,,,,,#DIV/0!,,,,,,,,#DIV/0!,,,,,,#DIV/0!,,,,,,,,,,,,,,,,,,,,,,,,,,,#DIV/0!,,,,,,#DIV/0!,,,,,,,,,,,,#DIV/0!,,,,,,,#DIV/0!,,,,#DIV/0!,,,,,,,,#DIV/0!,,,,,,,,,#DIV/0!,,,,,#DIV/0!,,,,,#DIV/0!,,,,,,,,,,#DIV/0!,,,,,,,,,,,#DIV/0!,,,,,,,,#DIV/0!,,,,,,,,,,,#DIV/0!,,,,,,,,,,#DIV/0!,,,,#DIV/0!,,,,,,,,,,,#DIV/0!,,,,,#DIV/0!,,,,,,,,,,,,,,,,,
