StartDate,EndDate,IPAddress,Duration (in seconds),Finished,"Trust, Human Nature1_1","Trust, Human Nature1_2","Trust, Human Nature1_3","Trust, Human Nature1_4","Trust, Human Nature1_5","Trust, Human Nature1_6","Trust, Human Nature1_7","Trust, Human Nature1_8","Trust, Human Nature1_9","Trust, Human Nature1_10","Trust, Human Natur2 _1","Trust, Human Natur2 _2","Trust, Human Natur2 _3","Trust, Human Natur2 _4","Trust, Human Natur2 _5","Trust, Human Natur2 _6","Trust, Human Natur2 _7","Trust, Human Natur2 _8","Trust, Human Natur2 _9","Trust, Human Natur2 _10",Post_Human Nature,Locus of Control _1,Locus of Control _2,Locus of Control _3,Locus of Control _4,Locus of Control _5,Post_L of C,Self-Efficacy_1,Self-Efficacy_2,Self-Efficacy_3,Self-Efficacy_4,Self-Efficacy_5,Post_Efficacy,Challenge Appraisal _1,Challenge Appraisal _2,Challenge Appraisal _3,Challenge Appraisal _4,Challenge Appraisal _5,Post_Challenge,Perceived Barriers _1,Perceived Barriers _2,Perceived Barriers _3,Perceived Barriers _4,Perceived Barriers _5,Perceived Barriers _6,Perceived Barriers _7,Post_Barriers,CESD_1,CESD_2,CESD_3,CESD_4,CESD_5,Post_CESD,HappinessValuation_1,HappinessValuation_2,HappinessValuation_3,HappinessValuation_4,HappinessValuation_5,HappinessValuation_6,HappinessValuation_7,Post_Happiness,Differential Emotion_1,Differential Emotion_2,Differential Emotion_3,Differential Emotion_4,Differential Emotion_5,Differential Emotion_6,Differential Emotion_7,Differential Emotion_8,Differential Emotion_9,Differential Emotion_10,Differential Emotion_11,Differential Emotion_12,Differential Emotion_13,Differential Emotion_14,Differential Emotion_15,Differential Emotion_16,Differential Emotion_17,Differential Emotion_18,Post_Differential,SWLS_1,SWLS_2,SWLS_3,SWLS_4,SWLS_5,Post_SWLS,Perc Stress_1,Perc Stress_2,REV_Perc Stress_2,Perc Stress_3,REV_Perc Stress_3,Perc Stress_4,REV_Perc Stress_4,Perc Stress_5,Perc Stress_6,REV_Perc Stress_6,Perc Stress_7,Post_Stress,Anxiety_1,Anxiety_2,Anxiety_3,REV_Anxiety_3,Anxiety_4,REV_Anxiety_4,Post_Anxiety,Loneliness_1,Loneliness_2,Loneliness_3,Post_Loneliness,WICS_1,WICS_2,WICS_3,WICS_4,WICS_5,WICS_6,WICS_7,Post_WICS,Social Integration_1,Social Integration_2,Social Integration_3,Social Integration_4,Social Integration_5,Social Integration_6,Social Integration_7,Social Integration_8,Post_Social Integration,Social Media Cont_1,Tech Use_1,Tech Use_2,Tech Use_3,Post_Tech,Screen Time_1,Screen Time_2,Screen Time_3,Screen Time_4,Post_Screen,Employment ,Job Type ,Job Satisfaction _1,REV_Job Satisfaction _1,Job Satisfaction _2,Job Satisfaction _3,Job Satisfaction _4,Job Satisfaction _5,Job Satisfaction _6,Post_Job Satisfaction,Job Commitment Aff _1,Job Commitment Aff _2,Job Commitment Aff _3,Job Commitment Aff _4,Job Commitment Aff _5,REV_Job Commitment Aff _5,Job Commitment Aff _6,REV_Job Commitment Aff _6,Job Commitment Aff _7,Job Commitment Aff _8,REV_Job Commitment Aff _8,Post_Affective,Job Commitment Norm _1,REV_Job Commitment Norm _1,Job Commitment Norm _2,Job Commitment Norm _3,Job Commitment Norm _4,Job Commitment Norm _5,Job Commitment Norm _6,Post_Normative,Job Commitment Cont _1,REV_Job Commitment Cont _1,Job Commitment Cont _2,Job Commitment Cont _3,Job Commitment Cont _4,REV_Job Commitment Cont _4,Job Commitment Cont _5,Job Commitment Cont _6,Job Commitment Cont _7,Job Commitment Cont _8,Post_Continuance,Work Engagement _1,Work Engagement _2,Work Engagement _3,Work Engagement _4,Work Engagement _5,Work Engagement _6,Work Engagement _7,Work Engagement _8,Work Engagement _9,Post_Engagement,Safety Compliance _1,Safety Compliance _2,Safety Compliance _3,Post_Safety,Counterproductive B _1,Counterproductive B _2,Counterproductive B _3,Counterproductive B _4,Counterproductive B _5,Counterproductive B _6,Counterproductive B _7,Counterproductive B _8,Counterproductive B _9,Counterproductive B _10,Post_CWB,Job Search Beh _1,Job Search Beh _2,Job Search Beh _3,Job Search Beh _4,Post_Job Search,Q93,Q95,Q14,Q26,Which class?,Q117,Q119,Q_BallotBoxStuffing
Start Date,End Date,IP Address,Duration (in seconds),Finished,"Please indicate your level of agreement or disagreement with the following statements. - If most people could get into a movie without paying and be sure that they would not be seen, they would do it.",Please indicate your level of agreement or disagreement with the following statements. - Most people have the courage of their convictions.,Please indicate your level of agreement or disagreement with the following statements. - The average person is conceited.,"Please indicate your level of agreement or disagreement with the following statements. - Most people try to apply the Golden Rule, even in today's complex society.",Please indicate your level of agreement or disagreement with the following statements. - Most people would stop and help a person whose car was disabled.,"Please indicate your level of agreement or disagreement with the following statements. - The typical student will cheat on a test when everybody else does, even though he has a set of ethical standards.",Please indicate your level of agreement or disagreement with the following statements. - Most people do not hesitate to go out of their way to help someone in trouble.,Please indicate your level of agreement or disagreement with the following statements. - Most people would tell a lie if they could gain by it.,"Please indicate your level of agreement or disagreement with the following statements. - It's pathetic to see an unselfish person in today's world, because so many people take advantage of them.","Please indicate your level of agreement or disagreement with the following statements. - ""Do unto others as you would have them do unto you"" is a motto that most people follow.","Please indicate your level of agreement or disagreement with the following statements. - People claim that they have ethical standards regarding honesty and morality, but few people stick to them when the chips are down.",Please indicate your level of agreement or disagreement with the following statements. - Most people will speak out for what they believe in.,Please indicate your level of agreement or disagreement with the following statements. - People pretend to care more about one another than they really do.,"Please indicate your level of agreement or disagreement with the following statements. - People usually tell the truth, even when they know they would be better off by lying.",Please indicate your level of agreement or disagreement with the following statements. - Most people inwardly dislike putting themselves out to help other people.,Please indicate your level of agreement or disagreement with the following statements. - Most people would cheat on their income tax if they had the chance.,"Please indicate your level of agreement or disagreement with the following statements. - The average person will stick to his opinion if he thinks he's right, even if others disagree.","Please indicate your level of agreement or disagreement with the following statements. - Most people will act as ""Good Samaritans"" if given the opportunity.",Please indicate your level of agreement or disagreement with the following statements. - Most people are not really honest for a desirable reason; they're afraid of getting caught.,Please indicate your level of agreement or disagreement with the following statements. - The typical person is sincerely concerned about the problems of others.,,Please indicate how much you agree or disagree with the following statements - My successes are because of my effort and ability.,Please indicate how much you agree or disagree with the following statements - I feel confident that I can handle just about any challenge.,"Please indicate how much you agree or disagree with the following statements - I believe that if I try hard, I will usually succeed.","Please indicate how much you agree or disagree with the following statements - I could learn to do just about anything, if I set my mind to it.","Please indicate how much you agree or disagree with the following statements - When I make plans, I am certain that I can make them work.",,Please indicate how much you agree or disagree with the following statements - I am confident I get the success I deserve in life.,"Please indicate how much you agree or disagree with the following statements - When I try, I generally succeed.",Please indicate how much you agree or disagree with the following statements - I complete tasks successfully.,Please indicate how much you agree or disagree with the following statements - I believe I can succeed at most any endeavor to which I set my mind.,Please indicate how much you agree or disagree with the following statements - I will be able to successfully overcome many challenges.,,Please indicate how much you agree or disagree with the following statements - I see stressful events as opportunities to grow personally.,Please indicate how much you agree or disagree with the following statements - I usually wake up eager to start my day.,Please indicate how much you agree or disagree with the following statements - I enjoy finding new challenges to overcome.,Please indicate how much you agree or disagree with the following statements - I take a head-on approach to facing problems in my life.,Please indicate how much you agree or disagree with the following statements - I enjoy learning from my mistakes.,,"Please rate how much you agree with the following statements about eating healthy as a college student. - It is too expensive to eat healthy (e.g., fruits, vegetables)",Please rate how much you agree with the following statements about eating healthy as a college student. - It takes too much time to prepare healthy food,Please rate how much you agree with the following statements about eating healthy as a college student. - There are not enough options for healthy eating here,Please rate how much you agree with the following statements about eating healthy as a college student. - I am uncomfortable with healthy eating because it is something I am not familiar with,"Please rate how much you agree with the following statements about eating healthy as a college student. - It is confusing to know what is considered ""healthy eating"" anymore","Please rate how much you agree with the following statements about eating healthy as a college student. - I prefer tasty, quick options such as fast food","Please rate how much you agree with the following statements about eating healthy as a college student. - I do not see positive results when I eat healthy (e.g., I am not full, I do not lose weight)",,Below is a list of ways you may have felt or behaved. Please indicate how you have felt during the last 7 DAYS. - I felt depressed,Below is a list of ways you may have felt or behaved. Please indicate how you have felt during the last 7 DAYS. - My sleep was restless,Below is a list of ways you may have felt or behaved. Please indicate how you have felt during the last 7 DAYS. - I felt lonely,Below is a list of ways you may have felt or behaved. Please indicate how you have felt during the last 7 DAYS. - I had crying spells,Below is a list of ways you may have felt or behaved. Please indicate how you have felt during the last 7 DAYS. - I could not 'get going',,"For the following, please answer how much you agree/disagree - How happy I am at any given moment says a lot about how worthwhile my life is.","For the following, please answer how much you agree/disagree - If I don’t feel happy, maybe there is something wrong with me.","For the following, please answer how much you agree/disagree - I value things in life only to the extent that they influence my personal happiness.","For the following, please answer how much you agree/disagree - I would like to be happier than I generally am.","For the following, please answer how much you agree/disagree - Feeling happy is extremely important to me.","For the following, please answer how much you agree/disagree - I am concerned about my happiness even when I feel happy.","For the following, please answer how much you agree/disagree - To have a meaningful life, I need to feel happy most of the time.",,How much do each of the following words describe your emotional experience over the past month? Please select the most accurate rating. - Alert,How much do each of the following words describe your emotional experience over the past month? Please select the most accurate rating. - Angry,How much do each of the following words describe your emotional experience over the past month? Please select the most accurate rating. - Amused,How much do each of the following words describe your emotional experience over the past month? Please select the most accurate rating. - Sad,How much do each of the following words describe your emotional experience over the past month? Please select the most accurate rating. - Awe,How much do each of the following words describe your emotional experience over the past month? Please select the most accurate rating. - Embarrassed,How much do each of the following words describe your emotional experience over the past month? Please select the most accurate rating. - Content,How much do each of the following words describe your emotional experience over the past month? Please select the most accurate rating. - Joyful,How much do each of the following words describe your emotional experience over the past month? Please select the most accurate rating. - Afraid,How much do each of the following words describe your emotional experience over the past month? Please select the most accurate rating. - Grateful,How much do each of the following words describe your emotional experience over the past month? Please select the most accurate rating. - Disgusted,How much do each of the following words describe your emotional experience over the past month? Please select the most accurate rating. - Guilty,How much do each of the following words describe your emotional experience over the past month? Please select the most accurate rating. - Hopeful,How much do each of the following words describe your emotional experience over the past month? Please select the most accurate rating. - Ashamed,How much do each of the following words describe your emotional experience over the past month? Please select the most accurate rating. - Loving,How much do each of the following words describe your emotional experience over the past month? Please select the most accurate rating. - Scornful/Contemptuous,How much do each of the following words describe your emotional experience over the past month? Please select the most accurate rating. - Satisfied/Pleased,How much do each of the following words describe your emotional experience over the past month? Please select the most accurate rating. - Anxious,,"Please read each of the following statements and choose how much you agree or disagree - In most ways, my life is close to my ideal",Please read each of the following statements and choose how much you agree or disagree - I am satisfied with my life.,Please read each of the following statements and choose how much you agree or disagree - The conditions of my life are excellent.,"Please read each of the following statements and choose how much you agree or disagree - So far, I have gotten the important things I want in my  life.","Please read each of the following statements and choose how much you agree or disagree - If I could live my life over, I would change almost nothing.",,"For the next questions, please indicate how often you felt or thought a certain way about your life in general during the past month.
In the past month, how often have you: - Felt that you were unable to control the important things in your life?","For the next questions, please indicate how often you felt or thought a certain way about your life in general during the past month.
In the past month, how often have you: - Felt that you were effectively coping with important changes that were occurring in your life?",REV,"For the next questions, please indicate how often you felt or thought a certain way about your life in general during the past month.
In the past month, how often have you: - Felt confident about your ability to handle your personal problems?",REV,"For the next questions, please indicate how often you felt or thought a certain way about your life in general during the past month.
In the past month, how often have you: - Felt that things were going your way?",REV,"For the next questions, please indicate how often you felt or thought a certain way about your life in general during the past month.
In the past month, how often have you: - Found that you could not cope with all the things that you had to do?","For the next questions, please indicate how often you felt or thought a certain way about your life in general during the past month.
In the past month, how often have you: - Felt that you were on top of things?",REV,"For the next questions, please indicate how often you felt or thought a certain way about your life in general during the past month.
In the past month, how often have you: - Felt difficulties were piling up so high that you could not overcome them?",,"For the next questions, please indicate how often you felt or experienced the following in your life in general during the past month.
In the past month, how often have you felt: - anxious","For the next questions, please indicate how often you felt or experienced the following in your life in general during the past month.
In the past month, how often have you felt: - worried","For the next questions, please indicate how often you felt or experienced the following in your life in general during the past month.
In the past month, how often have you felt: - at ease",REV,"For the next questions, please indicate how often you felt or experienced the following in your life in general during the past month.
In the past month, how often have you felt: - comfortable",REV,,These next questions are about how you have felt about different aspects of your life during the past month. - How often do you feel that you lack companionship?,These next questions are about how you have felt about different aspects of your life during the past month. - How often do you feel left out?,These next questions are about how you have felt about different aspects of your life during the past month. - How often do you feel isolated from others?,,"For the next set of questions, please show how often each happen by clicking on one response next to each question. In the past month, how often have you: - Felt like you were treated unfairly by other people?","For the next set of questions, please show how often each happen by clicking on one response next to each question. In the past month, how often have you: - Had a disagreement with other people over the work you do?","For the next set of questions, please show how often each happen by clicking on one response next to each question. In the past month, how often have you: - Been shown a lack of respect or felt underappreciated by other people?","For the next set of questions, please show how often each happen by clicking on one response next to each question. In the past month, how often have you: - Been treated with hostility or rude behavior by other people?","For the next set of questions, please show how often each happen by clicking on one response next to each question. In the past month, how often have you: - Had other people yell at you?","For the next set of questions, please show how often each happen by clicking on one response next to each question. In the past month, how often have you: - Been blamed or criticized for something that was not your fault by other people?","For the next set of questions, please show how often each happen by clicking on one response next to each question. In the past month, how often have you: - Been given unclear directions by other people?",,"Using the statements below, during the past month, how often do you - Get together with friends informally (e.g., ""hang-out"")","Using the statements below, during the past month, how often do you - Go to parties or other social activities (e.g., church gatherings)","Using the statements below, during the past month, how often do you - Ride around in a car (or motorbike) with friends just for fun","Using the statements below, during the past month, how often do you - Go shopping in a mall or store","Using the statements below, during the past month, how often do you - Go out for fun and recreation with your friends","Using the statements below, during the past month, how often do you - Go out on dates","Using the statements below, during the past month, how often do you - Attend a face-to-face class on campus","Using the statements below, during the past month, how often do you - Exercising with friends (e.g., gym, sports)",,"On average, during the past month, about how much time (in minutes) EACH day do you spend combined on all social media sites/apps? - Time each day on all social media sites","On a typical day during the past month, how much time did you spend (from when you woke up until you went to bed) doing the following? - Watching videos/TV on the computer (e.g., YouTube, Facebook, Netflix)","On a typical day during the past month, how much time did you spend (from when you woke up until you went to bed) doing the following? - Playing computer or video games (e.g., Xbox)","On a typical day during the past month, how much time did you spend (from when you woke up until you went to bed) doing the following? - Watching television (including TV shows, movies on DVD)",,"On a typical day in the past month, how much time (in minutes) would you estimate that you spend looking at a screen? Respond with your estimates using the sliding scale below - Smartphone (or other type of phone with a screen)","On a typical day in the past month, how much time (in minutes) would you estimate that you spend looking at a screen? Respond with your estimates using the sliding scale below - Tablet or other small device with a screen","On a typical day in the past month, how much time (in minutes) would you estimate that you spend looking at a screen? Respond with your estimates using the sliding scale below - Computer (e.g., laptop, desktop)","On a typical day in the past month, how much time (in minutes) would you estimate that you spend looking at a screen? Respond with your estimates using the sliding scale below - Television",,Are you currently employed?,What type of employment do you currently have?,"During the past 30 days, please indicate your level of agreement with the following statements relative to your current job - I am often bored with my job",REV,"During the past 30 days, please indicate your level of agreement with the following statements relative to your current job - I feel fairly well satisfied with my present job","During the past 30 days, please indicate your level of agreement with the following statements relative to your current job - I am satisfied with my job for the time being","During the past 30 days, please indicate your level of agreement with the following statements relative to your current job - Most days I am enthusiastic about my work","During the past 30 days, please indicate your level of agreement with the following statements relative to your current job - I like my job better than the average worker does","During the past 30 days, please indicate your level of agreement with the following statements relative to your current job - I find real enjoyment in my work",,Please indicate your level of agreement or disagreement with the following statements about your current job - I would be very happy to spend the rest of my career with this organization,Please indicate your level of agreement or disagreement with the following statements about your current job - I enjoy discussing my organization with people outside of it,Please indicate your level of agreement or disagreement with the following statements about your current job - I really feel as if this organization's problems are my own,Please indicate your level of agreement or disagreement with the following statements about your current job - I think that I could easily become attached to another organization as I am to this one.,"Please indicate your level of agreement or disagreement with the following statements about your current job - I do not feel like ""part of the family"" at my organization",REV,"Please indicate your level of agreement or disagreement with the following statements about your current job - I do not feel ""emotionally attached"" to this organization",REV,Please indicate your level of agreement or disagreement with the following statements about your current job - This organization has a great deal of personal meaning for me,Please indicate your level of agreement or disagreement with the following statements about your current job - I do not feel a strong sense of belonging to my organization,REV,,Please indicate your level of agreement or disagreement with the following statements about your current job - I do not feel any obligation to remain with my current employer,REV,"Please indicate your level of agreement or disagreement with the following statements about your current job - Even if it were to my advantage, I do not feel it would be right to leave my organization now",Please indicate your level of agreement or disagreement with the following statements about your current job - I would feel guilty if I left my organization now,Please indicate your level of agreement or disagreement with the following statements about your current job - This organization deserves my loyalty,Please indicate your level of agreement or disagreement with the following statements about your current job - I would not leave my organization right now because I have a sense of obligation to the people in it,Please indicate your level of agreement or disagreement with the following statements about your current job - I owe a great deal to this organization,,Please indicate your level of agreement or disagreement with the following statements about your current job - I am not afraid of what might happen if I quit my job without having another one lined up,REV,"Please indicate your level of agreement or disagreement with the following statements about your current job - It would be very hard for me to leave my organization right now, even if I wanted to",Please indicate your level of agreement or disagreement with the following statements about your current job - Too much in my life would be disrupted if I decided I wanted to leave my organization now,Please indicate your level of agreement or disagreement with the following statements about your current job - It wouldn't be too costly for me to leave my organization right now,REV,"Please indicate your level of agreement or disagreement with the following statements about your current job - Right now, staying with my organization is a matter of necessity as much as desire",Please indicate your level of agreement or disagreement with the following statements about your current job - I feel that I have too few options to consider leaving this organization,Please indicate your level of agreement or disagreement with the following statements about your current job - One of the few serious consequences of leaving this organization would be the scarcity of available alternatives,Please indicate your level of agreement or disagreement with the following statements about your current job - One of the major reasons I continue to work for this organization is that leaving would require considerable personal sacrifice - another organization may not match the overall benefits I have here,,During the past 30 days at my job: - I was enthusiastic about my job,During the past 30 days at my job: - My job inspired me,During the past 30 days at my job: - I was proud of the work that I did in my job,"During the past 30 days at my job: - At my work, I felt bursting with energy","During the past 30 days at my job: - At my job, I felt strong and vigorous","During the past 30 days at my job: - When I got up in the morning, I felt like going to work",During the past 30 days at my job: - I felt happy when I was working intensely,During the past 30 days at my job: - I was immersed in my work,During the past 30 days at my job: - I was absorbed in my work,,"Based on the past 30 days at work, please read each statement and indicate the extent to which you agree by selecting the appropriate bubble below. - I use all the necessary safety equipment to do my job.","Based on the past 30 days at work, please read each statement and indicate the extent to which you agree by selecting the appropriate bubble below. - I use the correct safety procedures for carrying out my job.","Based on the past 30 days at work, please read each statement and indicate the extent to which you agree by selecting the appropriate bubble below. - I ensure the highest level of safety when I carry out my job.",,"During the past 30 days, how often have you done each of the following things on your present job? - Purposely wasted your employer’s materials/supplies","During the past 30 days, how often have you done each of the following things on your present job? - Complained about insignificant things at work","During the past 30 days, how often have you done each of the following things on your present job? - Told people outside the job what a lousy place you work for","During the past 30 days, how often have you done each of the following things on your present job? - Came to work late without permission","During the past 30 days, how often have you done each of the following things on your present job? - Stayed home from work and said you were sick when you weren’t","During the past 30 days, how often have you done each of the following things on your present job? - Insulted someone about their job performance","During the past 30 days, how often have you done each of the following things on your present job? - Made fun of someone’s personal life","During the past 30 days, how often have you done each of the following things on your present job? - Ignored someone at work","During the past 30 days, how often have you done each of the following things on your present job? - Started an argument with someone at work","During the past 30 days, how often have you done each of the following things on your present job? - Insulted or made fun of someone at work",,Please indicate how often you have done each of the following in the past 30 days. - Thought about applying for a new job.,Please indicate how often you have done each of the following in the past 30 days. - Looked for a new job in the newspaper or online,Please indicate how often you have done each of the following in the past 30 days. - Talked to a prospective employer about a new job.,Please indicate how often you have done each of the following in the past 30 days. - Applied for a new job.,,I enjoyed the material and activities presented in this class during the past 14 weeks of this current semester.,I found the material and activities presented in this class during the past 14 weeks of this current semester useful to me.,"What is your full name (first and last, please)? (Remember that no one 
outside Brother Wright and Brother Marrott's research team will be able to link your personal 
information to your identity).",What is your relationship status? (select only one),For which class are you completing this survey? (this is the class you are currently taking this semester),Did you answer each question in this survey honestly and to the best of your knowledge?,"Thank you so much for taking the time to complete this survey and assist in our class research study! Your responses are important to us and the success of this class. May we use your information you provide on these surveys for future publication purposes? Remember, your identity will NOT be linked to your responses and ALL data will be reported in aggregate to protect your personal information and ensure that no one can match your information to your identity.",Q_BallotBoxStuffing
"{""ImportId"":""startDate"",""timeZone"":""America/Phoenix""}","{""ImportId"":""endDate"",""timeZone"":""America/Phoenix""}","{""ImportId"":""ipAddress""}","{""ImportId"":""duration""}","{""ImportId"":""finished""}","{""ImportId"":""QID231_1""}","{""ImportId"":""QID231_2""}","{""ImportId"":""QID231_3""}","{""ImportId"":""QID231_4""}","{""ImportId"":""QID231_5""}","{""ImportId"":""QID231_6""}","{""ImportId"":""QID231_7""}","{""ImportId"":""QID231_8""}","{""ImportId"":""QID231_9""}","{""ImportId"":""QID231_10""}","{""ImportId"":""QID232_1""}","{""ImportId"":""QID232_2""}","{""ImportId"":""QID232_3""}","{""ImportId"":""QID232_4""}","{""ImportId"":""QID232_5""}","{""ImportId"":""QID232_6""}","{""ImportId"":""QID232_7""}","{""ImportId"":""QID232_8""}","{""ImportId"":""QID232_9""}","{""ImportId"":""QID232_10""}",,"{""ImportId"":""QID236_1""}","{""ImportId"":""QID236_2""}","{""ImportId"":""QID236_3""}","{""ImportId"":""QID236_4""}","{""ImportId"":""QID236_5""}",,"{""ImportId"":""QID234_1""}","{""ImportId"":""QID234_2""}","{""ImportId"":""QID234_3""}","{""ImportId"":""QID234_4""}","{""ImportId"":""QID234_5""}",,"{""ImportId"":""QID235_1""}","{""ImportId"":""QID235_2""}","{""ImportId"":""QID235_3""}","{""ImportId"":""QID235_4""}","{""ImportId"":""QID235_5""}",,"{""ImportId"":""QID194_1""}","{""ImportId"":""QID194_2""}","{""ImportId"":""QID194_3""}","{""ImportId"":""QID194_4""}","{""ImportId"":""QID194_5""}","{""ImportId"":""QID194_6""}","{""ImportId"":""QID194_7""}",,"{""ImportId"":""QID1211630755_1""}","{""ImportId"":""QID1211630755_2""}","{""ImportId"":""QID1211630755_3""}","{""ImportId"":""QID1211630755_4""}","{""ImportId"":""QID1211630755_5""}",,"{""ImportId"":""QID178_1""}","{""ImportId"":""QID178_8""}","{""ImportId"":""QID178_3""}","{""ImportId"":""QID178_4""}","{""ImportId"":""QID178_9""}","{""ImportId"":""QID178_5""}","{""ImportId"":""QID178_6""}",,"{""ImportId"":""QID179_1""}","{""ImportId"":""QID179_9""}","{""ImportId"":""QID179_10""}","{""ImportId"":""QID179_11""}","{""ImportId"":""QID179_12""}","{""ImportId"":""QID179_13""}","{""ImportId"":""QID179_14""}","{""ImportId"":""QID179_15""}","{""ImportId"":""QID179_16""}","{""ImportId"":""QID179_2""}","{""ImportId"":""QID179_3""}","{""ImportId"":""QID179_4""}","{""ImportId"":""QID179_5""}","{""ImportId"":""QID179_17""}","{""ImportId"":""QID179_6""}","{""ImportId"":""QID179_7""}","{""ImportId"":""QID179_8""}","{""ImportId"":""QID179_18""}",,"{""ImportId"":""QID1211630768_1""}","{""ImportId"":""QID1211630768_2""}","{""ImportId"":""QID1211630768_3""}","{""ImportId"":""QID1211630768_4""}","{""ImportId"":""QID1211630768_5""}",,"{""ImportId"":""QID1211630769_1""}","{""ImportId"":""QID1211630769_2""}",,"{""ImportId"":""QID1211630769_3""}",,"{""ImportId"":""QID1211630769_4""}",,"{""ImportId"":""QID1211630769_5""}","{""ImportId"":""QID1211630769_6""}",,"{""ImportId"":""QID1211630769_7""}",,"{""ImportId"":""QID1211630734_1""}","{""ImportId"":""QID1211630734_2""}","{""ImportId"":""QID1211630734_3""}",,"{""ImportId"":""QID1211630734_4""}",,,"{""ImportId"":""QID1211630748_1""}","{""ImportId"":""QID1211630748_2""}","{""ImportId"":""QID1211630748_3""}",,"{""ImportId"":""QID1211630749_1""}","{""ImportId"":""QID1211630749_2""}","{""ImportId"":""QID1211630749_3""}","{""ImportId"":""QID1211630749_4""}","{""ImportId"":""QID1211630749_5""}","{""ImportId"":""QID1211630749_6""}","{""ImportId"":""QID1211630749_7""}",,"{""ImportId"":""QID1211630735_13""}","{""ImportId"":""QID1211630735_7""}","{""ImportId"":""QID1211630735_2""}","{""ImportId"":""QID1211630735_3""}","{""ImportId"":""QID1211630735_4""}","{""ImportId"":""QID1211630735_5""}","{""ImportId"":""QID1211630735_12""}","{""ImportId"":""QID1211630735_20""}",,"{""ImportId"":""QID113_1""}","{""ImportId"":""QID115_2""}","{""ImportId"":""QID115_3""}","{""ImportId"":""QID115_10""}",,"{""ImportId"":""QID116_1""}","{""ImportId"":""QID116_2""}","{""ImportId"":""QID116_3""}","{""ImportId"":""QID116_4""}",,"{""ImportId"":""QID228""}","{""ImportId"":""QID227""}","{""ImportId"":""QID226_1""}",,"{""ImportId"":""QID226_2""}","{""ImportId"":""QID226_3""}","{""ImportId"":""QID226_4""}","{""ImportId"":""QID226_5""}","{""ImportId"":""QID226_6""}",,"{""ImportId"":""QID237_1""}","{""ImportId"":""QID237_2""}","{""ImportId"":""QID237_3""}","{""ImportId"":""QID237_4""}","{""ImportId"":""QID237_5""}",,"{""ImportId"":""QID237_6""}",,"{""ImportId"":""QID237_7""}","{""ImportId"":""QID237_8""}",,,"{""ImportId"":""QID229_1""}",,"{""ImportId"":""QID229_2""}","{""ImportId"":""QID229_3""}","{""ImportId"":""QID229_4""}","{""ImportId"":""QID229_5""}","{""ImportId"":""QID229_6""}",,"{""ImportId"":""QID230_1""}",,"{""ImportId"":""QID230_2""}","{""ImportId"":""QID230_3""}","{""ImportId"":""QID230_4""}",,"{""ImportId"":""QID230_5""}","{""ImportId"":""QID230_6""}","{""ImportId"":""QID230_7""}","{""ImportId"":""QID230_8""}",,"{""ImportId"":""QID224_1""}","{""ImportId"":""QID224_2""}","{""ImportId"":""QID224_3""}","{""ImportId"":""QID224_4""}","{""ImportId"":""QID224_5""}","{""ImportId"":""QID224_6""}","{""ImportId"":""QID224_7""}","{""ImportId"":""QID224_8""}","{""ImportId"":""QID224_9""}",,"{""ImportId"":""QID223_1""}","{""ImportId"":""QID223_2""}","{""ImportId"":""QID223_3""}",,"{""ImportId"":""QID220_1""}","{""ImportId"":""QID220_2""}","{""ImportId"":""QID220_3""}","{""ImportId"":""QID220_4""}","{""ImportId"":""QID220_5""}","{""ImportId"":""QID220_6""}","{""ImportId"":""QID220_7""}","{""ImportId"":""QID220_8""}","{""ImportId"":""QID220_9""}","{""ImportId"":""QID220_10""}",,"{""ImportId"":""QID222_1""}","{""ImportId"":""QID222_2""}","{""ImportId"":""QID222_3""}","{""ImportId"":""QID222_4""}",,"{""ImportId"":""QID240""}","{""ImportId"":""QID241""}","{""ImportId"":""QID1211630736_TEXT""}","{""ImportId"":""QID1211630742""}","{""ImportId"":""QID188""}","{""ImportId"":""QID1211630789""}","{""ImportId"":""QID1211630790""}","{""ImportId"":""Q_BallotBoxStuffing""}"
7/16/2024 16:58,7/16/2024 17:27,205.185.107.33,1755,1,2,5,2,4,4,3,3,3,1,4,3,4,4,4,3,2,4,4,3,5,3.35,6,6,7,7,6,6.4,7,6,6,6,6,6.2,7,7,7,7,7,7,13,13,13,13,13,14,14,13.28571429,1,1,1,1,1,1,4,3,2,4,4,4,4,3.571428571,4,3,3,3,2,1,5,4,5,3,1,2,4,1,4,1,3,4,2.944444444,6,7,6,7,5,6.2,1,3,3,4,2,3,3,1,4,2,4,2.285714286,5,4,3,3,3,3,3.75,2,2,2,2,1,1,2,2,1,1,2,1.428571429,4,4,2,3,2,3,8,1,3.375,61,4,1,1,2,317,504,407,142,342.5,1,1,1,7,7,7,7,7,7,7,1,7,5,5,3,5,3,5,7,7,1,4.5,5,3,4,4,2,2,5,3.333333333,7,1,1,1,7,1,1,1,1,1,1,7,7,7,6,6,5,7,7,7,6.555555556,5,5,5,5,1,1,1,1,1,1,1,1,1,1,1,4,1,1,1,1.75,6,6,Emily-May Alexander,1,1,1,4,
7/16/2024 19:41,7/16/2024 20:02,174.204.5.236,1231,1,4,4,5,5,1,3,1,6,4,2,4,5,5,2,3,5,5,2,4,3,3.65,6,6,5,6,5,5.6,6,6,6,6,6,6,6,5,6,6,6,5.8,13,13,13,13,15,13,13,13.28571429,1,2,1,2,2,1.6,5,1,3,6,7,5,1,4,5,2,5,3,4,1,5,3,1,4,2,1,3,1,5,1,4,1,2.833333333,4,5,5,5,3,4.4,3,4,2,4,2,3,3,1,4,2,2,2.142857143,1,1,5,1,5,1,1,2,2,2,2,3,2,3,3,3,2,1,2.428571429,2,4,4,2,2,3,8,2,3.375,58,2,1,3,2,128,0,196,1,81.25,1,1,1,7,7,7,7,7,7,7,3,4,3,4,1,7,4,4,5,2,6,4.5,7,1,2,2,3,2,2,2,3,5,1,1,1,7,1,1,1,1,2.25,6,5,6,6,6,6,6,6,6,5.888888889,4,4,4,4,1,1,1,1,1,1,1,1,1,1,1,2,2,2,2,2,7,7,Melanie Wood,3,1,1,4,
7/17/2024 9:05,7/17/2024 10:10,157.201.98.1,3897,1,6,4,4,5,3,5,4,4,1,4,4,4,5,4,4,2,6,5,4,5,4.15,6,5,6,6,6,5.8,6,6,6,6,6,6,5,4,5,6,5,5,17,17,18,16,16,18,14,16.57142857,1,2,2,1,1,1.4,5,5,6,4,7,2,3,4.571428571,1,3,4,3,1,1,4,4,1,4,2,2,4,1,3,1,3,2,2.444444444,5,6,5,5,5,5.2,3,3,3,3,3,3,3,3,3,3,3,3,3,3,3,3,3,3,3,1,2,2,1.666666667,2,3,3,2,2,2,2,2.285714286,6,2,8,4,6,4,8,4,5.25,60,4,5,4,4.333333333,84,2,108,112,76.5,1,1,3,5,6,6,5,6,6,5.666666667,6,6,6,6,2,6,2,6,6,3,5,5.875,2,6,5,4,6,4,6,5.166666667,6,2,2,2,3,5,5,3,2,3,3,5,5,6,5,5,2,5,6,5,4.888888889,5,5,5,5,1,1,1,1,1,1,1,1,1,1,1,2,2,2,1,1.75,6,6,Lucas Tierney,3,1,1,4,
7/17/2024 9:25,7/17/2024 10:11,157.201.96.100,2776,1,3,5,4,5,4,2,4,2,1,5,3,5,3,5,3,4,4,4,2,5,3.65,7,7,7,7,7,7,6,7,6,7,7,6.6,7,5,7,7,5,6.2,14,15,15,17,17,17,13,15.42857143,1,2,1,2,2,1.6,6,3,2,2,7,5,5,4.285714286,4,2,5,2,4,2,5,5,1,5,1,2,5,2,5,2,5,3,3.333333333,7,7,7,7,7,7,4,4,2,4,2,4,2,2,4,2,2,2.285714286,2,2,4,2,4,2,2,1,1,1,1,2,2,2,2,2,2,2,2,4,4,6,1,3,3,6,6,4.125,136,4,4,4,4,403,101,200,101,201.25,1,1,3,5,6,6,6,6,6,5.833333333,1,3,1,5,6,2,3,5,5,3,5,3.375,6,2,1,1,2,4,2,2,2,6,3,3,3,5,5,5,5,5,4.625,6,3,7,7,7,3,7,7,7,6,4,4,4,4,1,2,1,2,1,1,1,1,1,1,1.2,3,1,2,1,1.75,7,7,Amelia Corry,1,1,1,4,
7/17/2024 10:54,7/17/2024 11:36,157.201.96.100,2534,1,4,2,3,5,1,6,3,3,1,2,3,4,1,2,2,4,1,5,4,6,3.1,6,7,7,7,7,6.8,1,7,7,7,7,5.8,7,6,5,7,7,6.4,15,15,13,13,13,19,19,15.28571429,1,2,1,1,1,1.2,1,4,1,7,1,1,1,2.285714286,4,1,4,1,3,2,4,4,1,5,2,1,5,1,5,1,4,1,2.722222222,7,1,7,7,7,5.8,3,5,1,5,1,5,1,1,5,1,1,1.285714286,2,3,4,2,3,3,2.5,2,2,2,2,1,1,1,5,3,1,1,1.857142857,8,7,1,3,6,5,8,7,5.625,4,4,1,1,2,179,0,301,10,122.5,1,1,7,1,7,7,2,7,7,5.166666667,1,4,7,7,6,2,7,1,1,1,7,3.75,4,4,6,6,5,3,4,4.666666667,7,1,1,1,7,1,6,1,1,7,2.375,7,7,7,1,7,7,7,7,7,6.333333333,5,5,5,5,1,5,1,1,1,1,1,1,1,1,1.4,4,1,1,1,1.75,7,7,Brigham Forson,3,1,1,4,
7/17/2024 11:53,7/17/2024 12:34,205.185.107.16,2512,1,2,4,2,5,3,2,5,2,1,4,2,5,2,4,2,2,5,3,3,5,3.15,6,5,6,7,6,6,6,7,6,5,6,6,6,5,5,6,5,5.4,13,13,13,13,14,14,13,13.28571429,1,1,2,2,1,1.4,5,3,2,5,6,2,3,3.714285714,4,2,5,2,3,2,5,5,1,4,2,1,4,1,5,1,4,2,2.944444444,6,6,6,5,5,5.6,1,4,2,4,2,4,2,3,4,2,2,2,3,2,5,1,5,1,1.75,3,2,3,2.666666667,2,1,1,1,1,2,3,1.571428571,2,5,2,2,3,4,8,1,3.375,132,2,4,3,3,100,29,225,0,88.5,2,,,,,,,,,#DIV/0!,,,,,,8,,8,,,8,8,,8,,,,,,8,,8,,,,8,,,,,8,,,,,,,,,,#DIV/0!,,,,#DIV/0!,,,,,,,,,,,#DIV/0!,,,,,#DIV/0!,7,7,Alyssa Chamberlain,3,1,1,4,
7/17/2024 13:00,7/17/2024 13:25,157.201.96.100,1463,1,5,4,5,2,2,4,2,5,2,1,5,4,2,1,3,2,2,2,3,1,2.85,7,5,6,6,6,6,6,6,6,6,6,6,4,3,5,5,3,4,14,14,14,14,14,19,15,14.85714286,1,1,1,1,1,1,4,1,2,1,6,1,2,2.428571429,4,2,4,1,2,2,5,4,1,2,1,1,4,1,4,1,5,1,2.5,7,7,7,7,7,7,1,4,2,4,2,4,2,2,4,2,3,2,2,3,4,2,5,1,2,1,1,1,1,2,3,2,2,3,3,3,2.571428571,6,4,4,1,6,4,8,4,4.625,200,2,4,2,2.666666667,218,62,707,104,272.75,1,2,3,5,3,6,3,4,3,4,2,4,1,7,1,7,6,2,2,2,6,3.875,6,2,4,2,2,2,2,2.333333333,1,7,3,7,1,7,6,6,2,2,5,4,4,5,2,2,2,5,5,5,3.777777778,2,2,2,2,1,2,1,1,1,1,1,1,1,1,1.1,3,2,1,1,1.75,6,6,Joseph Merritt ,1,1,1,4,
7/17/2024 15:27,7/17/2024 15:53,38.43.31.253,1563,1,3,3,4,5,5,3,5,3,1,4,4,4,4,3,2,3,5,5,2,4,3.6,6,6,6,7,6,6.2,6,6,6,6,7,6.2,6,6,6,6,3,5.4,14,14,14,13,16,15,14,14.28571429,2,2,1,1,1,1.4,2,2,1,2,3,2,1,1.857142857,5,2,4,2,4,2,4,4,2,4,1,1,4,2,4,2,4,2,2.944444444,6,6,6,7,7,6.4,2,4,2,5,1,4,2,2,4,2,2,1.857142857,2,3,4,2,4,2,2.25,1,2,2,1.666666667,3,2,3,2,2,3,2,2.428571429,7,5,2,2,3,4,7,7,4.625,10,1,1,3,1.666666667,18,0,124,39,45.25,1,1,1,7,6,7,7,7,7,6.833333333,7,7,6,5,3,5,3,5,6,3,5,5.75,2,6,6,6,6,7,6,6.166666667,5,3,5,6,2,6,3,4,5,4,4.5,6,6,6,6,6,6,6,6,6,6,4,4,5,4.333333333,1,1,1,1,1,1,1,1,1,1,1,2,2,2,1,1.75,7,7,Verena Poole,1,1,1,4,
7/17/2024 17:20,7/17/2024 17:38,192.187.62.4,1076,1,4,5,5,4,4,3,4,4,2,4,3,5,3,3,3,1,5,4,3,4,3.65,6,6,6,6,6,6,6,6,6,6,6,6,6,5,6,6,5,5.6,14,14,14,14,14,14,14,14,2,2,1,1,1,1.4,5,3,3,5,5,3,3,3.857142857,5,2,4,2,3,2,4,3,2,4,2,2,4,2,4,2,4,3,3,5,6,6,6,6,5.8,2,4,2,4,2,4,2,2,4,2,2,2,3,3,4,2,4,2,2.5,2,2,2,2,2,2,2,2,1,2,2,1.857142857,3,3,1,2,2,5,7,7,3.75,35,2,4,3,3,59,7,200,45,77.75,2,,,,,,,,,#DIV/0!,,,,,,8,,8,,,8,8,,8,,,,,,8,,8,,,,8,,,,,8,,,,,,,,,,#DIV/0!,,,,#DIV/0!,,,,,,,,,,,#DIV/0!,,,,,#DIV/0!,6,6,Connor Young,3,1,1,4,
7/18/2024 7:52,7/18/2024 8:15,205.185.110.170,1429,1,4,4,2,4,4,5,3,3,2,4,4,3,5,4,3,4,5,3,5,4,3.75,7,6,6,6,5,6,6,6,7,6,6,6.2,4,4,4,5,6,4.6,16,15,17,13,18,17,17,16.14285714,2,1,3,2,2,2,3,4,4,7,6,4,3,4.428571429,3,2,4,3,3,1,2,3,3,5,2,1,3,2,5,2,3,2,2.722222222,2,2,4,1,2,2.2,2,4,2,4,2,3,3,3,2,4,4,2.857142857,2,3,3,3,3,3,2.75,4,4,4,4,3,3,4,4,2,4,4,3.428571429,3,1,1,4,1,1,8,1,2.5,53,4,1,5,3.333333333,127,2,449,129,176.75,1,2,1,7,4,5,5,6,7,5.666666667,5,4,7,4,7,1,6,2,2,6,2,3.375,4,4,6,6,3,1,4,4,7,1,7,7,1,7,5,4,7,7,5.625,6,5,7,4,4,5,7,7,7,5.777777778,5,5,4,4.666666667,1,2,1,1,1,1,2,2,3,1,1.5,3,1,1,1,1.5,7,7,Michelle Neser,5,2,1,4,
7/18/2024 7:59,7/18/2024 8:16,205.185.107.50,1010,1,5,2,3,4,3,3,4,4,2,4,2,3,4,3,4,3,4,4,4,3,3.4,6,3,7,5,6,5.4,3,6,6,6,5,5.2,4,3,4,5,2,3.6,17,15,15,14,18,18,17,16.28571429,2,1,3,1,2,1.8,6,6,6,6,5,6,4,5.571428571,5,3,4,4,2,3,3,4,4,2,5,2,2,2,4,2,3,4,3.222222222,6,5,6,6,6,5.8,3,4,2,4,2,2,4,3,2,4,2,2.857142857,4,2,2,4,3,3,3.25,4,4,4,4,5,4,4,1,1,2,1,2.571428571,6,4,1,1,1,3,8,1,3.125,248,5,5,1,3.666666667,219,0,238,118,143.75,1,1,2,6,6,6,6,7,7,6.333333333,1,6,3,6,7,1,3,5,5,2,6,4.125,6,2,2,2,2,6,6,3.333333333,6,2,7,6,2,6,6,2,5,4,4.75,6,7,6,4,6,6,7,6,6,6,4,4,5,4.333333333,1,3,1,2,1,1,1,2,1,1,1.4,2,1,1,1,1.25,6,6,Anthony Cerdas,4,2,1,4,
7/18/2024 8:11,7/18/2024 8:31,157.201.98.1,1226,1,5,1,5,1,1,4,6,6,3,1,6,4,6,3,6,6,6,2,6,1,3.95,5,6,6,6,6,5.8,6,6,6,6,6,6,7,6,6,7,7,6.6,13,16,13,13,19,13,17,14.85714286,1,1,1,1,1,1,1,5,3,6,5,5,3,4,5,1,5,1,4,2,4,4,1,5,5,2,5,2,5,1,5,2,3.277777778,7,7,7,7,7,7,2,4,2,5,1,4,2,2,4,2,2,1.857142857,2,2,4,2,4,2,2,1,1,1,1,2,1,1,1,1,1,1,1.142857143,5,4,2,2,2,6,8,1,3.75,61,4,4,4,4,124,44,230,125,130.75,1,2,1,7,7,7,7,7,7,7,1,7,7,5,1,7,1,7,7,2,6,5.875,1,7,5,5,1,1,7,4.333333333,1,7,1,1,5,3,1,1,1,1,2,7,7,7,7,7,7,7,7,5,6.777777778,1,4,1,2,2,1,1,1,1,1,1,1,1,1,1.1,2,1,1,1,1.25,6,6,Squid Solis,1,2,1,4,
7/18/2024 11:03,7/18/2024 11:38,205.185.107.47,2091,1,5,3,4,3,3,4,3,4,1,3,5,5,3,4,4,3,3,4,4,4,3.6,6,6,6,6,5,5.8,5,6,6,7,6,6,6,3,4,5,5,4.6,14,15,16,17,14,18,16,15.71428571,2,2,1,3,3,2.2,4,3,3,5,5,5,5,4.285714286,3,2,4,3,4,3,4,4,3,5,2,2,4,3,4,2,3,5,3.333333333,4,4,4,4,4,4,4,3,3,3,3,4,2,4,3,3,3,3.142857143,5,5,3,3,3,3,4,3,4,4,3.666666667,3,2,2,2,2,2,2,2.142857143,6,6,3,2,4,7,8,4,5,32,4,2,4,3.333333333,198,31,266,21,129,1,1,3,5,4,6,5,6,6,5.333333333,4,5,4,5,3,5,3,5,5,4,4,4.625,5,3,2,4,4,3,3,3.166666667,2,6,3,3,5,3,3,3,3,2,3.25,5,5,5,4,4,5,5,5,4,4.666666667,4,4,4,4,2,3,2,1,1,1,1,1,1,1,1.4,4,4,3,3,3.5,7,7,Brooke May ,3,1,1,4,
7/18/2024 11:25,7/18/2024 11:42,205.185.107.12,986,1,4,5,3,4,4,4,3,4,2,4,4,5,4,4,5,4,5,4,4,3,3.95,7,7,7,7,7,7,7,7,7,7,7,7,7,7,7,7,7,7,14,17,15,14,17,17,14,15.42857143,1,1,2,1,1,1.2,6,3,5,6,6,3,3,4.571428571,4,1,4,1,3,1,5,5,1,4,1,1,4,1,4,1,4,1,2.555555556,6,6,6,6,6,6,2,5,1,5,1,4,2,2,4,2,2,1.714285714,1,1,4,2,4,2,1.5,2,2,2,2,2,1,2,1,1,1,2,1.428571429,8,6,6,5,7,3,6,5,5.75,150,4,5,3,4,180,0,180,39,99.75,2,,,,,,,,,#DIV/0!,,,,,,8,,8,,,8,8,,8,,,,,,8,,8,,,,8,,,,,8,,,,,,,,,,#DIV/0!,,,,#DIV/0!,,,,,,,,,,,#DIV/0!,,,,,#DIV/0!,7,7,Collin Marsh,4,2,1,4,
7/18/2024 11:00,7/18/2024 11:49,192.225.180.2,2929,1,5,4,4,4,4,3,4,4,1,4,5,5,3,3,4,4,5,4,2,3,3.75,6,6,6,5,4,5.4,4,5,4,5,6,4.8,4,3,3,2,5,3.4,14,15,15,17,19,18,14,16,2,4,2,2,1,2.2,2,5,5,6,7,3,3,4.428571429,5,2,3,3,4,2,4,5,3,4,3,3,4,4,5,1,4,5,3.555555556,6,6,4,6,3,5,3,4,2,3,3,3,3,4,3,3,5,3.285714286,5,5,3,3,2,4,4.25,2,4,5,3.666666667,5,1,5,4,1,3,5,3.428571429,1,1,1,3,1,1,6,1,1.875,390,9,1,1,3.666666667,399,0,696,710,451.25,2,,,,,,,,,#DIV/0!,,,,,,8,,8,,,8,8,,8,,,,,,8,,8,,,,8,,,,,8,,,,,,,,,,#DIV/0!,,,,#DIV/0!,,,,,,,,,,,#DIV/0!,,,,,#DIV/0!,7,7,Savannah Sundberg,1,3,1,4,
7/18/2024 12:34,7/18/2024 13:16,205.185.98.67,2556,1,3,5,4,4,3,5,5,4,5,5,3,4,4,5,4,3,3,2,4,5,4,6,6,6,6,5,5.8,6,6,7,5,6,6,4,5,4,5,6,4.8,15,17,17,16,18,14,19,16.57142857,4,3,3,3,3,3.2,4,5,4,7,4,5,3,4.571428571,3,2,3,3,2,4,1,3,4,4,3,3,3,4,4,3,2,5,3.111111111,4,5,3,4,3,3.8,5,2,4,3,3,2,4,3,4,2,3,3.428571429,4,5,3,3,3,3,3.75,3,5,5,4.333333333,4,2,3,3,4,4,4,3.428571429,2,1,1,1,1,2,1,1,1.25,102,6,1,1,2.666666667,242,245,146,135,192,1,1,6,2,5,6,5,4,5,4.5,4,6,6,6,5,3,5,3,5,4,4,4.625,3,5,6,5,5,5,5,5.166666667,5,3,4,5,3,5,4,4,4,4,4.125,7,5,6,6,6,3,4,3,5,5,5,5,5,5,1,1,1,1,1,1,1,1,1,1,1,2,1,2,2,1.75,6,6,Audrey Bates,1,2,1,4,
7/18/2024 13:10,7/18/2024 13:28,157.201.96.100,1104,1,5,5,5,5,5,3,5,3,3,3,3,5,4,4,3,2,2,5,2,2,3.7,7,7,7,6,3,6,7,5,6,3,7,5.6,6,3,3,3,5,4,14,14,14,14,14,14,14,14,1,1,1,1,1,1,5,3,1,2,5,1,3,2.857142857,5,2,2,3,1,1,2,4,2,5,1,2,5,2,5,4,5,4,3.055555556,7,3,5,7,5,5.4,4,3,3,5,1,3,3,3,2,4,5,3.285714286,4,3,3,3,4,2,3,1,1,1,1,2,5,5,5,5,2,5,4.142857143,4,4,1,5,4,4,1,4,3.375,0,9,1,1,3.666666667,24,4,1000,300,332,1,2,7,1,2,2,1,1,1,1.333333333,1,4,1,7,7,1,7,1,1,1,7,2.875,7,1,2,5,2,5,1,2.666666667,1,7,1,3,3,5,2,2,2,7,3.625,5,5,2,4,5,1,2,2,1,3,5,5,5,5,1,2,5,3,3,1,1,1,1,1,1.9,3,5,5,5,4.5,7,7,Caleb Benjamin Wiederhold ,1,2,1,4,
7/18/2024 13:25,7/18/2024 13:45,205.185.107.15,1214,1,2,5,2,5,4,3,,5,3,4,2,4,1,5,2,2,4,5,2,5,3.421052632,6,6,6,7,6,6.2,5,6,6,6,5,5.6,5,4,6,6,5,5.2,14,17,14,18,18,15,16,16,3,2,2,1,2,2,3,3,2,7,5,2,2,3.428571429,1,3,4,4,2,3,3,3,3,4,2,5,3,4,4,2,3,3,3.111111111,2,3,6,6,7,4.8,3,5,1,4,2,3,3,3,4,2,2,2.285714286,3,3,4,2,3,3,2.75,3,2,3,2.666666667,3,3,4,4,2,2,3,3,4,3,1,2,3,2,5,1,2.625,218,5,5,6,5.333333333,455,1,439,415,327.5,1,2,6,2,5,5,3,4,3,3.666666667,1,,5,6,3,5,5,3,2,6,2,3.428571429,6,2,1,5,3,5,2,3,3,5,5,6,1,7,6,4,3,6,5.25,5,3,6,6,6,2,5,1,1,3.888888889,5,5,5,5,1,3,2,1,2,2,1,2,2,2,1.8,3,1,1,1,1.5,6,7,Daniel Blanscett,4,2,1,4,
7/18/2024 13:01,7/18/2024 14:01,157.201.64.12,3618,1,5,2,2,4,3,4,3,4,2,4,3,3,3,3,2,3,2,3,4,4,3.15,5,6,6,6,6,5.8,6,6,5,6,6,5.8,5,3,3,3,5,3.8,17,17,14,14,15,14,14,15,3,1,3,1,2,2,2,1,2,3,3,2,5,2.571428571,3,2,3,2,3,3,4,4,2,4,2,3,4,2,5,1,3,2,2.888888889,5,7,5,5,3,5,3,4,2,5,1,3,3,3,3,3,3,2.571428571,3,3,4,2,4,2,2.5,4,3,3,3.333333333,2,1,2,1,1,1,3,1.571428571,7,6,4,2,6,4,8,5,5.25,401,6,4,3,4.333333333,400,3,100,30,133.25,1,1,5,3,6,6,6,6,5,5.333333333,3,6,5,5,3,5,2,6,6,2,6,5.25,2,6,3,5,6,5,7,5.333333333,2,6,3,5,4,4,5,3,2,3,3.875,5,5,6,3,3,3,5,3,3,4,5,5,5,5,2,2,1,4,1,1,2,1,1,1,1.6,1,1,1,1,1,6,6,Brevin Robertson,4,2,1,4,
7/18/2024 13:54,7/18/2024 14:46,157.201.64.27,3141,1,6,4,2,3,3,4,2,4,3,2,4,4,5,4,3,4,3,3,4,4,3.55,4,6,6,5,4,5,5,5,4,5,5,4.8,6,3,3,4,2,3.6,15,17,16,16,16,17,14,15.85714286,4,3,3,4,4,3.6,5,4,2,6,6,5,3,4.428571429,4,2,3,3,3,2,3,3,1,4,1,4,4,2,5,1,3,5,2.944444444,5,5,2,5,5,4.4,5,2,4,2,4,3,3,2,2,4,2,3.428571429,5,5,2,4,3,3,4.25,3,2,2,2.333333333,4,1,3,1,1,2,3,2.142857143,4,,1,2,2,3,5,1,2.571428571,428,7,1,5,4.333333333,473,0,639,131,310.75,1,1,7,1,4,5,2,4,2,3,2,2,1,7,5,3,6,2,3,5,3,2.875,5,3,5,3,2,5,1,3.166666667,6,2,3,1,5,3,7,5,4,4,3.625,2,2,5,2,2,4,4,1,1,2.555555556,5,5,5,5,1,2,3,1,1,1,1,1,1,1,1.3,3,1,1,1,1.5,6,6,Isidora Zamora,3,2,1,4,
7/18/2024 14:03,7/18/2024 15:16,157.201.96.20,4377,1,4,3,2,5,4,3,5,3,2,5,2,4,2,4,3,3,5,5,2,5,3.55,5,6,6,5,7,5.8,6,5,6,6,7,6,6,7,6,7,6,6.4,14,15,13,13,14,14,15,14,1,1,2,1,2,1.4,3,3,1,5,6,4,3,3.571428571,5,2,3,3,3,4,5,4,3,4,2,1,4,2,4,3,5,2,3.277777778,6,5,6,4,4,5,3,4,2,4,2,5,1,2,5,1,2,1.857142857,4,2,3,3,3,3,3,3,3,3,3,1,2,2,1,1,1,3,1.571428571,4,4,1,4,2,5,8,2,3.75,10,1,1,1,1,100,0,300,30,107.5,1,1,2,6,6,3,6,4,6,5.166666667,5,6,6,5,2,6,2,6,6,3,5,5.625,3,5,6,5,6,5,6,5.5,3,5,6,5,6,2,4,3,5,3,4.125,6,7,6,6,7,6,7,7,6,6.444444444,5,5,4,4.666666667,1,1,1,2,1,1,1,2,1,1,1.2,3,3,1,1,2,7,7,Mary Elizabeth Jarman,3,1,1,4,
7/18/2024 16:08,7/18/2024 16:28,184.155.117.171,1203,1,4,4,4,4,2,3,3,4,1,3,4,3,3,3,4,4,4,3,2,3,3.25,3,5,5,3,4,4,3,5,4,3,5,4,3,2,4,5,5,3.8,17,18,15,14,18,15,15,16,3,2,2,2,3,2.4,4,4,4,6,6,6,6,5.142857143,3,2,4,2,2,1,3,3,1,5,3,2,3,3,4,1,3,3,2.666666667,4,5,3,6,2,4,3,3,3,3,3,3,3,3,3,3,4,3.142857143,4,4,3,3,3,3,3.5,3,2,1,2,2,1,2,2,2,1,3,1.857142857,2,1,1,3,2,1,6,1,2.125,59,4,2,5,3.666666667,62,0,120,61,60.75,2,,,,,,,,,#DIV/0!,,,,,,8,,8,,,8,8,,8,,,,,,8,,8,,,,8,,,,,8,,,,,,,,,,#DIV/0!,,,,#DIV/0!,,,,,,,,,,,#DIV/0!,,,,,#DIV/0!,4,6,Kyra (Alex) Beck,4,1,1,4,
7/18/2024 16:17,7/18/2024 16:46,205.185.110.74,1725,1,4,4,3,4,2,1,4,3,1,4,4,5,2,3,2,2,5,4,4,3,3.2,7,7,7,6,7,6.8,6,6,7,7,7,6.6,6,3,4,6,6,5,14,15,13,13,13,13,13,13.42857143,4,2,2,1,3,2.4,2,2,2,6,3,3,2,2.857142857,2,3,2,2,2,2,4,3,1,4,2,2,2,2,2,1,3,4,2.388888889,3,3,2,5,3,3.2,3,3,3,5,1,3,3,1,5,1,3,2.142857143,4,3,3,3,3,3,3.25,2,2,3,2.333333333,1,2,3,3,1,2,3,2.142857143,7,2,1,4,2,1,8,1,3.25,354,5,4,1,3.333333333,351,194,352,0,224.25,2,,,,,,,,,#DIV/0!,,,,,,8,,8,,,8,8,,8,,,,,,8,,8,,,,8,,,,,8,,,,,,,,,,#DIV/0!,,,,#DIV/0!,,,,,,,,,,,#DIV/0!,,,,,#DIV/0!,7,7,Olivia Adams,3,1,1,4,
7/18/2024 15:52,7/18/2024 16:53,199.19.116.47,3691,1,4,3,4,2,2,4,3,4,2,3,4,2,4,2,,3,3,3,3,2,3,3,5,5,5,4,4.4,3,5,5,5,6,4.8,6,5,4,3,3,4.2,13,14,14,13,13,16,14,13.85714286,1,2,1,1,1,1.2,1,1,1,5,3,1,1,1.857142857,3,4,3,3,2,2,3,3,2,3,2,2,3,1,4,2,3,2,2.611111111,4,3,6,5,2,4,4,3,3,4,2,4,2,1,4,2,1,2.142857143,3,3,4,2,4,2,2.5,4,4,4,4,3,2,4,2,1,1,2,2.142857143,5,3,1,2,5,2,8,2,3.5,239,5,1,3,3,298,0,180,31,127.25,1,1,2,6,3,5,3,4,3,4,1,2,2,6,2,6,2,6,6,2,6,4.375,5,3,2,1,2,1,5,2.333333333,1,7,1,1,6,2,1,1,1,1,1.875,5,3,5,3,3,5,5,4,4,4.111111111,4,4,4,4,1,1,1,1,1,2,2,2,2,1,1.4,3,1,2,1,1.75,7,7,Isabella Sosa,1,1,1,4,
7/18/2024 16:08,7/18/2024 18:36,205.185.105.35,8931,1,2,4,3,4,1,1,2,4,2,2,4,2,4,2,1,1,3,5,3,3,2.65,7,5,5,6,6,5.8,4,5,5,6,7,5.4,7,2,5,7,6,5.4,17,17,14,14,16,14,14,15.14285714,2,4,1,1,1,1.8,1,3,1,5,3,2,1,2.285714286,5,2,4,3,5,3,4,4,4,5,3,4,5,3,5,2,4,4,3.833333333,5,6,6,4,6,5.4,4,4,2,4,2,4,2,2,4,2,2,2.285714286,3,4,4,2,4,2,2.75,3,3,2,2.666666667,3,1,3,3,2,4,2,2.571428571,8,3,4,1,6,2,8,3,4.375,190,4,2,4,3.333333333,345,110,604,0,264.75,2,,,,,,,,,#DIV/0!,,,,,,8,,8,,,8,8,,8,,,,,,8,,8,,,,8,,,,,8,,,,,,,,,,#DIV/0!,,,,#DIV/0!,,,,,,,,,,,#DIV/0!,,,,,#DIV/0!,7,7,Kayla Toy,3,1,1,4,
7/18/2024 18:43,7/18/2024 19:22,205.185.110.150,2312,1,3,1,4,4,2,3,3,4,1,4,4,3,4,4,2,2,5,4,2,4,3.15,5,2,3,3,2,3,4,5,4,2,2,3.4,2,1,2,2,2,1.8,19,19,16,18,18,19,19,18.28571429,2,3,4,2,2,2.6,7,7,6,7,7,7,7,6.857142857,4,4,2,5,1,3,1,1,4,2,1,2,2,1,1,1,1,5,2.277777778,3,3,6,5,2,3.8,5,2,4,1,5,3,3,5,1,5,4,4.428571429,5,5,2,4,2,4,4.5,5,4,5,4.666666667,2,1,1,3,1,3,3,2,6,2,5,3,3,1,6,1,3.375,0,6,6,7,6.333333333,204,0,104,242,137.5,1,1,2,6,6,6,6,6,6,6,4,6,,5,2,6,3,5,6,3,5,5.285714286,1,7,7,7,7,7,7,7,1,7,7,6,1,7,5,7,4,4,5.875,7,5,6,5,3,3,3,5,5,4.666666667,3,3,3,3,1,2,1,1,1,1,1,2,1,2,1.3,1,1,1,1,1,7,7,Lucas Jorgensen,4,1,1,4,
7/18/2024 19:29,7/18/2024 20:11,205.185.105.19,2555,1,2,4,4,4,4,6,4,6,1,3,6,2,5,1,2,6,2,4,2,2,3.5,5,7,7,7,7,6.6,4,7,6,7,7,6.2,5,7,5,5,5,5.4,13,17,14,14,13,18,13,14.57142857,1,1,1,1,1,1,2,6,2,4,5,4,4,3.857142857,2,3,4,2,4,1,5,5,3,5,3,3,3,2,4,2,4,2,3.166666667,6,5,7,6,1,5,3,3,3,3,3,4,2,3,4,2,2,2.571428571,2,3,5,1,5,1,1.75,1,2,1,1.333333333,1,2,1,1,2,3,1,1.571428571,1,3,3,1,4,4,8,1,3.125,149,5,1,3,3,150,0,239,29,104.5,1,1,4,4,5,7,4,5,5,5,3,5,1,3,7,1,2,6,7,2,6,4,7,1,1,1,4,1,7,2.5,7,1,1,1,1,7,1,5,5,1,2.75,5,2,6,5,5,2,7,4,5,4.555555556,2,2,2,2,1,1,1,1,1,1,1,2,1,1,1.1,5,4,3,4,4,4,7,Christopher Miller,1,1,1,4,
7/18/2024 20:17,7/18/2024 20:28,24.116.73.42,678,1,4,3,2,2,3,2,3,3,2,3,4,4,4,,5,,3,4,4,3,3.222222222,6,6,6,6,3,5.4,6,5,6,6,5,5.6,4,4,5,5,5,4.6,14,14,14,14,17,14,15,14.57142857,1,1,1,1,1,1,5,4,6,5,5,5,5,5,4,2,2,2,2,2,2,4,3,5,2,1,4,1,4,1,3,3,2.611111111,3,4,4,2,3,3.2,3,4,2,3,3,2,4,3,2,4,3,3.142857143,3,3,1,5,3,3,3.5,1,1,1,1,1,2,2,2,1,2,1,1.571428571,2,2,2,4,4,1,4,1,2.5,414,5,1,3,3,294,8,601,117,255,1,1,1,7,5,5,5,5,5,5.333333333,4,6,6,6,1,7,1,7,5,1,7,6,2,6,5,5,5,5,5,5.166666667,5,3,5,5,5,3,5,2,5,2,3.75,5,,6,6,5,5,6,,3,5.142857143,4,4,4,4,1,2,1,2,2,1,2,2,1,2,1.6,1,1,1,1,1,7,7,Mayra Delfado,4,1,1,4,
7/18/2024 21:10,7/18/2024 21:34,205.185.110.139,1441,1,3,3,3,4,2,3,1,3,1,4,3,4,4,3,4,2,6,3,4,4,3.2,4,4,6,6,5,5,4,6,5,5,6,5.2,4,4,2,2,4,3.2,14,15,13,14,18,18,16,15.42857143,3,1,2,2,2,2,5,4,3,7,6,5,3,4.714285714,3,1,4,4,2,2,3,2,2,3,1,4,3,4,4,1,2,4,2.722222222,2,4,5,3,1,3,4,3,3,3,3,2,4,2,3,3,2,3,4,4,3,3,3,3,3.5,3,4,4,3.666666667,3,1,3,4,1,1,2,2.142857143,2,3,2,1,2,1,7,1,2.375,120,2,2,3,2.333333333,161,0,300,0,115.25,2,,,,,,,,,#DIV/0!,,,,,,8,,8,,,8,8,,8,,,,,,8,,8,,,,8,,,,,8,,,,,,,,,,#DIV/0!,,,,#DIV/0!,,,,,,,,,,,#DIV/0!,,,,,#DIV/0!,7,7,Rose Hillyer,4,2,1,4,
7/18/2024 21:25,7/18/2024 21:59,75.174.165.179,2058,1,5,4,3,3,2,2,2,4,2,2,4,3,4,3,3,4,4,3,4,3,3.2,5,3,5,5,5,4.6,3,5,4,5,5,4.4,5,4,5,5,4,4.6,14,15,15,17,17,15,15,15.42857143,2,1,1,2,3,1.8,3,5,3,6,5,4,3,4.142857143,4,3,3,4,2,3,2,3,4,4,3,3,3,4,4,2,3,5,3.277777778,3,4,4,3,4,3.6,5,2,4,3,3,3,3,3,3,3,3,3.428571429,5,5,3,3,3,3,4,3,4,3,3.333333333,2,3,3,2,2,2,3,2.428571429,3,4,1,1,3,1,6,2,2.625,92,4,1,4,3,190,62,280,43,143.75,1,1,5,3,3,6,3,4,3,3.666666667,2,4,2,4,3,5,5,3,2,5,3,3.125,5,3,2,2,1,2,1,1.833333333,1,7,2,2,7,1,7,6,6,1,4,5,4,4,4,3,1,5,2,2,3.333333333,4,4,3,3.666666667,1,2,1,1,1,1,1,1,1,1,1.1,3,2,1,1,1.75,7,7,Victoria Caldwell,4,1,1,4,
7/18/2024 20:22,7/18/2024 22:01,205.185.98.13,5937,1,3,3,3,3,3,3,4,3,2,3,4,3,4,3,4,3,4,4,3,4,3.3,6,6,6,6,5,5.8,6,6,6,6,7,6.2,7,5,6,7,6,6.2,13,13,13,13,13,13,13,13,1,1,1,1,1,1,1,2,2,4,5,2,1,2.428571429,1,2,5,2,5,2,1,5,2,4,2,2,5,2,5,1,4,2,2.888888889,7,7,7,7,7,7,2,4,2,4,2,4,2,1,5,1,2,1.714285714,2,3,4,2,4,2,2.25,1,1,1,1,2,2,1,2,2,1,2,1.714285714,5,3,1,2,3,4,1,4,2.875,15,2,1,1,1.333333333,242,0,234,0,119,1,1,2,6,6,7,6,6,6,6.166666667,1,6,5,6,2,6,2,6,6,2,6,5.25,3,5,6,6,6,6,6,5.833333333,2,6,6,7,2,6,7,5,5,6,6,6,6,6,6,6,4,6,5,4,5.444444444,5,5,5,5,1,1,1,2,1,1,1,1,1,1,1.1,1,1,1,1,1,6,7,Haydon DeClerk,2,1,1,4,
7/18/2024 21:54,7/18/2024 22:15,205.185.107.32,1240,1,4,4,4,5,3,2,3,4,3,5,5,5,3,5,5,4,5,5,4,5,4.15,6,7,7,6,6,6.4,5,6,6,6,6,5.8,6,4,5,5,6,5.2,14,14,14,14,14,15,14,14.14285714,2,1,3,2,2,2,5,5,5,6,4,6,5,5.142857143,3,1,3,3,2,2,4,3,2,3,1,1,3,1,2,1,2,4,2.277777778,5,5,5,5,5,5,3,3,3,3,3,3,3,3,2,4,3,3.142857143,4,4,3,3,3,3,3.5,3,2,2,2.333333333,3,2,2,3,3,3,3,2.714285714,5,4,4,4,5,1,8,3,4.25,198,4,2,5,3.666666667,179,0,562,200,235.25,1,1,4,4,3,5,3,3,2,3.333333333,2,6,3,3,4,4,4,4,3,5,3,3.5,5,3,5,5,4,4,3,4,3,5,5,4,4,4,5,4,6,4,4.625,3,3,5,3,4,2,3,5,4,3.555555556,4,4,4,4,4,4,4,1,2,1,4,2,1,1,2.4,3,3,1,1,2,6,6,Katie Thomas,4,1,1,4,
7/19/2024 2:06,7/19/2024 2:46,192.225.189.130,2357,1,4,3,2,4,4,4,4,4,2,4,3,5,3,3,4,4,5,6,4,3,3.75,5,5,5,6,4,5,4,5,5,5,5,4.8,5,2,4,5,4,4,14,15,15,14,15,16,16,15,2,3,1,1,4,2.2,3,3,2,4,5,5,4,3.714285714,4,3,4,3,2,2,4,3,4,3,2,3,3,3,4,2,2,4,3.055555556,4,4,4,4,3,3.8,4,3,3,3,3,2,4,4,2,4,5,3.857142857,5,5,3,3,3,3,4,2,2,2,2,3,3,3,2,1,3,3,2.571428571,6,5,6,4,5,5,6,3,5,420,5,1,6,4,501,0,241,0,185.5,1,1,3,5,5,6,5,4,4,4.833333333,3,4,3,4,2,6,5,3,2,2,6,3.875,5,3,2,2,2,3,2,2.333333333,5,3,2,4,3,5,5,3,2,4,3.5,5,4,6,4,4,3,4,4,4,4.222222222,5,5,5,5,1,4,2,1,2,1,1,2,1,1,1.6,2,2,1,1,1.5,7,7,Skylar McAnally,3,1,1,4,
7/19/2024 6:12,7/19/2024 6:37,157.201.96.100,1492,1,4,4,1,5,2,5,5,2,1,5,2,6,4,3,2,6,6,6,1,4,3.7,7,6,7,7,6,6.6,7,7,7,7,7,7,4,6,7,5,6,5.6,19,16,17,17,19,18,17,17.57142857,2,1,3,1,1,1.6,2,2,2,6,5,3,6,3.714285714,2,3,3,3,3,2,4,4,2,5,2,2,3,2,4,1,4,4,2.944444444,6,6,5,5,7,5.8,3,5,1,4,2,5,1,3,5,1,2,1.857142857,5,2,3,3,3,3,3.25,5,4,4,4.333333333,3,3,5,3,1,2,2,2.714285714,5,4,2,2,5,2,7,1,3.5,151,5,4,2,3.666666667,231,0,361,0,148,1,1,2,6,7,4,7,7,7,6.333333333,2,6,6,6,1,7,1,7,7,1,7,6,6,2,4,4,6,6,6,4.666666667,2,6,5,7,2,6,2,4,2,1,4.125,6,6,7,3,6,,6,7,7,6,5,5,5,5,1,1,1,1,1,1,1,3,1,1,1.2,1,1,1,1,1,1,1,Duncan Park,4,2,1,4,
7/19/2024 8:13,7/19/2024 8:26,192.187.62.4,817,1,5,5,2,4,5,2,4,4,1,2,4,4,2,5,4,5,5,4,4,5,3.8,6,5,6,6,4,5.4,6,5,6,6,6,5.8,3,5,5,5,2,4,18,18,18,18,19,18,18,18.14285714,2,2,2,2,2,2,1,1,1,6,1,5,1,2.285714286,4,3,3,2,2,3,3,3,4,3,4,4,3,4,4,3,3,4,3.277777778,2,5,6,5,3,4.2,3,2,4,3,3,3,3,4,3,3,4,3.428571429,3,3,3,3,3,3,3,3,4,3,3.333333333,3,3,2,2,2,3,3,2.571428571,4,4,1,2,3,1,8,1,3,407,7,1,7,5,540,8,411,5,241,2,,,,,,,,,#DIV/0!,,,,,,8,,8,,,8,8,,8,,,,,,8,,8,,,,8,,,,,8,,,,,,,,,,#DIV/0!,,,,#DIV/0!,,,,,,,,,,,#DIV/0!,,,,,#DIV/0!,7,7,Katie Heiney ,4,2,1,5,
7/19/2024 9:11,7/19/2024 9:31,157.201.98.1,1220,1,3,4,3,3,3,3,4,4,2,4,3,4,5,3,3,3,4,4,3,4,3.45,5,6,7,6,6,6,5,5,6,6,6,5.6,6,5,5,4,4,4.8,14,14,14,14,14,14,14,14,2,1,2,1,1,1.4,2,2,2,5,5,2,2,2.857142857,4,2,4,3,4,4,4,4,4,3,2,4,4,2,4,1,4,5,3.444444444,4,5,5,5,3,4.4,3,4,2,4,2,4,2,1,4,2,2,2,5,4,3,3,4,2,3.5,2,4,4,3.333333333,1,1,1,1,1,1,2,1.142857143,2,2,4,2,3,3,8,3,3.375,38,5,4,4,4.333333333,294,0,194,266,188.5,2,,,,,,,,,#DIV/0!,,,,,,8,,8,,,8,8,,8,,,,,,8,,8,,,,8,,,,,8,,,,,,,,,,#DIV/0!,,,,#DIV/0!,,,,,,,,,,,#DIV/0!,,,,,#DIV/0!,6,6,Catherine DeDen,1,1,1,4,
7/19/2024 6:59,7/19/2024 9:32,157.201.98.1,9149,1,2,5,4,5,5,3,4,4,2,4,4,4,5,4,4,5,4,4,4,4,4,6,6,6,7,7,6.4,6,6,6,6,6,6,6,6,6,6,6,6,14,14,14,14,14,14,14,14,1,2,1,1,1,1.2,6,4,5,6,6,6,6,5.571428571,5,1,5,1,5,1,5,5,1,5,1,1,5,1,5,1,5,3,3.111111111,7,7,7,7,7,7,2,4,2,4,2,4,2,2,4,2,2,2,2,2,4,2,4,2,2,1,1,1,1,1,1,1,1,1,1,1,1,1,4,2,3,6,4,6,6,4,30,3,1,5,3,151,0,59,120,82.5,1,1,2,6,3,5,5,5,5,4.833333333,2,2,2,6,6,2,4,4,5,5,3,3.25,5,3,2,2,5,3,4,3.166666667,1,7,3,3,2,6,6,5,5,3,4.75,6,6,6,6,6,6,6,6,6,6,2,3,3,2.666666667,1,2,3,2,1,1,2,1,1,2,1.6,4,3,2,2,2.75,7,7,TREVOR KIRKLAND,1,1,1,4,
7/19/2024 9:15,7/19/2024 9:42,157.201.96.100,1648,1,4,3,4,5,5,5,2,4,1,5,5,3,3,4,5,2,5,5,5,4,3.95,7,7,7,7,7,7,7,7,5,7,7,6.6,6,4,5,4,6,5,15,18,15,13,18,15,13,15.28571429,1,1,1,1,2,1.2,4,5,3,2,6,1,4,3.571428571,2,2,4,2,1,1,5,4,2,4,1,1,5,1,5,2,4,2,2.666666667,6,6,6,5,2,5,2,4,2,4,2,4,2,3,4,2,3,2.285714286,1,1,5,1,5,1,1,2,2,1,1.666666667,2,1,2,1,1,1,3,1.571428571,2,1,1,2,2,4,7,1,2.5,119,5,5,4,4.666666667,245,0,259,60,141,1,1,7,1,3,5,2,5,1,2.833333333,1,2,2,7,3,5,3,5,2,5,3,3.375,7,1,1,1,5,1,1,1.666666667,3,5,5,5,3,5,6,7,7,1,5.125,3,1,2,1,1,1,5,5,5,2.666666667,5,5,4,4.666666667,5,1,1,2,1,1,1,2,1,1,1.6,1,1,1,1,1,6,7,Matthew Headrick,1,2,1,4,
7/19/2024 10:21,7/19/2024 11:06,157.201.96.100,2667,1,3,3,2,3,3,4,3,4,2,4,4,4,4,4,2,4,5,4,3,4,3.45,5,4,5,4,5,4.6,5,4,5,5,5,4.8,5,3,3,4,5,4,14,17,17,14,17,15,15,15.57142857,3,3,1,1,2,2,5,5,4,6,6,6,5,5.285714286,4,1,1,3,1,2,2,2,4,4,1,1,2,2,4,1,2,5,2.333333333,5,5,4,5,4,4.6,4,2,4,2,4,2,4,4,2,4,4,4,5,5,5,1,3,3,3.5,1,1,2,1.333333333,3,1,2,1,1,2,2,1.714285714,3,2,1,2,4,4,6,4,3.25,400,5,1,5,3.666666667,200,7,200,200,151.75,1,1,7,1,2,2,2,3,1,1.833333333,6,5,5,3,3,5,2,6,6,3,5,5.125,3,5,2,5,5,3,5,4.166666667,1,7,2,5,2,6,5,4,4,6,4.875,1,1,3,1,1,1,1,3,2,1.555555556,5,5,5,5,1,1,1,2,1,1,1,1,1,1,1.1,5,5,5,5,5,6,6,Ana Luisa Lacava Baldan,1,2,1,4,
7/19/2024 10:42,7/19/2024 11:08,157.201.96.100,1578,1,5,4,3,3,2,3,2,5,2,3,4,5,4,2,4,5,5,2,2,4,3.45,6,3,5,2,5,4.2,3,3,5,5,5,4.2,5,1,3,6,2,3.4,16,17,18,18,18,14,17,16.85714286,4,4,4,3,4,3.8,5,2,2,7,3,6,2,3.857142857,3,2,3,4,3,4,2,2,5,3,1,5,2,5,4,1,2,5,3.111111111,1,1,2,3,1,1.6,4,3,3,3,3,2,4,5,3,3,5,3.857142857,5,5,2,4,2,4,4.5,5,5,5,5,3,1,3,3,4,3,4,3,3,2,3,1,3,1,8,1,2.75,60,7,1,1,3,421,11,360,0,198,1,1,2,6,6,6,3,6,5,5.333333333,2,2,2,6,6,2,6,2,2,2,6,3,6,2,6,6,2,6,3,4.166666667,1,7,7,7,1,7,7,7,6,6,6.75,5,2,6,2,2,2,6,5,5,3.888888889,4,4,4,4,1,1,1,1,1,1,1,1,1,1,1,2,1,1,1,1.25,7,7,Allison McCracken,4,1,1,4,
7/19/2024 9:22,7/19/2024 11:13,157.201.96.100,6701,1,2,4,1,3,1,2,3,3,1,2,2,4,4,3,2,5,4,4,2,3,2.75,6,6,6,6,5,5.8,5,6,5,6,6,5.6,6,4,4,5,3,4.4,14,14,14,14,14,14,14,14,3,3,4,1,1,2.4,1,1,1,4,4,5,2,2.571428571,3,2,3,3,2,2,3,3,4,3,1,2,4,1,3,1,2,4,2.555555556,2,5,6,3,4,4,3,3,3,3,3,3,3,4,2,4,3,3.285714286,4,4,3,3,3,3,3.5,4,4,4,4,2,1,2,1,1,1,1,1.285714286,4,4,2,2,3,2,8,3,3.5,420,6,2,3,3.666666667,430,0,500,61,247.75,2,,,,,,,,,#DIV/0!,,,,,,8,,8,,,8,8,,8,,,,,,8,,8,,,,8,,,,,8,,,,,,,,,,#DIV/0!,,,,#DIV/0!,,,,,,,,,,,#DIV/0!,,,,,#DIV/0!,7,6,Daniela Montiel,4,1,1,4,
7/19/2024 11:47,7/19/2024 12:14,157.201.98.1,1602,1,4,5,3,,2,4,3,5,5,4,2,5,3,4,5,2,5,5,2,5,3.842105263,7,6,6,7,6,6.4,6,6,6,6,6,6,3,5,4,5,4,4.2,17,17,16,16,18,17,16,16.71428571,1,2,1,1,1,1.2,4,2,3,5,6,1,2,3.285714286,3,1,3,2,3,1,4,3,1,4,2,1,4,1,4,1,4,4,2.555555556,5,6,6,6,5,5.6,2,4,2,4,2,4,2,2,4,2,2,2,3,3,4,2,4,2,2.5,3,2,2,2.333333333,2,2,3,1,1,1,2,1.714285714,1,2,1,1,1,1,6,1,1.75,111,4,5,9,6,120,142,114,161,134.25,2,,,,,,,,,#DIV/0!,,,,,,8,,8,,,8,8,,8,,,,,,8,,8,,,,8,,,,,8,,,,,,,,,,#DIV/0!,,,,#DIV/0!,,,,,,,,,,,#DIV/0!,,,,,#DIV/0!,6,6,Midajah Solar,4,2,1,4,
7/19/2024 12:56,7/19/2024 13:16,157.201.96.100,1183,1,3,4,2,4,3,2,4,3,1,4,3,4,1,4,2,4,5,4,2,5,3.2,5,6,7,7,6,6.2,4,7,7,6,7,6.2,6,7,6,6,5,6,13,14,13,13,13,14,14,13.42857143,1,2,1,1,1,1.2,4,6,6,6,7,6,3,5.428571429,5,2,4,3,3,3,5,4,2,5,2,4,4,3,5,2,4,4,3.555555556,7,7,7,7,7,7,2,5,1,5,1,5,1,2,5,1,1,1.285714286,4,4,4,2,4,2,3,3,3,2,2.666666667,4,3,4,3,3,3,3,3.285714286,7,4,2,2,5,3,8,3,4.25,26,1,1,4,2,181,0,294,60,133.75,2,,,,,,,,,#DIV/0!,,,,,,8,,8,,,8,8,,8,,,,,,8,,8,,,,8,,,,,8,,,,,,,,,,#DIV/0!,,,,#DIV/0!,,,,,,,,,,,#DIV/0!,,,,,#DIV/0!,7,7,Laurel James,4,1,1,4,
7/19/2024 13:42,7/19/2024 14:02,157.201.98.1,1159,1,4,3,1,5,1,2,3,4,1,4,2,6,4,5,4,2,4,5,1,5,3.3,7,7,7,7,7,7,7,7,7,7,7,7,7,7,7,7,7,7,13,14,13,17,18,15,17,15.28571429,1,1,2,2,1,1.4,1,6,1,2,6,4,3,3.285714286,5,2,5,3,4,2,5,5,3,4,1,3,5,1,4,1,5,4,3.444444444,7,7,7,7,7,7,3,5,1,5,1,5,1,3,4,2,3,2,3,5,3,3,5,1,3,2,3,3,2.666666667,2,2,3,2,2,2,3,2.285714286,3,4,2,2,2,4,6,1,3,361,7,1,4,4,401,0,200,120,180.25,1,1,2,6,4,3,2,5,5,4.166666667,3,5,6,7,7,1,3,5,5,4,4,4.5,5,3,7,5,4,6,7,5.333333333,7,1,6,7,2,6,5,7,6,2,5,5,6,7,3,3,2,3,6,6,4.555555556,5,5,5,5,1,1,1,2,1,1,1,1,1,1,1.1,2,1,1,1,1.25,7,7,Jordyn Reynolds,1,1,1,4,
7/19/2024 13:53,7/19/2024 14:16,174.204.4.104,1366,1,5,3,6,2,2,5,3,4,2,3,6,3,6,2,5,5,3,2,5,3,3.75,6,6,6,6,3,5.4,4,6,6,5,6,5.4,5,1,6,5,6,4.6,13,13,18,13,16,13,13,14.14285714,4,1,4,4,4,3.4,2,6,5,7,5,6,2,4.714285714,5,5,3,5,3,4,2,2,4,3,4,4,2,4,2,3,3,5,3.5,1,3,2,2,2,2,4,3,3,3,3,3,3,4,3,3,3,3.285714286,4,3,2,4,1,5,4,5,4,5,4.666666667,4,3,4,4,3,4,4,3.714285714,1,1,1,3,1,1,6,1,1.875,25,4,1,1,2,55,0,151,0,51.5,2,,,,,,,,,#DIV/0!,,,,,,8,,8,,,8,8,,8,,,,,,8,,8,,,,8,,,,,8,,,,,,,,,,#DIV/0!,,,,#DIV/0!,,,,,,,,,,,#DIV/0!,,,,,#DIV/0!,6,6,Mercedes Schiller,4,2,1,4,
7/19/2024 16:46,7/19/2024 17:09,205.185.110.150,1391,1,5,4,5,3,3,2,4,4,1,3,4,5,3,3,3,1,3,3,3,2,3.2,7,6,6,5,4,5.6,6,6,6,5,6,5.8,5,2,5,5,4,4.2,13,13,13,13,13,15,13,13.28571429,2,2,2,4,3,2.6,4,2,2,6,6,6,3,4.142857143,3,2,4,5,3,1,4,3,4,4,1,1,4,1,4,1,3,5,2.944444444,4,5,5,3,6,4.6,3,4,2,4,2,4,2,2,3,3,4,2.571428571,5,5,3,3,3,3,4,2,3,2,2.333333333,3,4,3,3,1,2,4,2.857142857,8,2,4,3,4,1,8,2,4,744,6,1,5,4,603,142,362,155,315.5,1,1,6,2,3,5,2,2,2,2.666666667,1,1,1,1,6,2,6,2,1,5,3,1.5,6,2,1,1,1,1,1,1.166666667,3,5,1,1,1,7,1,1,1,1,2.25,2,2,6,2,2,2,2,2,2,2.444444444,4,4,4,4,1,1,1,1,1,1,1,1,1,1,1,5,5,5,5,5,6,6,Cali Stancliffe,4,1,1,4,
7/19/2024 17:36,7/19/2024 18:03,157.201.98.1,1620,1,3,4,3,4,3,4,3,3,2,4,3,4,3,3,3,4,3,4,3,4,3.35,5,5,5,5,5,5,5,5,5,5,5,5,5,5,5,5,5,5,14,14,14,14,14,14,14,14,1,1,2,1,2,1.4,2,2,2,5,3,2,2,2.571428571,5,2,3,2,3,1,4,4,3,3,1,2,4,1,5,2,4,4,2.944444444,5,5,5,5,3,4.6,3,3,3,3,3,3,3,2,4,2,4,2.857142857,3,3,2,4,3,3,3.25,2,2,2,2,2,2,2,2,2,2,2,2,3,4,2,4,2,5,7,1,3.5,54,4,2,1,2.333333333,80,1,242,1,81,1,1,5,3,5,5,5,4,4,4.333333333,1,2,3,6,4,4,4,4,3,3,5,3.5,4,4,2,2,3,3,3,2.833333333,2,6,2,2,2,6,4,3,5,3,3.875,5,3,5,3,5,3,3,3,3,3.666666667,4,4,4,4,1,2,1,3,1,1,1,1,1,1,1.3,3,3,1,1,2,6,6,Ian Blad,2,2,1,4,
7/19/2024 17:50,7/19/2024 18:21,108.147.32.2,1825,1,4,3,4,4,5,3,4,4,4,3,5,3,4,3,3,6,3,4,4,3,3.8,6,5,5,6,4,5.2,5,5,5,5,6,5.2,3,1,4,5,3,3.2,16,19,17,15,17,16,15,16.42857143,3,2,3,2,3,2.6,4,3,3,6,4,3,2,3.571428571,2,3,2,5,1,1,3,3,2,2,2,1,2,2,2,2,1,5,2.277777778,3,5,4,4,4,4,4,4,2,3,3,2,4,3,2,4,3,3.285714286,5,5,2,4,3,3,4.25,4,3,3,3.333333333,3,3,4,4,1,2,4,3,5,4,2,1,4,2,6,1,3.125,219,5,2,5,4,191,291,721,0,300.75,2,,,,,,,,,#DIV/0!,,,,,,8,,8,,,8,8,,8,,,,,,8,,8,,,,8,,,,,8,,,,,,,,,,#DIV/0!,,,,#DIV/0!,,,,,,,,,,,#DIV/0!,,,,,#DIV/0!,6,6,Tsuki Bhetwal,1,2,1,4,
7/19/2024 19:31,7/19/2024 20:02,104.153.32.196,1856,1,4,4,4,2,1,4,3,4,2,2,4,4,4,4,4,5,4,3,5,3,3.5,4,5,6,5,4,4.8,5,5,5,6,6,5.4,3,3,3,4,6,3.8,14,15,19,14,18,17,17,16.28571429,1,1,1,2,3,1.6,2,1,1,3,2,2,1,1.714285714,2,2,4,2,2,2,5,5,3,4,2,2,2,1,5,2,5,3,2.944444444,4,6,6,6,5,5.4,3,4,2,4,2,3,3,2,4,2,2,2.285714286,3,3,4,2,4,2,2.5,1,3,3,2.333333333,3,1,1,1,1,1,3,1.571428571,3,1,1,1,1,4,7,1,2.375,239,3,3,4,3.333333333,239,0,246,128,153.25,1,1,4,4,5,5,2,2,2,3.333333333,1,5,1,7,3,5,7,1,5,2,6,3.875,7,1,1,1,4,1,2,1.666666667,7,1,1,1,1,7,1,1,1,1,1.75,2,5,6,2,5,1,2,2,2,3,5,5,5,5,1,1,1,1,1,1,1,2,1,1,1.1,3,2,2,2,2.25,7,7,Tori Nielson,1,2,1,4,
7/19/2024 21:57,7/19/2024 22:19,172.56.201.87,1312,1,5,4,3,,1,2,4,4,3,4,3,2,5,3,3,3,5,3,4,2,3.315789474,4,3,3,4,3,3.4,3,3,4,4,3,3.4,4,3,3,5,5,4,17,17,17,16,17,16,16,16.57142857,1,1,1,1,2,1.2,2,2,2,3,1,1,1,1.714285714,5,4,5,2,2,2,1,2,3,4,2,1,1,2,4,1,1,2,2.444444444,4,4,4,5,4,4.2,4,3,3,2,4,2,4,2,2,4,3,3.428571429,3,3,3,3,2,4,3.25,2,1,1,1.333333333,3,3,3,3,5,5,5,3.857142857,2,2,1,1,2,4,8,1,2.625,187,4,4,1,3,87,0,90,0,44.25,1,2,1,7,6,6,6,5,6,6,6,6,6,3,3,5,3,5,6,3,5,5.25,2,6,1,2,4,3,5,3.5,1,7,1,1,1,7,7,7,7,6,5.375,6,6,6,6,6,7,7,7,7,6.444444444,5,5,5,5,1,1,1,1,1,1,1,1,1,1,1,3,3,2,2,2.5,6,7,Spencer Ford,1,2,1,4,
7/19/2024 22:14,7/19/2024 22:35,67.60.87.80,1257,1,4,4,3,4,2,5,5,4,1,4,5,4,4,3,4,5,4,3,5,3,3.8,6,6,6,6,6,6,5,6,6,5,6,5.6,6,2,4,6,6,4.8,13,13,13,15,16,15,14,14.14285714,1,2,1,1,1,1.2,2,2,2,5,5,1,2,2.714285714,2,2,3,2,1,1,4,4,2,5,1,2,3,1,4,1,5,3,2.555555556,6,6,7,7,5,6.2,2,5,1,4,2,4,2,1,3,3,1,1.714285714,3,3,3,3,4,2,2.75,1,1,1,1,2,1,3,2,1,1,4,2,5,5,1,1,3,4,6,1,3.25,197,4,3,1,2.666666667,298,0,183,73,138.5,1,1,6,2,4,5,3,5,4,3.833333333,5,6,3,6,4,4,2,6,6,5,3,4.875,2,6,5,6,6,4,6,5.5,3,5,3,5,5,3,3,5,6,6,4.5,5,4,6,2,3,3,5,5,3,4,4,4,4,4,1,1,1,2,1,1,2,1,1,2,1.3,4,4,4,4,4,6,6,Tyler Coombs,1,3,1,4,
7/19/2024 22:57,7/20/2024 0:04,205.185.110.132,4057,1,2,5,2,5,4,2,3,2,2,5,3,4,2,3,3,2,5,5,4,4,3.35,5,7,7,7,7,6.6,7,7,6,7,7,6.8,6,5,6,5,4,5.2,16,17,15,17,17,16,16,16.28571429,3,3,2,1,3,2.4,6,4,2,4,4,4,4,4,4,4,2,2,3,1,5,3,1,5,2,2,5,1,1,2,4,2,2.722222222,4,6,6,6,6,5.6,3,4,2,5,1,5,1,4,3,3,4,2.571428571,2,2,5,1,5,1,1.5,3,3,4,3.333333333,2,2,1,1,1,1,3,1.571428571,5,5,1,1,1,1,8,1,2.875,207,7,6,4,5.666666667,735,0,366,0,275.25,1,1,4,4,7,7,6,7,7,6.333333333,6,6,5,4,4,4,4,4,4,4,4,4.625,6,2,6,4,5,3,4,4,6,2,4,4,2,6,4,2,1,1,3,6,6,7,6,7,6,7,7,7,6.555555556,5,5,5,5,2,2,1,1,1,1,1,1,1,1,1.2,1,1,1,1,1,6,7,"Jerusha ""Ru"" Wilson",4,1,1,4,
7/20/2024 13:20,7/20/2024 13:45,205.185.110.100,1491,1,5,4,3,2,1,6,5,4,6,1,6,4,6,2,4,6,5,1,5,1,3.85,7,7,7,7,6,6.8,4,5,3,7,5,4.8,5,4,5,5,5,4.8,13,13,13,14,17,17,13,14.28571429,4,4,4,1,2,3,7,3,3,7,6,2,1,4.142857143,4,3,1,5,1,1,2,3,5,4,1,1,2,1,5,1,1,4,2.5,2,1,2,1,3,1.8,5,3,3,4,2,2,4,3,3,3,4,3.428571429,5,5,3,3,2,4,4.25,5,5,5,5,5,3,5,2,1,1,3,2.857142857,6,4,3,3,5,2,8,3,4.25,500,5,5,2,4,600,1,120,1,180.5,1,2,1,7,6,7,5,7,7,6.5,1,5,5,2,2,6,1,7,7,1,7,5,1,7,3,7,7,4,7,5.833333333,1,7,7,7,7,1,7,7,7,7,6.25,7,7,7,7,7,2,3,7,7,6,4,4,4,4,1,2,1,1,1,1,1,1,1,1,1.1,1,1,1,1,1,1,1,Zach Stauffer,4,1,1,4,
7/20/2024 14:21,7/20/2024 14:43,205.185.107.40,1311,1,4,4,3,3,4,5,4,4,1,2,4,4,4,4,4,2,3,4,3,4,3.5,5,3,5,5,4,4.4,4,5,4,4,5,4.4,6,3,4,5,5,4.6,14,14,14,15,16,15,14,14.57142857,1,1,1,1,3,1.4,5,6,5,6,5,4,4,5,2,1,3,2,4,3,4,3,3,4,2,3,4,3,4,2,4,4,3.055555556,2,2,3,5,6,3.6,3,3,3,3,3,3,3,3,3,3,3,3,4,4,3,3,3,3,3.5,2,2,2,2,2,1,1,1,1,1,2,1.285714286,4,4,4,4,4,4,4,4,4,4,2,4,5,3.666666667,80,0,235,99,103.5,2,,,,,,,,,#DIV/0!,,,,,,8,,8,,,8,8,,8,,,,,,8,,8,,,,8,,,,,8,,,,,,,,,,#DIV/0!,,,,#DIV/0!,,,,,,,,,,,#DIV/0!,,,,,#DIV/0!,6,6,Charlie Haglund,1,1,1,4,
7/19/2024 9:13,7/20/2024 14:57,38.43.22.122,107018,1,4,6,3,6,3,2,4,3,1,6,3,5,3,4,2,2,4,5,4,5,3.75,6,7,6,6,5,6,5,6,6,6,7,6,6,5,4,5,5,5,14,15,14,16,17,15,17,15.42857143,1,2,2,2,3,2,5,3,2,4,6,5,4,4.142857143,3,2,3,3,4,3,5,4,2,5,3,2,3,1,4,1,4,5,3.166666667,4,6,5,6,7,5.6,3,3,3,4,2,2,4,4,2,4,3,3.285714286,4,4,3,3,3,3,3.5,2,3,2,2.333333333,2,1,2,1,1,2,3,1.714285714,3,3,2,2,2,4,6,6,3.5,279,6,4,4,4.666666667,203,110,108,107,132,1,2,2,6,5,6,5,6,4,5.333333333,1,2,2,6,2,6,2,6,4,3,5,4,2,6,5,7,4,7,3,5.333333333,1,7,6,4,2,6,6,4,5,5,5.375,6,4,5,4,3,1,4,6,6,4.333333333,4,4,4,4,1,2,1,1,1,1,1,2,1,1,1.2,1,1,1,1,1,7,7,Eliza Biggs,1,1,1,4,
7/20/2024 15:01,7/20/2024 15:26,217.147.184.10,1483,1,2,3,4,3,3,3,4,3,1,5,3,4,4,4,4,3,5,4,4,2,3.4,6,6,7,6,7,6.4,6,7,6,6,6,6.2,7,6,6,6,7,6.4,14,14,17,14,17,14,13,14.71428571,2,2,3,2,2,2.2,1,1,1,6,7,7,2,3.571428571,4,2,3,3,4,3,4,3,5,5,3,2,5,5,5,1,4,5,3.666666667,5,5,7,6,5,5.6,4,4,2,4,2,3,3,2,4,2,2,2.428571429,5,5,3,3,3,3,4,1,3,3,2.333333333,1,1,3,3,3,3,3,2.428571429,5,4,2,2,4,6,8,6,4.625,245,5,1,3,3,304,0,380,273,239.25,2,,,,,,,,,#DIV/0!,,,,,,8,,8,,,8,8,,8,,,,,,8,,8,,,,8,,,,,8,,,,,,,,,,#DIV/0!,,,,#DIV/0!,,,,,,,,,,,#DIV/0!,,,,,#DIV/0!,7,7,Kalise Walker,3,1,1,4,
7/19/2024 23:11,7/20/2024 15:27,205.185.110.75,58568,1,5,3,4,4,2,5,3,6,5,2,5,6,6,2,3,4,2,2,5,2,3.8,2,7,6,7,5,5.4,5,5,6,7,7,6,7,6,5,6,7,6.2,17,13,13,13,13,15,13,13.85714286,1,2,1,1,1,1.2,7,2,5,3,7,1,1,3.714285714,1,2,5,2,5,1,5,5,2,5,1,3,5,1,5,1,5,2,3.111111111,3,7,7,6,7,6,3,3,3,4,2,3,3,3,3,3,3,2.857142857,3,3,3,3,4,2,2.75,1,1,1,1,1,2,1,1,1,1,1,1.142857143,2,2,3,1,2,4,8,6,3.5,90,4,1,5,3.333333333,99,10,372,125,151.5,1,1,6,2,4,6,2,6,1,3.5,1,5,3,6,3,5,3,5,6,3,5,4.5,5,3,3,5,4,3,3,3.5,5,3,4,3,6,2,2,6,6,6,4,4,3,3,3,2,3,4,3,2,3,3,2,3,2.666666667,2,2,3,2,3,4,4,4,3,3,3,3,2,4,3,3,7,7,Natsumi Sato,2,2,1,4,
7/20/2024 16:59,7/20/2024 17:29,172.56.150.195,1805,1,5,3,4,3,3,3,3,3,4,3,4,2,4,3,3,3,4,3,4,3,3.35,2,5,5,5,5,4.4,6,6,5,6,6,5.8,5,4,4,6,7,5.2,14,15,14,16,17,16,14,15.14285714,1,1,1,1,1,1,1,1,1,5,4,1,1,2,2,1,4,3,1,1,2,2,3,2,2,2,3,2,4,1,3,2,2.222222222,5,5,5,5,5,5,3,3,3,3,3,2,4,3,3,3,3,3.142857143,3,3,4,2,4,2,2.5,3,3,2,2.666666667,3,2,3,3,3,3,3,2.857142857,3,4,1,2,4,4,8,4,3.75,220,1,1,7,3,275,0,25,492,198,1,1,6,2,5,5,3,5,4,4,1,5,1,4,6,2,6,2,4,6,2,2.625,2,6,5,5,4,5,5,5,1,7,1,1,1,7,1,5,,5,3.857142857,5,3,5,3,3,3,4,5,5,4,4,4,4,4,1,1,1,1,1,1,1,1,1,1,1,1,1,1,1,1,6,6,Branden Johnsen,1,1,1,4,
7/20/2024 20:06,7/20/2024 20:27,65.129.43.251,1274,1,5,4,4,3,3,4,3,5,1,2,5,3,4,3,2,6,4,2,5,5,3.65,5,5,3,3,5,4.2,4,2,4,5,6,4.2,6,2,1,3,5,3.4,14,17,16,14,13,17,14,15,3,3,4,1,4,3,5,1,2,6,4,3,2,3.285714286,4,2,3,3,1,4,2,2,4,4,4,2,1,3,4,1,2,5,2.833333333,1,3,2,5,2,2.6,3,4,2,5,1,2,4,2,1,5,4,3,4,4,2,4,3,3,3.75,5,4,4,4.333333333,2,3,3,2,1,2,3,2.285714286,4,1,2,3,4,1,6,1,2.75,504,5,1,4,3.333333333,707,0,200,455,340.5,1,2,3,5,2,5,2,2,2,3,1,1,1,4,6,2,6,2,1,4,4,2,6,2,1,1,1,1,1,1.166666667,1,7,6,6,1,7,7,6,5,5,6.125,6,3,6,2,4,3,4,6,6,4.444444444,4,2,2,2.666666667,1,2,1,1,1,1,1,1,1,1,1.1,2,1,1,1,1.25,6,6,Myranda Widener,4,1,1,4,
7/20/2024 21:43,7/20/2024 21:56,205.185.105.20,773,1,6,1,2,5,4,1,5,6,2,2,6,2,6,1,2,5,2,2,5,4,3.45,6,7,7,7,7,6.8,7,7,7,7,7,7,6,6,6,6,6,6,13,13,13,13,13,18,13,13.71428571,1,1,1,1,1,1,7,1,7,7,7,7,7,6.142857143,1,1,1,1,1,1,1,1,1,1,1,1,1,1,1,1,1,1,1,7,7,7,7,7,7,3,3,3,5,1,4,2,4,4,2,4,2.714285714,4,4,4,2,4,2,3,3,4,4,3.666666667,5,2,5,5,5,5,5,4.571428571,3,3,3,2,3,4,8,8,4.25,156,5,1,5,3.666666667,111,311,315,129,216.5,2,,,,,,,,,#DIV/0!,,,,,,8,,8,,,8,8,,8,,,,,,8,,8,,,,8,,,,,8,,,,,,,,,,#DIV/0!,,,,#DIV/0!,,,,,,,,,,,#DIV/0!,,,,,#DIV/0!,6,6,David Spalding,1,1,1,4,
7/20/2024 20:51,7/20/2024 22:15,205.185.107.35,5029,1,3,4,3,5,2,4,3,3,1,5,3,4,3,4,3,3,4,4,3,4,3.4,6,5,5,6,4,5.2,5,5,5,5,5,5,5,3,4,4,3,3.8,15,17,15,17,14,15,15,15.42857143,1,2,1,1,2,1.4,3,3,3,5,4,5,3,3.714285714,4,2,3,1,1,1,4,2,1,3,1,2,3,2,3,2,3,2,2.222222222,5,5,5,5,5,5,3,3,3,3,3,4,2,2,3,3,3,2.714285714,2,2,3,3,4,2,2.25,2,3,3,2.666666667,2,2,2,1,1,1,2,1.571428571,3,4,1,3,3,4,8,2,3.5,121,5,5,3,4.333333333,121,0,180,0,75.25,1,1,3,5,5,5,5,5,4,4.833333333,3,5,3,5,3,5,5,3,3,3,5,4,4,4,3,4,3,5,3,3.666666667,6,2,3,5,3,5,5,5,5,5,4.375,5,4,4,3,4,3,4,5,5,4.111111111,4,4,4,4,1,2,1,2,2,1,1,1,1,1,1.3,3,1,1,1,1.5,6,6,Benjamin Ohlendorf,1,1,1,4,
7/20/2024 21:45,7/20/2024 22:24,217.147.184.10,2296,1,3,5,1,6,5,2,2,2,1,6,2,5,2,5,3,4,4,5,2,6,3.55,7,7,7,7,6,6.8,7,6,6,7,7,6.6,7,7,6,5,6,6.2,13,13,13,13,14,13,13,13.14285714,2,1,1,2,2,1.6,1,1,2,5,7,6,5,3.857142857,4,1,4,2,4,3,5,4,3,5,1,1,4,3,5,1,4,4,3.222222222,6,6,6,7,7,6.4,3,3,3,4,2,4,2,3,3,3,3,2.714285714,3,3,4,2,4,2,2.5,2,2,3,2.333333333,2,2,2,2,1,1,1,1.571428571,1,6,5,1,6,6,8,5,4.75,106,1,1,1,1,193,21,401,20,158.75,2,,,,,,,,,#DIV/0!,,,,,,8,,8,,,8,8,,8,,,,,,8,,8,,,,8,,,,,8,,,,,,,,,,#DIV/0!,,,,#DIV/0!,,,,,,,,,,,#DIV/0!,,,,,#DIV/0!,6,6,Arden Lott,3,1,1,4,
7/22/2024 8:02,7/22/2024 8:43,66.219.222.22,2434,1,4,6,3,5,4,4,4,3,4,4,2,4,3,4,3,2,4,5,4,4,3.8,7,7,7,6,7,6.8,5,6,6,7,7,6.2,6,7,6,6,5,6,14,13,13,14,17,15,14,14.28571429,1,2,1,2,2,1.6,1,2,3,5,6,4,2,3.285714286,4,2,4,2,3,2,5,5,2,4,2,2,4,2,5,2,4,4,3.222222222,3,6,5,6,5,5,3,4,2,5,1,4,2,2,4,2,2,2,4,2,3,3,5,1,2.5,2,3,2,2.333333333,3,1,4,3,3,3,2,2.714285714,5,5,1,3,2,3,6,3,3.5,143,1,2,4,2.333333333,145,0,119,60,81,2,,,,,,,,,#DIV/0!,,,,,,8,,8,,,8,8,,8,,,,,,8,,8,,,,8,,,,,8,,,,,,,,,,#DIV/0!,,,,#DIV/0!,,,,,,,,,,,#DIV/0!,,,,,#DIV/0!,7,7,Taylor Holtermann,3,1,1,4,
7/22/2024 9:22,7/22/2024 9:42,205.185.107.42,1226,1,3,5,3,2,3,2,2,2,1,4,3,6,2,4,2,2,5,4,2,4,3.05,7,6,6,7,6,6.4,6,6,5,5,5,5.4,7,5,5,7,6,6,13,14,14,13,13,16,15,14,3,1,1,2,1,1.6,2,3,2,2,6,2,1,2.571428571,4,2,5,2,3,3,5,5,1,5,2,2,4,2,5,2,4,2,3.222222222,6,7,6,6,7,6.4,2,4,2,4,2,4,2,2,4,2,1,1.857142857,2,1,4,2,4,2,1.75,2,2,2,2,2,2,2,2,1,1,3,1.857142857,4,5,5,2,4,4,8,2,4.25,85,3,1,3,2.333333333,180,121,0,45,86.5,1,1,3,5,6,6,6,7,7,6.166666667,2,5,6,6,1,7,1,7,7,1,7,5.875,2,6,6,7,7,7,7,6.666666667,2,6,2,2,2,6,2,2,2,2,3,6,6,6,4,4,6,6,6,6,5.555555556,5,5,5,5,1,2,1,1,1,1,1,1,1,1,1.1,1,1,1,1,1,7,7,Erin Bueler,3,1,1,4,
7/19/2024 22:02,7/19/2024 22:02,205.185.98.103,10,0,,,,,,,,,,,,,,,,,,,,,#DIV/0!,,,,,,#DIV/0!,,,,,,#DIV/0!,,,,,,#DIV/0!,,,,,,,,#DIV/0!,,,,,,#DIV/0!,,,,,,,,#DIV/0!,,,,,,,,,,,,,,,,,,,#DIV/0!,,,,,,#DIV/0!,,,6,,6,,6,,,6,,6,,,,6,,6,6,,,,#DIV/0!,,,,,,,,#DIV/0!,,,,,,,,,#DIV/0!,,,,,#DIV/0!,,,,,#DIV/0!,,,,,,,,,,#DIV/0!,,,,,,8,,8,,,8,8,,8,,,,,,8,,8,,,,8,,,,,8,,,,,,,,,,#DIV/0!,,,,#DIV/0!,,,,,,,,,,,#DIV/0!,,,,,#DIV/0!,,,,,,,,
7/18/2024 20:14,7/18/2024 20:15,205.185.110.153,90,0,,,,,,,,,,,,,,,,,,,,,#DIV/0!,,,,,,#DIV/0!,,,,,,#DIV/0!,,,,,,#DIV/0!,,,,,,,,#DIV/0!,,,,,,#DIV/0!,,,,,,,,#DIV/0!,,,,,,,,,,,,,,,,,,,#DIV/0!,,,,,,#DIV/0!,,,6,,6,,6,,,6,,6,,,,6,,6,6,,,,#DIV/0!,,,,,,,,#DIV/0!,,,,,,,,,#DIV/0!,,,,,#DIV/0!,,,,,#DIV/0!,,,,,,,,,,#DIV/0!,,,,,,8,,8,,,8,8,,8,,,,,,8,,8,,,,8,,,,,8,,,,,,,,,,#DIV/0!,,,,#DIV/0!,,,,,,,,,,,#DIV/0!,,,,,#DIV/0!,,,,,,,,
12/10/2024 18:03,12/10/2024 18:20,205.185.107.33,1002,1,5,3,4,4,5,5,4,6,5,4,5,4,4,5,5,4,6,5,5,5,4.65,6,5,5,5,6,5.4,6,6,5,7,5,5.8,6,5,6,5,5,5.4,14,14,14,15,15,14,15,14.42857143,2,3,1,3,3,2.4,5,5,4,4,6,5,4,4.714285714,2,2,2,2,1,3,3,2,2,3,2,1,2,2,4,1,4,4,2.333333333,5,4,5,6,5,5,4,3,3,3,3,4,2,4,3,3,3,3.142857143,4,4,3,3,3,3,3.5,2,4,5,3.666666667,4,3,3,4,5,4,3,3.714285714,2,1,1,2,1,3,8,1,2.375,148,2,1,5,2.666666667,87,48,148,156,109.75,1,1,3,5,5,6,5,5,4,5,5,4,4,6,3,5,4,4,5,4,4,4.625,5,3,4,5,3,5,4,4,5,3,4,5,5,3,4,3,4,5,3.875,6,6,5,5,4,6,5,4,5,5.111111111,4,4,4,4,1,1,1,1,1,1,1,1,1,1,1,3,3,4,5,3.75,6,6,Audrey Bates,1,2,1,4,
12/10/2024 18:12,12/10/2024 18:33,205.185.107.12,1241,1,4,4,4,4,3,4,3,4,1,4,4,4,4,4,4,4,3,5,4,4,3.75,5,6,6,6,6,5.8,5,6,6,6,6,5.8,6,6,6,6,6,6,13,15,18,13,18,14,16,15.28571429,1,2,1,2,1,1.4,5,6,5,5,6,6,6,5.571428571,2,2,2,3,2,2,4,4,2,4,2,2,3,2,4,2,2,3,2.611111111,5,6,6,5,5,5.4,4,4,2,4,2,4,2,4,4,2,4,2.857142857,3,2,4,2,3,3,2.5,4,3,3,3.333333333,2,2,2,2,1,2,1,1.714285714,5,4,2,2,4,3,8,1,3.625,128,4,1,3,2.666666667,318,0,270,203,197.75,1,1,3,5,6,6,1,6,6,5,4,6,6,5,1,7,1,7,7,1,7,6.125,1,7,6,6,6,6,6,6.166666667,2,6,6,6,6,2,6,6,6,6,5.5,6,6,6,5,6,6,6,6,6,5.888888889,4,4,5,4.333333333,1,2,1,1,1,1,1,1,1,1,1.1,2,2,2,2,2,6,6,Jessica South ,4,1,1,4,
12/10/2024 18:52,12/10/2024 19:09,205.185.107.40,1018,1,1,4,4,3,3,4,3,3,3,3,3,3,4,3,3,3,5,3,4,3,3.25,7,6,6,6,6,6.2,7,6,7,6,6,6.4,6,5,5,6,5,5.4,14,14,14,14,15,17,15,14.71428571,2,1,1,1,3,1.6,2,2,3,6,5,2,3,3.285714286,2,2,4,3,2,1,3,3,1,4,5,2,2,3,3,2,3,3,2.666666667,3,5,5,5,3,4.2,4,4,2,4,2,3,3,4,4,2,3,2.857142857,3,2,3,3,3,3,2.75,3,2,2,2.333333333,3,1,3,3,2,2,3,2.428571429,5,4,1,5,4,4,8,3,4.25,49,3,5,1,3,119,0,243,31,98.25,2,,,,,,,,,#DIV/0!,,,,,,8,,8,,,8,8,,8,,,,,,8,,8,,,,8,,,,,8,,,,,,,,,,#DIV/0!,,,,#DIV/0!,,,,,,,,,,,#DIV/0!,,,,,#DIV/0!,6,6,Trevor Barney,1,2,1,4,
12/10/2024 20:27,12/10/2024 21:28,65.181.53.74,3680,1,3,4,3,5,5,4,3,4,1,4,3,5,3,4,2,3,5,4,2,6,3.65,5,6,7,7,6,6.2,7,7,6,7,7,6.8,6,5,6,6,5,5.6,15,15,14,14,15,14,17,14.85714286,1,1,1,1,1,1,2,3,3,5,3,3,4,3.285714286,5,2,4,2,4,2,5,5,2,5,2,2,4,1,5,2,5,3,3.333333333,7,7,7,7,6,6.8,2,5,1,5,1,5,1,3,4,2,3,1.857142857,3,3,5,1,5,1,2,2,3,3,2.666666667,2,2,2,2,1,1,3,1.857142857,8,6,3,2,5,3,8,4,4.875,17,2,1,3,2,61,0,75,15,37.75,1,1,7,1,2,5,3,5,5,3.5,2,4,3,6,6,2,6,2,3,4,4,3.25,5,3,2,5,6,2,3,3.5,2,6,2,2,3,5,3,4,2,1,3.125,5,2,6,2,2,2,6,3,3,3.444444444,4,4,4,4,1,3,1,2,1,1,1,1,1,1,1.3,4,1,2,2,2.25,6,6,Mary Christensen,3,2,1,4,
12/10/2024 22:50,12/10/2024 23:15,157.201.64.2,1453,1,5,4,5,4,2,5,5,6,3,4,4,3,6,4,5,4,5,2,3,4,4.15,7,5,5,5,5,5.4,5,5,5,5,5,5,6,3,5,7,6,5.4,18,17,14,18,18,18,19,17.42857143,2,1,2,1,2,1.6,5,6,2,6,5,5,5,4.857142857,4,3,4,2,1,1,5,2,2,3,1,2,2,2,4,5,4,3,2.777777778,5,5,5,3,1,3.8,2,3,3,3,3,3,3,4,3,3,4,3.142857143,3,4,3,3,3,3,3.25,2,3,3,2.666666667,3,3,3,3,2,3,3,2.857142857,3,1,1,3,3,2,8,1,2.75,45,7,5,7,6.333333333,200,0,300,200,175,1,2,3,5,5,7,5,6,6,5.666666667,7,7,5,2,6,2,3,5,7,3,5,5,1,7,5,3,7,5,7,5.666666667,1,7,7,7,2,6,7,6,7,7,6.75,6,3,6,5,5,2,3,5,5,4.444444444,2,4,4,3.333333333,1,4,1,1,1,1,1,4,1,1,1.6,2,1,1,1,1.25,7,7,Chandler Bree,1,2,1,4,
12/11/2024 1:17,12/11/2024 2:04,205.185.98.28,2847,1,6,2,6,6,3,6,5,3,5,5,6,1,6,5,6,6,5,4,5,6,4.85,7,7,7,7,7,7,7,6,6,7,7,6.6,7,6,6,7,6,6.4,15,13,19,13,18,19,19,16.57142857,4,4,4,4,4,4,7,6,5,6,7,7,7,6.428571429,4,5,5,5,5,1,2,4,1,4,1,1,4,1,4,1,2,5,3.055555556,2,2,1,1,1,1.4,5,4,2,4,2,5,1,4,5,1,5,2.857142857,5,4,5,1,5,1,2.75,5,5,5,5,5,4,4,1,3,1,1,2.714285714,8,8,8,8,8,8,8,8,8,485,9,3,9,7,258,85,1000,528,467.75,2,,,,,,,,,#DIV/0!,,,,,,8,,8,,,8,8,,8,,,,,,8,,8,,,,8,,,,,8,,,,,,,,,,#DIV/0!,,,,#DIV/0!,,,,,,,,,,,#DIV/0!,,,,,#DIV/0!,7,6,Mercy Mackenzie,4,1,1,4,
12/11/2024 8:49,12/11/2024 9:05,157.201.96.100,902,1,5,4,4,4,4,4,4,4,4,3,4,4,4,3,3,4,4,5,4,4,3.95,5,5,6,5,5,5.2,6,6,5,5,5,5.4,6,5,5,,4,5,16,17,16,16,17,16,16,16.28571429,1,4,2,1,3,2.2,4,4,4,4,4,4,4,4,4,2,2,2,2,2,4,4,2,3,5,2,5,2,4,2,4,2,2.944444444,6,6,5,5,5,5.4,3,3,3,3,3,3,3,3,3,3,3,3,3,3,4,2,4,2,2.5,2,3,3,2.666666667,3,3,3,3,3,3,3,3,5,5,5,1,5,5,5,5,4.5,495,5,1,5,3.666666667,651,628,635,772,671.5,1,1,4,4,4,4,4,4,4,4,4,4,4,4,4,4,4,4,4,4,4,4,4,4,4,4,4,4,4,4,4,4,4,4,4,4,4,4,4,4,4,4,4,4,4,4,4,4,4,4,4,3,3,3,3,1,1,1,1,1,1,1,1,1,1,1,1,1,1,1,1,6,6,Josie Puckett,3,1,1,4,
12/11/2024 9:10,12/11/2024 9:27,157.201.98.1,1011,1,5,4,4,4,4,3,3,4,1,2,4,4,3,3,3,3,4,4,2,3,3.35,4,4,6,7,6,5.4,4,4,4,6,7,5,7,4,3,3,3,4,13,13,13,15,14,16,15,14.14285714,1,2,2,2,1,1.6,4,5,1,5,5,4,3,3.857142857,3,1,1,4,3,3,3,3,4,5,1,3,4,2,5,1,4,5,3.055555556,3,3,3,3,2,2.8,3,3,3,2,4,3,3,3,4,2,3,3,5,5,2,4,3,3,4.25,4,4,4,4,1,1,1,1,1,1,1,1,5,3,1,4,2,1,8,2,3.25,103,3,1,3,2.333333333,39,0,80,0,29.75,2,,,,,,,,,#DIV/0!,,,,,,8,,8,,,8,8,,8,,,,,,8,,8,,,,8,,,,,8,,,,,,,,,,#DIV/0!,,,,#DIV/0!,,,,,,,,,,,#DIV/0!,,,,,#DIV/0!,7,7,Ivania Monterroso,4,1,1,4,
12/11/2024 9:05,12/11/2024 9:28,157.201.96.100,1385,1,4,3,4,3,2,2,2,3,5,3,4,3,4,3,4,3,4,3,4,3,3.3,6,7,7,7,7,6.8,7,7,7,7,7,7,6,3,5,7,5,5.2,15,17,15,17,18,15,15,16,1,1,1,1,1,1,5,4,3,3,5,3,6,4.142857143,3,1,3,2,2,1,4,4,1,5,2,1,4,1,5,1,4,2,2.555555556,7,7,7,7,7,7,2,4,2,4,2,3,3,1,4,2,1,1.857142857,2,1,4,2,5,1,1.5,1,1,1,1,1,1,1,1,1,1,1,1,1,1,1,1,1,1,6,1,1.625,85,9,1,1,3.666666667,177,11,83,151,105.5,2,,,,,,,,,#DIV/0!,,,,,,8,,8,,,8,8,,8,,,,,,8,,8,,,,8,,,,,8,,,,,,,,,,#DIV/0!,,,,#DIV/0!,,,,,,,,,,,#DIV/0!,,,,,#DIV/0!,7,7,Aubri Rowe,1,1,1,4,
12/11/2024 9:05,12/11/2024 9:33,157.201.98.1,1687,1,3,5,5,4,2,2,2,3,1,3,3,4,3,3,5,5,6,2,3,2,3.3,6,6,6,6,5,5.8,5,6,6,6,6,5.8,3,5,2,2,2,2.8,15,15,15,14,17,17,13,15.14285714,1,4,1,1,2,1.8,5,5,5,6,6,5,5,5.285714286,3,2,2,2,1,2,3,2,2,2,1,1,2,1,4,1,2,4,2.055555556,3,3,3,5,5,3.8,3,3,3,3,3,3,3,3,3,3,3,3,4,3,3,3,3,3,3.25,2,3,3,2.666666667,3,1,2,2,1,3,3,2.142857143,2,2,3,2,2,2,6,3,2.75,291,4,1,4,3,301,10,526,22,214.75,1,1,5,3,7,7,3,6,6,5.333333333,6,7,5,6,5,3,2,6,6,2,6,5.625,2,6,2,6,6,6,6,5.333333333,2,6,2,6,2,6,4,6,6,2,4.75,5,6,6,2,2,3,6,5,5,4.444444444,4,4,4,4,1,1,1,2,2,1,1,1,1,1,1.2,4,4,2,3,3.25,7,7,Ashlee Hart,2,1,1,4,
12/11/2024 9:05,12/11/2024 9:45,157.201.96.100,2381,1,4,4,2,5,5,3,4,3,2,5,3,4,3,2,2,4,3,5,2,4,3.45,6,6,6,6,6,6,6,6,6,6,6,6,6,2,6,6,6,5.2,14,14,14,14,14,13,13,13.71428571,3,1,1,1,1,1.4,2,2,2,6,6,3,6,3.857142857,1,2,1,4,1,1,3,3,1,3,1,1,3,1,3,1,1,3,1.888888889,6,6,3,6,6,5.4,3,4,2,4,2,4,2,2,3,3,3,2.428571429,3,1,1,5,3,3,3,4,3,3,3.333333333,3,3,3,3,3,3,3,3,8,4,4,2,4,2,8,6,4.75,118,1,1,4,2,120,0,360,32,128,2,,,,,,,,,#DIV/0!,,,,,,8,,8,,,8,8,,8,,,,,,8,,8,,,,8,,,,,8,,,,,,,,,,#DIV/0!,,,,#DIV/0!,,,,,,,,,,,#DIV/0!,,,,,#DIV/0!,7,7,Brynn Butler,4,1,1,4,
12/11/2024 10:25,12/11/2024 11:11,157.201.96.100,2739,1,5,5,2,5,5,5,5,2,5,5,2,5,4,5,2,1,5,5,2,5,4,6,5,6,6,6,5.8,6,6,6,6,6,6,6,5,5,6,6,5.6,14,14,14,14,14,14,13,13.85714286,1,2,2,1,2,1.6,6,5,6,5,6,3,5,5.142857143,4,1,3,3,1,1,4,4,2,5,1,1,5,1,4,1,4,3,2.666666667,5,5,5,6,5,5.2,2,2,4,4,2,4,2,2,4,2,2,2.285714286,3,3,4,2,4,2,2.5,4,3,3,3.333333333,2,2,2,2,2,2,2,2,5,1,4,2,3,1,1,5,2.75,298,4,1,4,3,501,42,394,212,287.25,1,1,3,5,6,6,6,6,6,5.833333333,3,6,4,6,2,6,3,5,2,2,6,4.75,3,5,5,5,5,5,3,4.666666667,4,4,,5,3,5,6,6,7,6,5.571428571,6,6,6,5,,5,6,5,4,5.375,4,4,4,4,1,2,1,1,1,1,1,1,1,1,1.1,2,1,1,1,1.25,7,7,Alyssa Brown ,4,1,1,4,
12/11/2024 10:24,12/11/2024 11:16,157.201.98.1,3128,1,3,2,4,4,4,2,3,4,1,3,3,3,5,3,3,4,5,3,2,3,3.2,4,5,5,4,5,4.6,4,6,6,5,6,5.4,5,4,6,5,5,5,14,14,14,13,15,13,13,13.71428571,2,2,2,1,1,1.6,1,2,2,6,4,5,1,3,4,2,3,2,3,3,3,4,3,4,3,3,3,2,5,2,3,3,3.055555556,4,5,5,6,5,5,3,4,2,3,3,3,3,3,3,3,2,2.714285714,4,4,3,3,3,3,3.5,3,3,3,3,2,2,1,1,1,1,3,1.571428571,5,4,1,2,2,4,6,1,3.125,59,4,1,1,2,90,0,723,0,203.25,1,2,2,6,4,6,5,5,5,5.166666667,4,5,2,4,4,4,4,4,4,3,5,4,4,4,3,3,1,,2,2.6,3,5,4,6,3,5,6,5,5,4,5,6,6,6,6,6,5,5,5,3,5.333333333,5,5,5,5,1,1,1,1,1,1,1,1,1,1,1,4,4,2,2,3,7,7,Gabriel Costa e Silva,1,3,1,4,
12/11/2024 10:35,12/11/2024 11:17,205.185.107.50,2495,1,1,5,3,4,2,2,5,2,2,5,3,4,2,4,4,2,3,5,3,5,3.3,6,6,6,6,5,5.8,5,6,6,6,6,5.8,5,5,3,3,3,3.8,14,17,14,13,13,18,13,14.57142857,1,2,2,3,1,1.8,5,5,5,3,6,3,3,4.285714286,4,2,4,4,3,3,3,3,3,4,2,2,3,3,3,2,3,4,3.055555556,6,6,6,6,6,6,3,3,3,4,2,3,3,3,3,3,3,2.857142857,4,3,4,2,3,3,3,3,2,2,2.333333333,2,1,3,2,1,2,2,1.857142857,5,4,1,2,2,2,7,3,3.25,34,1,3,5,3,104,203,2,75,96,1,1,2,6,6,6,5,6,6,5.833333333,2,3,6,5,5,3,5,3,5,3,5,4,3,5,5,4,4,6,2,4.333333333,5,3,3,5,5,3,6,3,2,1,3.25,5,6,6,3,5,5,5,6,6,5.222222222,3,3,3,3,2,2,2,1,1,1,1,1,1,1,1.3,2,1,1,1,1.25,6,6,Heidi Warner,4,1,1,4,
12/11/2024 11:51,12/11/2024 12:11,172.56.150.186,1249,1,6,6,6,6,6,6,6,6,6,6,6,6,6,6,6,6,6,6,6,6,6,7,7,7,7,7,7,7,7,7,7,7,7,7,7,7,7,7,7,19,19,19,19,19,19,19,19,2,4,2,1,3,2.4,4,4,4,4,4,4,4,4,1,1,1,2,3,1,1,4,1,3,2,1,1,1,1,3,1,1,1.611111111,7,7,7,,7,7,4,4,2,4,2,4,2,4,4,2,4,2.857142857,3,3,3,3,3,3,3,3,3,3,3,3,3,3,3,3,3,3,3,1,3,1,1,1,,1,1,1.285714286,649,5,5,5,5,551,591,843,295,570,1,1,4,4,5,5,5,5,5,4.833333333,5,5,5,3,5,3,2,6,5,2,6,4.75,3,5,3,5,5,5,4,4.5,3,5,3,6,2,6,5,5,4,5,4.875,5,5,5,5,5,5,5,5,5,5,4,4,4,4,2,2,2,2,2,2,2,3,2,2,2.1,3,3,3,3,3,6,6,Kayden Parker,1,2,1,4,
12/11/2024 12:44,12/11/2024 13:06,157.201.64.1,1320,1,4,5,3,4,2,2,4,5,1,4,5,4,4,2,3,5,5,4,4,5,3.75,6,3,5,1,5,4,4,3,5,1,5,3.6,6,2,6,5,5,4.8,14,14,15,16,18,16,13,15.14285714,1,2,1,1,1,1.2,3,2,2,4,5,1,1,2.571428571,5,4,4,2,3,2,4,3,2,4,2,2,4,1,5,2,4,2,3.055555556,6,6,5,5,5,5.4,2,4,2,4,2,4,2,2,4,2,2,2,2,3,4,2,4,2,2.25,2,2,2,2,2,2,1,1,1,1,2,1.428571429,2,4,1,3,2,4,8,1,3.125,58,1,1,5,2.333333333,127,4,424,123,169.5,1,1,5,3,6,6,5,5,5,5,2,6,3,6,2,6,3,5,5,5,3,4.5,7,1,5,3,4,5,1,3.166666667,7,1,5,3,6,2,3,5,5,1,3.125,5,5,6,4,4,3,6,5,5,4.777777778,5,5,5,5,1,1,1,2,1,1,1,1,1,1,1.1,1,1,1,1,1,6,6,Tyler Knorpp,1,2,1,4,
12/11/2024 12:47,12/11/2024 13:24,205.185.105.21,2221,1,4,4,4,4,3,3,3,4,1,4,3,4,4,3,2,2,4,4,4,5,3.45,5,3,4,6,7,5,2,3,5,4,7,4.2,7,6,6,5,4,5.6,14,14,14,14,14,15,16,14.42857143,1,2,1,1,2,1.4,2,3,1,5,3,2,3,2.714285714,3,1,3,3,2,2,3,3,4,4,2,1,3,2,4,1,3,4,2.666666667,5,6,6,6,4,5.4,4,4,2,3,3,2,4,2,2,4,4,3.285714286,4,4,3,3,3,3,3.5,1,1,1,1,2,1,3,3,2,3,3,2.428571429,4,4,1,2,1,4,8,4,3.5,29,1,4,5,3.333333333,186,0,180,121,121.75,1,1,6,2,5,5,2,5,4,3.833333333,1,3,4,6,4,4,3,5,2,4,4,3.625,3,5,5,5,3,3,2,3.833333333,7,1,7,7,1,7,7,4,6,2,5.125,3,2,6,4,5,5,6,4,4,4.333333333,5,5,5,5,2,4,2,1,1,1,1,1,1,1,1.5,5,4,4,3,4,7,7,Kaleb  Cox,1,1,1,4,
12/11/2024 13:31,12/11/2024 14:00,157.201.96.100,1695,1,4,4,3,4,4,5,4,3,4,4,4,4,4,4,5,2,3,4,4,4,3.85,6,7,7,7,7,6.8,6,7,7,7,7,6.8,6,5,5,6,5,5.4,14,14,15,13,17,16,14,14.71428571,1,2,1,2,1,1.4,2,4,5,6,6,4,7,4.857142857,3,2,4,2,4,3,5,4,2,5,2,2,4,2,5,1,5,4,3.277777778,6,7,7,7,7,6.8,3,4,2,5,1,4,2,3,4,2,2,2.142857143,4,4,3,3,3,3,3.5,3,2,2,2.333333333,2,1,2,1,1,1,3,1.571428571,3,2,1,1,3,4,7,1,2.75,97,4,1,4,3,169,15,244,59,121.75,1,1,4,4,7,7,6,7,7,6.333333333,3,5,6,4,2,6,2,6,6,2,6,5.25,1,7,7,7,7,7,7,7,1,7,3,5,5,3,4,5,6,1,4.25,6,5,6,5,6,5,6,5,5,5.444444444,5,5,5,5,1,2,1,1,1,1,1,1,1,1,1.1,2,2,1,1,1.5,6,7,Addie Thueson ,1,1,1,4,
12/11/2024 13:50,12/11/2024 14:34,174.247.148.22,2603,1,2,4,2,4,5,3,4,2,1,4,2,4,2,4,4,4,4,5,2,3,3.25,6,5,6,6,5,5.6,4,6,6,6,6,5.6,6,3,6,6,6,5.4,14,14,14,13,16,14,14,14.14285714,2,2,2,1,1,1.6,4,5,5,5,5,5,2,4.428571429,4,2,3,3,2,2,2,4,2,3,2,2,4,2,4,2,4,4,2.833333333,6,6,6,6,2,5.2,1,4,2,4,2,3,3,1,4,2,2,1.857142857,4,3,3,3,4,2,3,2,2,2,2,2,2,2,2,1,2,3,2,4,2,1,1,4,4,6,1,2.875,61,4,3,2,3,120,0,180,10,77.5,1,1,2,6,6,6,6,6,6,6,2,6,6,6,2,6,2,6,6,2,6,5.5,2,6,6,6,6,6,6,6,2,6,6,2,6,2,2,2,2,2,3,6,6,6,4,6,4,6,5,5,5.333333333,4,4,3,3.666666667,1,3,1,1,1,1,1,3,1,1,1.4,1,1,1,1,1,6,6,Tanner Mecham,1,1,1,4,
12/11/2024 15:13,12/11/2024 15:37,38.43.17.35,1434,1,5,5,5,5,5,4,5,4,5,6,4,3,5,5,5,5,5,5,5,5,4.8,6,6,7,7,7,6.6,6,7,7,7,6,6.6,7,3,6,6,6,5.6,14,15,17,13,13,15,18,15,2,2,1,2,2,1.8,6,6,6,7,7,7,7,6.571428571,4,3,4,3,2,2,4,4,2,5,3,2,3,2,5,3,3,4,3.222222222,3,5,3,6,5,4.4,4,4,2,4,2,2,4,4,2,4,4,3.428571429,5,5,3,3,3,3,4,3,2,2,2.333333333,4,3,4,4,4,4,3,3.714285714,4,3,1,2,1,1,8,4,3,95,1,2,1,1.333333333,84,0,397,0,120.25,1,1,2,6,6,6,6,4,6,5.666666667,2,5,4,6,1,7,2,6,6,1,7,5.375,3,5,6,6,6,6,3,5.333333333,3,5,6,6,1,7,6,6,7,7,6.25,6,6,6,6,6,6,6,6,4,5.777777778,5,5,5,5,1,1,1,1,1,1,1,1,1,1,1,4,1,2,2,2.25,6,6,Nicolas Perez,1,1,1,4,
12/11/2024 15:24,12/11/2024 16:16,205.185.105.17,3123,1,5,5,3,5,4,3,3,4,2,4,5,4,4,3,3,3,4,4,3,4,3.75,6,5,6,6,5,5.6,5,6,5,6,6,5.6,5,3,5,6,5,4.8,15,17,17,17,17,17,14,16.28571429,2,3,2,1,1,1.8,3,3,3,5,4,3,3,3.428571429,4,2,4,3,3,3,4,3,3,4,2,3,4,3,3,2,4,3,3.166666667,3,4,3,3,4,3.4,3,3,3,4,2,3,3,4,4,2,3,2.857142857,4,4,3,3,3,3,3.5,3,2,2,2.333333333,2,2,2,2,2,2,2,2,7,4,3,4,4,2,6,6,4.5,200,5,1,9,5,201,59,242,61,140.75,1,1,2,6,6,6,5,5,6,5.666666667,5,5,4,3,3,5,2,6,6,2,6,5,3,5,5,4,5,5,5,4.833333333,2,6,5,4,4,4,4,4,5,5,4.625,6,6,6,5,5,4,6,6,6,5.555555556,4,4,4,4,1,1,1,2,1,1,1,1,1,1,1.1,1,1,1,1,1,7,7,Evelin Magana,4,2,1,4,
12/11/2024 10:22,12/11/2024 17:43,205.185.107.16,26419,1,5,5,2,5,4,5,5,5,1,5,2,5,3,4,2,2,5,5,3,3,3.8,6,6,6,6,6,6,6,6,6,6,6,6,4,4,4,5,5,4.4,14,14,15,17,14,15,16,15,1,3,1,1,1,1.4,3,2,3,4,7,1,2,3.142857143,1,3,4,3,2,1,5,5,2,4,2,2,4,2,5,1,5,2,2.944444444,6,6,6,6,5,5.8,2,4,2,4,2,4,2,3,3,3,2,2.285714286,3,3,5,1,5,1,2,1,2,1,1.333333333,2,2,2,1,2,1,3,1.857142857,8,3,3,4,3,3,8,7,4.875,90,4,2,4,3.333333333,241,0,118,62,105.25,2,,,,,,,,,#DIV/0!,,,,,,8,,8,,,8,8,,8,,,,,,8,,8,,,,8,,,,,8,,,,,,,,,,#DIV/0!,,,,#DIV/0!,,,,,,,,,,,#DIV/0!,,,,,#DIV/0!,6,6,Olivia Waites,2,1,1,4,
12/11/2024 18:09,12/11/2024 18:31,198.12.16.253,1342,1,4,4,4,5,2,4,2,5,1,4,4,4,3,3,3,4,4,2,4,5,3.55,6,6,6,6,6,6,6,6,6,6,6,6,6,2,5,6,6,5,17,17,14,14,18,17,17,16.28571429,2,1,2,1,2,1.6,5,2,5,6,6,3,3,4.285714286,4,2,4,3,4,3,5,4,2,4,3,2,4,2,4,1,5,3,3.277777778,5,6,6,6,5,5.6,2,4,2,4,2,4,2,2,4,2,2,2,3,4,4,2,4,2,2.75,2,3,2,2.333333333,3,3,3,4,4,4,4,3.571428571,5,3,1,3,5,3,8,1,3.625,34,3,1,6,3.333333333,161,0,200,23,96,1,2,6,2,5,6,3,4,3,3.833333333,2,4,5,6,6,2,6,2,2,6,2,3.125,6,2,6,6,6,6,2,4.666666667,2,6,4,2,6,2,6,2,2,2,3.25,3,6,5,2,2,2,2,2,2,2.888888889,3,3,3,3,1,2,1,1,1,1,1,2,1,2,1.3,4,5,5,4,4.5,7,6,Natalie Stucki,2,2,1,4,
12/11/2024 19:10,12/11/2024 19:42,157.201.96.100,1914,1,2,4,3,4,5,2,5,2,1,4,2,6,3,5,2,2,5,5,2,4,3.4,6,7,7,7,6,6.6,5,7,7,7,7,6.6,7,7,5,6,7,6.4,13,13,13,13,13,13,13,13,1,1,1,1,1,1,2,1,2,2,4,1,2,2,5,2,4,3,3,2,5,5,1,5,1,2,5,1,5,3,5,2,3.277777778,6,6,6,6,6,6,1,4,2,5,1,4,2,1,4,2,2,1.571428571,2,1,5,1,5,1,1.25,2,1,1,1.333333333,2,1,2,2,2,2,3,2,4,4,1,1,3,3,8,3,3.375,0,1,1,1,1,30,0,200,0,57.5,1,1,5,3,5,7,3,4,5,4.5,1,5,5,7,5,3,2,6,5,2,6,4.75,4,4,6,2,5,5,2,4,6,2,3,6,6,2,5,1,1,1,2.625,5,5,5,5,5,4,4,2,2,4.111111111,5,5,5,5,1,1,1,1,1,1,1,1,1,1,1,1,1,1,1,1,6,7,Karen Abegglen,1,1,1,4,
12/11/2024 19:27,12/11/2024 20:04,67.60.209.187,2242,1,3,4,3,4,4,3,4,4,2,4,4,4,4,3,4,2,4,4,4,4,3.6,6,5,6,6,6,5.8,5,6,6,6,6,5.8,7,5,5,7,6,6,15,17,15,15,15,15,15,15.28571429,2,3,1,1,2,1.8,6,6,5,3,7,5,6,5.428571429,4,3,4,2,2,2,5,4,2,4,2,1,3,1,4,2,4,4,2.944444444,5,6,5,6,5,5.4,3,4,2,3,3,4,2,3,4,2,3,2.571428571,4,4,4,2,4,2,3,2,4,4,3.333333333,4,4,4,4,2,3,4,3.571428571,3,3,5,4,4,5,7,5,4.5,310,5,1,5,3.666666667,304,37,510,236,271.75,2,,,,,,,,,#DIV/0!,,,,,,8,,8,,,8,8,,8,,,,,,8,,8,,,,8,,,,,8,,,,,,,,,,#DIV/0!,,,,#DIV/0!,,,,,,,,,,,#DIV/0!,,,,,#DIV/0!,6,6,Brooklyne Perry,1,2,1,4,
12/11/2024 19:33,12/11/2024 20:09,157.201.96.100,2152,1,2,3,2,4,5,4,5,3,4,5,2,5,3,4,2,2,4,5,2,4,3.5,7,7,7,7,6,6.8,6,5,5,6,6,5.6,5,2,2,5,6,4,13,13,13,13,13,15,17,13.85714286,2,3,2,2,1,2,1,1,1,5,7,1,1,2.428571429,4,3,4,2,3,1,2,3,2,4,2,1,3,1,4,2,2,3,2.555555556,5,6,6,6,5,5.6,4,3,3,4,2,3,3,4,3,3,5,3.428571429,4,3,2,4,2,4,3.75,1,1,1,1,1,1,1,1,1,1,5,1.571428571,3,2,1,2,1,1,8,5,2.875,42,1,1,5,2.333333333,131,104,225,90,137.5,1,1,1,7,6,6,6,6,6,6.166666667,7,6,6,6,1,7,1,7,6,1,7,6.5,1,7,4,2,4,4,4,4.166666667,5,3,3,2,5,3,3,2,2,5,2.875,6,6,6,6,6,6,6,6,3,5.666666667,3,3,3,3,1,1,1,1,1,1,1,1,1,1,1,1,1,1,1,1,6,6,Teresa Nielsen,1,1,2,4,
12/11/2024 11:01,12/11/2024 21:28,205.185.107.45,37605,1,4,,3,4,3,3,4,4,2,5,4,5,2,3,3,4,5,4,3,5,3.684210526,5,5,5,5,6,5.2,6,6,6,6,6,6,5,3,4,4,5,4.2,16,17,16,15,18,16,17,16.42857143,2,2,2,1,1,1.6,4,5,4,6,6,6,4,5,1,3,3,3,1,2,3,3,1,4,1,1,2,1,4,1,3,5,2.333333333,5,5,4,6,5,5,3,3,3,4,2,3,3,3,3,3,3,2.857142857,4,4,3,3,3,3,3.5,2,4,3,3,3,3,3,3,3,3,3,3,3,3,2,3,3,4,8,2,3.5,93,4,3,5,4,120,3,200,117,110,1,1,5,3,3,4,3,3,4,3.333333333,2,4,2,4,6,2,6,2,2,6,2,2.5,6,2,2,2,2,2,2,2,2,6,2,2,6,2,2,2,2,2,2.5,5,2,6,5,2,4,4,4,4,4,4,4,4,4,1,3,3,1,2,1,1,1,2,1,1.6,5,3,4,4,4,1,1,Erin Storer,1,2,1,4,
12/11/2024 21:44,12/11/2024 22:05,65.181.53.74,1303,1,5,3,4,3,3,5,3,5,2,3,5,6,5,2,5,6,6,3,4,5,4.15,6,5,5,5,5,5.2,6,6,6,6,6,6,5,5,5,5,3,4.6,14,17,17,13,17,17,13,15.42857143,3,3,2,1,2,2.2,7,6,5,5,5,5,5,5.428571429,4,3,4,4,4,4,4,3,3,3,2,1,2,3,2,2,4,3,3.055555556,5,5,5,5,3,4.6,3,4,2,4,2,4,2,1,4,2,2,2,3,3,3,3,4,2,2.75,3,3,3,3,4,1,3,1,1,1,3,2,5,1,1,1,1,1,8,4,2.75,208,5,1,1,2.333333333,198,19,416,19,163,2,,,,,,,,,#DIV/0!,,,,,,8,,8,,,8,8,,8,,,,,,8,,8,,,,8,,,,,8,,,,,,,,,,#DIV/0!,,,,#DIV/0!,,,,,,,,,,,#DIV/0!,,,,,#DIV/0!,6,6,Darlene Acosta,4,1,1,4,
12/11/2024 23:25,12/11/2024 23:45,192.225.180.2,1228,1,5,4,4,5,2,2,2,4,2,4,5,3,5,4,4,5,4,3,4,2,3.65,6,5,6,4,5,5.2,5,5,6,6,6,5.6,5,1,4,5,5,4,17,17,15,14,17,18,16,16.28571429,2,1,4,1,2,2,1,1,1,5,3,5,1,2.428571429,5,4,3,2,2,3,4,2,3,3,4,2,2,3,4,5,3,5,3.277777778,3,5,4,6,1,3.8,4,4,2,2,4,3,3,4,3,3,2,3.142857143,5,5,3,3,3,3,4,3,4,5,4,4,4,5,5,3,3,4,4,2,1,1,3,1,1,6,1,2,280,4,6,3,4.333333333,270,0,299,61,157.5,1,1,2,6,6,6,5,6,6,5.833333333,6,6,4,2,3,5,3,5,5,3,5,4.75,2,6,5,6,6,6,6,5.833333333,1,7,7,7,1,7,7,7,7,7,7,6,5,6,5,6,2,5,6,6,5.222222222,4,4,3,3.666666667,1,1,1,1,1,4,2,2,1,2,1.6,1,1,1,1,1,6,4,Dallin Dimmitt,1,2,1,4,
12/12/2024 8:56,12/12/2024 9:24,4.43.60.6,1648,1,4,4,5,4,3,4,3,4,1,4,3,4,3,3,4,5,3,3,4,4,3.6,6,6,6,6,6,6,6,6,6,6,6,6,4,3,5,6,3,4.2,17,17,15,14,17,16,15,15.85714286,3,2,2,2,2,2.2,1,3,3,5,5,2,3,3.142857143,3,3,3,3,3,2,4,3,2,4,2,2,3,2,4,2,2,5,2.888888889,5,5,5,5,4,4.8,3,3,3,3,3,3,3,4,2,4,4,3.428571429,5,3,3,3,3,3,3.5,2,3,3,2.666666667,3,3,4,4,1,2,3,2.857142857,6,4,2,4,4,3,6,5,4.25,151,4,1,3,2.666666667,234,73,121,0,107,1,,6,2,3,3,2,2,2,2.333333333,1,1,1,7,6,2,6,2,2,6,2,2.25,5,3,2,3,2,5,3,3,2,6,5,6,2,6,6,2,2,5,4.75,2,2,3,1,1,1,1,1,1,1.444444444,5,5,5,5,1,2,2,2,2,1,1,1,1,1,1.4,2,1,1,1,1.25,7,7,Ava Bogan,1,2,1,4,
12/12/2024 11:12,12/12/2024 11:58,192.225.189.130,2752,1,2,3,3,2,2,5,3,2,4,3,3,3,5,4,2,2,5,4,4,3,3.2,6,6,3,6,6,5.4,4,5,3,6,6,4.8,6,3,3,6,5,4.6,14,14,17,13,14,13,13,14,4,3,4,4,4,3.8,2,5,5,6,6,6,2,4.571428571,3,3,4,5,1,2,3,3,2,3,3,2,3,4,5,3,4,2,3.055555556,5,5,2,6,7,5,3,2,4,3,3,3,3,4,2,4,3,3.428571429,3,3,3,3,3,3,3,3,1,2,2,1,1,3,3,1,1,3,1.857142857,8,4,3,4,1,1,8,1,3.75,602,4,1,3,2.666666667,287,0,712,290,322.25,1,1,6,2,5,6,2,2,1,3,1,1,3,5,2,6,2,6,6,2,6,4.25,2,6,6,6,5,6,6,5.833333333,2,6,3,2,2,6,6,6,6,6,5.125,2,2,5,1,1,1,6,6,6,3.333333333,4,4,4,4,1,2,1,1,1,1,1,1,1,1,1.1,2,1,1,1,1.25,7,6,Alina Keele,4,1,1,4,
12/12/2024 15:46,12/12/2024 16:18,157.201.96.100,1911,1,3,4,4,2,1,4,1,4,1,1,4,4,5,2,4,4,5,2,5,2,3.1,6,6,6,7,7,6.4,6,7,6,6,7,6.4,6,4,3,3,3,3.8,13,13,13,13,18,13,13,13.71428571,2,2,3,1,2,2,1,5,5,5,5,2,2,3.571428571,2,2,4,3,3,5,3,3,5,3,3,3,4,2,3,2,4,4,3.222222222,2,5,3,5,3,3.6,4,3,3,3,3,3,3,3,3,3,2,3,4,4,3,3,3,3,3.5,4,3,4,3.666666667,3,2,2,2,1,1,4,2.142857143,3,1,1,3,2,3,8,1,2.75,400,2,2,4,2.666666667,300,0,400,30,182.5,2,,,,,,,,,#DIV/0!,,,,,,8,,8,,,8,8,,8,,,,,,8,,8,,,,8,,,,,8,,,,,,,,,,#DIV/0!,,,,#DIV/0!,,,,,,,,,,,#DIV/0!,,,,,#DIV/0!,7,7,Jack Hatch,4,2,1,4,
12/12/2024 15:36,12/12/2024 16:27,205.185.107.15,3023,1,4,4,5,4,2,2,4,4,1,3,3,5,3,4,4,4,6,4,2,4,3.6,6,5,6,5,4,5.2,6,6,5,6,5,5.6,5,2,5,4,3,3.8,15,17,17,15,18,17,18,16.71428571,3,2,3,1,2,2.2,5,5,3,6,6,4,4,4.714285714,4,3,3,4,2,3,3,2,2,4,3,4,3,2,4,3,3,3,3.055555556,3,4,4,5,5,4.2,3,4,2,4,2,3,3,3,3,3,3,2.714285714,3,3,3,3,4,2,2.75,4,4,4,4,3,3,3,3,2,1,3,2.571428571,3,2,3,2,2,2,8,1,2.875,214,4,3,5,4,145,3,173,19,85,1,1,5,3,3,6,4,5,4,4.166666667,2,3,5,6,3,5,5,3,3,4,4,3.875,3,5,5,5,3,6,3,4.5,2,6,5,5,7,1,6,6,4,6,4.875,5,5,6,3,3,2,5,3,2,3.777777778,4,4,4,4,1,4,2,2,1,1,2,2,1,1,1.7,2,1,1,1,1.25,7,7,Justin Kunzler,4,2,1,4,
12/12/2024 12:57,12/12/2024 16:28,205.185.110.140,12648,1,4,6,5,4,3,4,4,5,4,5,4,5,5,4,2,3,3,5,4,4,4.15,5,6,4,5,4,4.8,7,4,4,5,4,4.8,7,3,5,5,6,5.2,19,15,14,19,17,13,16,16.14285714,4,3,3,3,4,3.4,7,6,5,7,5,4,5,5.571428571,2,4,2,4,3,5,4,2,3,3,4,3,4,5,5,1,3,5,3.444444444,4,7,5,7,5,5.6,3,3,3,4,2,4,2,5,3,3,5,3.285714286,5,4,3,3,3,3,3.75,3,2,2,2.333333333,2,2,2,3,2,2,3,2.285714286,8,4,5,2,5,1,7,7,4.875,135,7,6,7,6.666666667,174,0,129,70,93.25,2,,,,,,,,,#DIV/0!,,,,,,8,,8,,,8,8,,8,,,,,,8,,8,,,,8,,,,,8,,,,,,,,,,#DIV/0!,,,,#DIV/0!,,,,,,,,,,,#DIV/0!,,,,,#DIV/0!,7,6,Karembly Villa,5,3,1,4,
12/12/2024 17:01,12/12/2024 17:10,205.185.105.14,524,1,6,4,6,6,5,3,6,6,6,6,6,6,6,6,6,6,6,6,6,6,5.7,7,7,7,7,7,7,7,7,7,7,7,7,7,7,7,7,7,7,19,19,19,19,19,19,19,19,1,1,3,1,1,1.4,7,7,7,7,7,7,7,7,5,5,3,5,3,3,3,2,3,3,3,1,3,3,3,3,3,3,3.166666667,7,7,7,7,7,7,3,3,3,3,3,3,3,3,3,3,3,3,3,3,3,3,3,3,3,3,3,3,3,3,3,3,3,3,3,3,3,5,5,5,5,5,5,5,5,5,480,7,2,4,4.333333333,423,434,862,183,475.5,2,,,,,,,,,#DIV/0!,,,,,,8,,8,,,8,8,,8,,,,,,8,,8,,,,8,,,,,8,,,,,,,,,,#DIV/0!,,,,#DIV/0!,,,,,,,,,,,#DIV/0!,,,,,#DIV/0!,7,7,Adriana RIofrio,4,1,1,4,
12/12/2024 17:36,12/12/2024 18:18,205.185.107.12,2510,1,6,4,3,5,4,3,4,4,1,4,2,5,2,3,4,1,5,5,5,2,3.6,5,5,7,6,6,5.8,6,6,5,6,7,6,7,7,3,3,1,4.2,14,14,13,13,13,13,13,13.28571429,2,1,2,2,1,1.6,3,2,2,5,5,5,3,3.571428571,4,2,4,4,4,3,5,5,3,5,1,1,4,1,4,1,4,5,3.333333333,3,3,5,1,2,2.8,1,4,2,4,2,4,2,2,3,3,4,2.285714286,5,5,3,3,2,4,4.25,5,4,4,4.333333333,1,1,1,1,1,1,1,1,4,4,1,1,1,2,8,5,3.25,135,3,1,1,1.666666667,197,0,374,0,142.75,2,,,,,,,,,#DIV/0!,,,,,,8,,8,,,8,8,,8,,,,,,8,,8,,,,8,,,,,8,,,,,,,,,,#DIV/0!,,,,#DIV/0!,,,,,,,,,,,#DIV/0!,,,,,#DIV/0!,7,7,libby peterson,4,1,1,4,
12/12/2024 18:12,12/12/2024 18:30,205.185.107.28,1085,1,2,4,2,3,4,5,4,3,2,3,4,4,4,4,4,2,3,4,3,2,3.3,6,5,5,5,5,5.2,5,5,5,5,5,5,4,4,3,4,4,3.8,14,14,14,14,14,15,14,14.14285714,1,3,1,1,2,1.6,2,2,3,5,4,3,3,3.142857143,4,2,3,2,3,2,3,3,3,4,1,2,3,1,2,2,4,4,2.666666667,6,6,6,6,6,6,4,4,2,4,2,3,3,3,3,3,3,2.857142857,4,4,3,3,3,3,3.5,1,1,1,1,2,3,2,2,1,1,2,1.857142857,4,4,3,3,4,4,8,3,4.125,301,9,1,9,6.333333333,758,599,632,734,680.75,1,1,2,6,6,6,6,5,5,5.666666667,2,4,3,5,4,4,4,4,4,3,5,3.875,5,3,6,6,5,5,3,4.666666667,4,4,4,4,4,4,4,4,4,4,4,5,5,5,5,5,5,5,5,5,5,3,4,4,3.666666667,1,1,1,1,1,1,1,1,1,1,1,4,4,3,1,3,6,6,Ethan Woodward,1,2,1,4,
12/12/2024 20:02,12/12/2024 20:20,174.218.181.174,1049,1,4,3,4,4,3,4,4,4,1,4,4,4,2,3,2,4,5,4,3,5,3.55,6,6,6,6,5,5.8,6,6,6,6,6,6,3,2,3,3,4,3,14,14,14,17,15,16,17,15.28571429,3,1,2,1,2,1.8,3,2,2,5,6,2,2,3.142857143,4,3,4,3,2,2,4,5,5,4,2,3,4,1,5,1,4,4,3.333333333,6,7,6,7,4,6,3,4,2,5,1,4,2,3,4,2,3,2.285714286,4,4,4,2,3,3,3.25,3,3,3,3,2,1,1,1,2,2,3,1.714285714,3,3,2,2,5,4,8,5,4,174,1,9,9,6.333333333,129,0,277,0,101.5,2,,,,,,,,,#DIV/0!,,,,,,8,,8,,,8,8,,8,,,,,,8,,8,,,,8,,,,,8,,,,,,,,,,#DIV/0!,,,,#DIV/0!,,,,,,,,,,,#DIV/0!,,,,,#DIV/0!,6,6,Michelle Lyons,1,1,1,4,
12/12/2024 19:55,12/12/2024 20:44,205.185.98.2,2966,1,3,5,4,5,2,3,4,5,2,2,5,4,3,2,2,5,6,4,6,4,3.8,7,7,6,6,6,6.4,4,6,5,6,7,5.6,6,2,2,6,6,4.4,13,17,13,13,14,16,13,14.14285714,1,2,1,1,2,1.4,1,1,6,7,7,1,1,3.428571429,3,3,4,3,2,2,5,5,1,5,2,1,4,1,3,1,5,2,2.888888889,3,6,3,7,7,5.2,4,5,1,5,1,2,4,1,4,2,2,2.142857143,1,3,5,1,5,1,1.5,4,4,2,3.333333333,3,2,3,1,1,1,4,2.142857143,7,5,8,2,5,2,8,4,5.125,200,5,1,1,2.333333333,162,11,221,18,103,2,,,,,,,,,#DIV/0!,,,,,,8,,8,,,8,8,,8,,,,,,8,,8,,,,8,,,,,8,,,,,,,,,,#DIV/0!,,,,#DIV/0!,,,,,,,,,,,#DIV/0!,,,,,#DIV/0!,6,7,Sereana Vitinavulagi,4,1,1,4,
12/12/2024 19:32,12/12/2024 21:21,205.185.98.65,6567,1,4,5,4,2,3,3,3,3,2,2,4,3,3,3,3,2,5,4,2,3,3.15,3,2,4,2,5,3.2,3,4,5,4,6,4.4,5,4,3,3,4,3.8,14,17,15,13,17,15,14,15,2,2,3,1,2,2,6,5,6,5,6,2,4,4.857142857,4,2,4,3,1,3,4,4,4,4,1,3,2,3,4,2,3,4,3.055555556,2,2,5,5,3,3.4,4,3,3,3,3,3,3,3,3,3,2,3,4,4,3,3,2,4,3.75,4,3,2,3,2,1,2,2,1,1,2,1.571428571,4,2,1,4,1,1,8,1,2.75,62,3,1,5,3,120,10,421,59,152.5,1,1,2,6,6,6,6,6,6,6,2,5,6,6,1,7,2,6,5,2,6,5.375,2,6,5,6,6,6,7,6,1,7,5,3,2,6,7,6,7,6,5.875,6,5,6,5,6,5,6,6,5,5.555555556,3,3,3,3,1,4,1,1,1,1,1,1,1,1,1.3,1,1,1,1,1,6,6,Kirsten Snell,4,1,1,4,
12/12/2024 21:39,12/12/2024 21:49,204.8.60.50,582,1,5,5,,2,2,3,3,5,4,2,4,4,4,4,4,4,4,2,4,4,3.631578947,4,4,4,4,4,4,4,4,4,4,4,4,4,4,4,4,4,4,14,17,16,16,16,16,16,15.85714286,3,3,3,3,3,3,4,2,2,4,2,4,2,2.857142857,2,4,2,4,2,2,2,2,2,2,2,2,2,2,2,2,2,2,2.222222222,4,4,4,4,4,4,4,4,2,4,2,4,2,4,4,2,4,2.857142857,3,3,3,3,3,3,3,3,3,3,3,2,2,2,2,2,2,2,2,5,5,5,5,5,8,5,5,5.375,323,4,4,4,4,211,387,0,82,170,1,1,4,4,4,4,4,4,4,4,4,4,4,4,4,4,4,4,4,4,4,4,4,4,4,4,4,4,4,4,4,4,4,4,4,4,4,4,4,4,4,4,4,4,4,4,4,4,4,4,4,3,3,3,3,1,1,1,1,1,1,1,1,1,1,1,3,3,3,3,3,6,6,Alyssa Hatch,2,1,1,4,
12/12/2024 23:38,12/13/2024 0:03,205.185.107.32,1485,1,2,4,4,3,2,3,3,3,5,5,5,4,4,3,4,2,5,3,2,3,3.45,6,6,6,6,6,6,6,6,6,6,6,6,4,3,3,4,6,4,14,14,14,14,14,18,14,14.57142857,1,3,1,1,3,1.8,5,6,5,5,5,5,5,5.142857143,4,2,3,2,3,3,2,4,4,3,4,2,3,3,4,4,1,5,3.111111111,3,3,5,5,2,3.6,3,3,3,4,2,4,2,3,4,2,3,2.571428571,5,5,3,3,3,3,4,2,4,5,3.666666667,4,4,3,3,3,3,2,3.142857143,4,1,1,1,1,4,7,7,3.25,179,3,4,2,3,256,132,189,55,158,1,1,4,4,4,4,2,2,2,3,1,1,2,2,5,3,4,4,1,2,6,2.5,6,2,6,6,1,1,1,2.833333333,6,2,6,6,6,2,6,6,6,6,5,3,2,2,2,2,2,2,2,2,2.111111111,4,4,4,4,1,1,3,1,1,4,1,1,1,2,1.6,4,4,4,4,4,7,7,Cayden Hart,3,1,1,4,
12/13/2024 1:51,12/13/2024 2:28,216.128.237.129,2246,1,2,4,4,3,4,2,2,5,1,3,4,2,4,4,3,2,2,4,4,4,3.15,5,5,6,6,6,5.6,5,6,5,6,6,5.6,5,2,6,3,5,4.2,13,16,17,14,17,14,15,15.14285714,3,1,3,1,3,2.2,2,7,4,6,3,2,2,3.714285714,3,3,3,4,1,4,2,2,1,3,4,1,3,5,2,2,2,5,2.777777778,2,2,3,2,3,2.4,4,2,4,4,2,2,4,2,3,3,3,3.142857143,4,4,2,4,3,3,3.75,4,5,5,4.666666667,3,4,4,3,3,2,3,3.142857143,5,4,3,4,,6,5,3,4.285714286,99,7,9,1,5.666666667,365,0,592,0,239.25,2,,,,,,,,,#DIV/0!,,,,,,8,,8,,,8,8,,8,,,,,,8,,8,,,,8,,,,,8,,,,,,,,,,#DIV/0!,,,,#DIV/0!,,,,,,,,,,,#DIV/0!,,,,,#DIV/0!,6,7,Brigham Walston,3,1,1,4,
12/13/2024 8:25,12/13/2024 8:49,157.201.96.100,1436,1,4,5,6,5,4,5,4,6,1,5,2,5,5,5,3,2,5,4,4,5,4.25,7,7,7,7,7,7,6,7,7,7,7,6.8,6,5,5,6,5,5.4,13,14,14,16,15,17,13,14.57142857,1,1,1,1,1,1,4,2,2,5,7,2,4,3.714285714,2,1,5,1,4,3,5,5,1,5,1,1,5,1,5,1,5,1,2.888888889,7,7,7,7,7,7,3,4,2,5,1,5,1,4,5,1,4,2.285714286,2,2,4,2,5,1,1.75,1,2,1,1.333333333,1,3,3,3,3,3,3,2.714285714,6,4,1,2,4,6,6,6,4.375,61,3,1,3,2.333333333,59,17,120,32,57,1,1,1,7,6,6,6,6,6,6.166666667,3,6,6,6,1,7,1,7,7,1,7,6.125,4,4,6,4,6,6,6,5.333333333,2,6,2,6,2,6,4,4,4,4,4.5,6,6,6,6,6,6,6,6,6,6,5,5,5,5,1,2,1,1,1,1,1,1,1,1,1.1,2,2,1,1,1.5,7,7,Ella Taggart,2,1,1,4,
12/13/2024 9:21,12/13/2024 9:39,216.21.211.253,1085,1,2,5,1,4,3,2,5,2,1,4,2,6,1,5,,2,4,5,2,5,3.210526316,6,6,6,6,5,5.8,6,6,6,6,7,6.2,6,5,6,6,5,5.6,13,13,13,13,16,13,14,13.57142857,1,3,2,2,3,2.2,5,3,5,4,6,5,3,4.428571429,4,2,4,3,3,3,3,5,2,5,2,3,5,2,4,1,4,4,3.277777778,5,6,6,6,6,5.8,3,4,2,4,2,3,3,3,3,3,3,2.714285714,4,4,3,3,3,3,3.5,3,3,3,3,2,2,2,1,1,1,2,1.571428571,7,5,1,4,3,3,6,6,4.375,62,3,1,3,2.333333333,100,0,251,0,87.75,1,1,2,6,7,7,7,6,7,6.666666667,2,6,5,4,3,5,2,6,6,2,6,5,1,7,7,7,7,7,7,7,1,7,6,4,2,6,6,5,6,6,5.75,7,6,6,6,6,5,6,6,6,6,5,5,5,5,1,2,1,1,1,1,1,1,1,1,1.1,1,1,1,1,1,7,7,Jessica Rhees ,4,1,1,4,
12/13/2024 10:14,12/13/2024 10:44,157.201.96.100,1784,1,2,5,1,5,5,1,5,2,2,4,3,5,3,5,3,1,4,5,3,5,3.45,6,6,6,6,5,5.8,6,6,6,5,6,5.8,6,6,5,6,6,5.8,13,13,14,13,14,15,14,13.71428571,1,1,2,2,1,1.4,7,1,2,4,5,3,3,3.571428571,3,2,3,2,2,2,3,3,2,3,1,2,4,1,4,1,4,2,2.444444444,6,6,5,6,7,6,3,4,2,4,2,4,2,2,3,3,2,2.285714286,4,3,3,3,3,3,3.25,1,2,2,1.666666667,2,1,2,1,1,1,2,1.428571429,2,2,4,5,1,3,6,1,3,65,3,1,3,2.333333333,113,11,237,15,94,2,,,,,,,,,#DIV/0!,,,,,,8,,8,,,8,8,,8,,,,,,8,,8,,,,8,,,,,8,,,,,,,,,,#DIV/0!,,,,#DIV/0!,,,,,,,,,,,#DIV/0!,,,,,#DIV/0!,7,7,Tara Wood,1,1,1,4,
12/13/2024 10:27,12/13/2024 10:49,157.201.96.100,1323,1,2,3,3,5,3,2,4,4,2,4,4,3,3,3,1,3,2,3,3,4,3.05,5,5,7,5,5,5.4,5,5,5,5,5,5,5,4,5,5,5,4.8,14,14,14,,14,17,15,14.66666667,2,2,1,2,2,1.8,5,5,3,6,6,3,3,4.428571429,4,3,4,3,3,3,4,4,3,3,3,3,4,3,4,3,4,3,3.388888889,6,6,6,6,5,5.8,3,3,3,4,2,4,2,2,4,2,3,2.428571429,3,3,4,2,4,2,2.5,2,2,2,2,2,2,3,3,2,2,2,2.285714286,3,4,4,3,3,3,6,4,3.75,98,5,3,4,4,214,10,95,42,90.25,1,2,2,6,6,6,6,6,6,6,5,5,5,4,3,5,3,5,5,3,5,4.875,5,3,3,5,5,5,5,4.333333333,5,3,3,5,3,5,3,3,3,5,3.75,6,6,6,6,6,4,5,5,5,5.444444444,4,4,4,4,1,2,1,1,2,1,1,1,1,1,1.2,2,1,1,1,1.25,7,7,Jeremy Sellaro,1,1,1,4,
12/13/2024 10:07,12/13/2024 11:00,157.201.96.100,3163,1,4,5,3,5,3,5,3,3,1,4,4,5,3,4,3,5,6,4,3,4,3.85,4,4,5,3,4,4,4,5,5,3,5,4.4,4,2,3,5,4,3.6,13,13,17,13,13,16,15,14.28571429,2,2,2,2,1,1.8,2,2,4,6,5,4,2,3.571428571,2,4,2,3,2,2,4,3,2,3,1,3,4,2,3,3,3,3,2.722222222,3,3,3,4,4,3.4,3,3,3,3,3,3,3,3,3,3,3,3,3,3,3,3,3,3,3,4,3,4,3.666666667,3,3,3,3,4,3,4,3.285714286,3,3,1,1,3,2,8,1,2.75,81,4,1,1,2,143,0,370,0,128.25,2,,,,,,,,,#DIV/0!,,,,,,8,,8,,,8,8,,8,,,,,,8,,8,,,,8,,,,,8,,,,,,,,,,#DIV/0!,,,,#DIV/0!,,,,,,,,,,,#DIV/0!,,,,,#DIV/0!,7,7,Eliza Pineda,4,2,1,4,
12/13/2024 9:01,12/13/2024 11:19,205.185.107.32,8265,1,5,3,2,4,2,4,2,4,2,4,5,4,5,2,2,4,3,4,4,2,3.35,6,3,6,6,5,5.2,5,5,3,5,6,4.8,6,4,3,3,3,3.8,14,14,14,14,18,16,14,14.85714286,3,1,3,2,3,2.4,3,3,5,7,6,4,2,4.285714286,3,4,3,4,2,3,1,2,4,3,4,4,3,4,3,3,1,4,3.055555556,1,1,1,5,5,2.6,4,3,3,3,3,3,3,4,2,4,3,3.428571429,3,3,2,4,2,4,3.5,4,4,4,4,5,3,5,5,3,4,2,3.857142857,5,2,1,2,1,2,8,1,2.75,842,5,1,4,3.333333333,697,10,851,642,550,2,,,,,,,,,#DIV/0!,,,,,,8,,8,,,8,8,,8,,,,,,8,,8,,,,8,,,,,8,,,,,,,,,,#DIV/0!,,,,#DIV/0!,,,,,,,,,,,#DIV/0!,,,,,#DIV/0!,7,7,Audrey Scheiner,4,1,1,4,
12/13/2024 11:31,12/13/2024 11:54,157.201.96.100,1374,1,2,5,4,5,2,1,2,3,1,5,2,4,4,3,3,2,3,4,3,4,3.1,7,6,7,6,6,6.4,6,7,6,7,7,6.6,6,3,6,5,7,5.4,13,14,15,13,15,16,13,14.14285714,3,1,1,1,2,1.6,5,2,1,7,6,2,1,3.428571429,4,3,4,2,3,2,3,4,2,4,2,3,3,3,3,2,3,3,2.944444444,6,2,6,5,2,4.2,3,4,2,4,2,4,2,4,4,2,4,2.714285714,4,4,4,2,3,3,3.25,3,3,3,3,2,3,3,2,2,2,5,2.714285714,3,2,1,1,2,4,8,6,3.375,51,4,2,3,3,35,3,206,30,68.5,2,,,,,,,,,#DIV/0!,,,,,,8,,8,,,8,8,,8,,,,,,8,,8,,,,8,,,,,8,,,,,,,,,,#DIV/0!,,,,#DIV/0!,,,,,,,,,,,#DIV/0!,,,,,#DIV/0!,7,6,Jake Johnson,4,1,1,4,
12/13/2024 12:21,12/13/2024 12:39,205.185.107.38,1082,1,2,5,4,6,4,3,4,3,1,6,1,5,2,4,2,2,4,2,1,6,3.35,7,7,7,7,7,7,7,7,7,7,7,7,7,7,7,7,7,7,14,14,18,13,13,13,13,14,1,1,1,1,1,1,1,1,1,4,7,2,1,2.428571429,4,1,5,2,2,1,5,5,1,5,1,1,5,1,5,1,5,2,2.888888889,7,7,7,7,7,7,1,5,1,5,1,2,4,1,5,1,1,1.428571429,2,2,5,1,5,1,1.5,2,1,1,1.333333333,2,1,1,1,1,2,2,1.428571429,6,4,1,4,2,6,6,6,4.375,59,4,1,1,2,61,4,18,0,20.75,1,1,1,7,7,7,7,7,7,7,7,7,7,4,1,7,1,7,7,1,7,6.625,2,6,2,2,2,2,1,2.5,7,1,1,1,7,1,1,1,1,2,1.125,7,7,7,7,7,7,7,7,7,7,5,5,5,5,1,1,1,1,1,1,1,1,1,1,1,2,2,1,1,1.5,7,7,Eliza DeTemple,3,1,1,4,
12/13/2024 12:32,12/13/2024 13:05,67.60.196.13,1955,1,3,5,2,3,2,4,4,4,1,3,2,4,5,3,3,5,5,4,3,3,3.4,7,7,7,6,7,6.8,6,7,6,7,7,6.6,6,4,5,6,6,5.4,14,14,13,14,14,15,13,13.85714286,4,4,4,3,3,3.6,1,2,1,7,7,6,3,3.857142857,3,2,3,5,1,2,2,2,5,4,3,3,4,2,3,1,2,5,2.888888889,2,2,3,3,4,2.8,3,4,2,4,2,3,3,3,4,2,3,2.571428571,5,5,2,4,2,4,4.5,3,3,4,3.333333333,3,2,3,2,1,2,3,2.285714286,3,2,2,2,1,1,7,3,2.625,86,3,1,3,2.333333333,135,0,406,0,135.25,1,1,4,4,3,6,5,4,5,4.5,1,3,1,7,1,7,3,5,2,4,4,3.75,6,2,1,2,2,5,3,2.5,2,6,4,6,5,3,3,4,4,6,4.5,5,5,6,5,4,3,5,4,4,4.555555556,4,4,4,4,1,2,1,1,1,1,1,1,1,1,1.1,2,1,1,1,1.25,7,7,Macey Bunnell,3,1,1,4,
12/13/2024 10:23,12/13/2024 13:15,157.201.96.100,10280,1,4,3,2,5,2,1,5,4,1,5,4,3,2,5,1,1,1,5,2,5,3.05,7,7,6,7,6,6.6,7,6,6,6,7,6.4,6,6,7,7,5,6.2,14,14,13,13,18,17,14,14.71428571,1,1,1,2,1,1.2,1,2,2,5,6,3,2,3,5,3,4,3,2,2,4,5,2,4,2,2,4,1,5,3,4,5,3.333333333,7,7,7,7,7,7,1,4,2,5,1,4,2,3,4,2,2,1.857142857,5,5,3,3,5,1,3.5,1,2,1,1.333333333,1,2,1,1,2,1,1,1.285714286,1,1,4,2,1,6,8,6,3.625,80,4,1,2,2.333333333,80,0,400,61,135.25,2,,,,,,,,,#DIV/0!,,,,,,8,,8,,,8,8,,8,,,,,,8,,8,,,,8,,,,,8,,,,,,,,,,#DIV/0!,,,,#DIV/0!,,,,,,,,,,,#DIV/0!,,,,,#DIV/0!,7,7,Audrey Cluff,1,1,1,4,
12/13/2024 14:10,12/13/2024 14:23,205.185.107.16,772,1,4,3,2,4,2,3,4,4,2,4,5,4,4,3,3,2,5,4,2,3,3.35,7,4,4,4,4,4.6,4,6,6,5,6,5.4,6,3,3,5,3,4,14,14,14,16,16,17,15,15.14285714,2,2,3,2,2,2.2,5,5,3,6,6,6,4,5,3,3,4,4,2,2,3,3,3,4,2,3,4,2,4,2,3,4,3.055555556,3,3,3,5,1,3,5,3,3,3,3,3,3,3,3,3,3,3.285714286,4,4,3,3,3,3,3.5,3,3,5,3.666666667,3,1,3,3,3,3,2,2.571428571,3,2,1,2,2,3,8,1,2.75,150,4,4,5,4.333333333,121,0,300,0,105.25,2,,,,,,,,,#DIV/0!,,,,,,8,,8,,,8,8,,8,,,,,,8,,8,,,,8,,,,,8,,,,,,,,,,#DIV/0!,,,,#DIV/0!,,,,,,,,,,,#DIV/0!,,,,,#DIV/0!,7,7,Annie MacKay,3,1,1,4,
12/13/2024 15:11,12/13/2024 15:37,157.201.96.65,1558,1,2,5,2,5,2,2,3,3,1,4,2,4,1,5,2,2,5,4,2,4,3,7,6,7,7,6,6.6,7,6,6,7,7,6.6,6,2,4,6,5,4.6,14,14,15,13,14,17,13,14.28571429,2,1,2,1,1,1.4,1,1,1,5,3,1,1,1.857142857,3,3,4,2,1,1,3,4,1,3,1,3,5,3,2,2,4,3,2.666666667,3,6,6,6,5,5.2,2,4,2,3,3,4,2,2,4,2,1,2,3,3,3,3,3,3,3,4,1,2,2.333333333,1,1,1,1,1,1,1,1,5,5,2,2,4,2,8,6,4.25,45,5,5,1,3.666666667,300,0,151,0,112.75,1,1,3,5,6,6,4,3,4,4.666666667,3,4,2,6,1,7,4,4,6,2,6,4.75,6,2,2,2,4,2,6,3,2,6,5,5,2,6,6,6,6,6,5.75,3,3,6,3,3,2,5,5,4,3.777777778,5,5,5,5,1,1,1,1,1,1,1,1,1,1,1,2,1,1,1,1.25,7,7,Connor Vickers,4,1,1,4,
12/13/2024 17:24,12/13/2024 17:48,97.138.112.72,1418,1,3,4,3,4,4,3,5,4,4,4,4,4,4,3,4,4,4,4,4,4,3.85,6,5,5,6,6,5.6,5,6,5,6,6,5.6,5,4,4,4,5,4.4,14,14,14,14,16,15,18,15,1,1,1,2,2,1.4,6,4,3,6,5,6,5,5,5,3,4,4,3,2,3,4,4,4,3,2,5,3,4,1,3,4,3.388888889,4,5,4,3,6,4.4,4,3,3,3,3,2,4,4,3,3,4,3.571428571,3,3,4,2,4,2,2.5,3,3,3,3,2,2,2,2,2,2,2,2,7,5,4,7,7,2,8,1,5.125,41,5,1,1,2.333333333,50,50,50,21,42.75,1,1,4,4,4,4,4,3,4,3.833333333,3,4,5,5,5,3,5,3,5,3,5,4.125,4,4,5,5,5,5,4,4.666666667,5,3,4,3,5,3,4,4,3,4,3.5,5,4,4,4,4,5,5,5,5,4.555555556,4,3,3,3.333333333,1,1,1,1,1,1,1,1,1,1,1,1,1,1,1,1,6,6,Emma Clayson ,4,1,1,4,
12/13/2024 12:43,12/13/2024 17:52,192.225.180.30,18558,1,5,3,2,3,5,3,4,4,3,3,4,5,3,3,3,4,4,5,4,5,3.75,6,4,5,6,5,5.2,4,5,5,4,4,4.4,4,3,3,3,3,3.2,14,17,14,15,17,16,15,15.42857143,1,2,1,1,1,1.2,3,3,3,5,5,3,3,3.571428571,3,2,4,3,4,5,4,3,2,4,3,4,4,3,4,2,4,4,3.444444444,6,5,5,6,2,4.8,5,3,3,3,3,3,3,3,3,3,3,3.285714286,3,3,3,3,3,3,3,3,4,4,3.666666667,3,2,2,3,2,2,4,2.571428571,1,5,1,3,1,1,8,1,2.625,404,7,1,5,4.333333333,727,0,418,0,286.25,1,1,4,4,6,7,3,6,5,5.166666667,2,5,4,5,3,5,3,5,5,3,5,4.5,2,6,4,6,6,6,5,5.5,2,6,3,3,3,5,5,3,5,4,4.25,5,5,5,4,4,4,6,4,4,4.555555556,5,5,5,5,1,2,1,1,1,1,1,1,1,1,1.1,1,1,1,1,1,7,7,Prefer Not To Say,3,1,1,4,
12/13/2024 17:30,12/13/2024 18:04,38.43.27.96,2043,1,4,5,2,5,4,3,5,3,3,4,2,5,3,4,3,2,4,5,2,5,3.65,6,7,7,7,6,6.6,6,7,7,7,7,6.8,6,4,5,7,4,5.2,13,13,13,13,14,13,13,13.14285714,1,2,1,1,1,1.2,2,2,1,4,4,2,2,2.428571429,4,2,4,2,2,2,4,4,2,5,3,2,4,2,5,1,4,4,3.111111111,7,7,7,7,7,7,5,4,2,4,2,4,2,4,3,3,4,3.142857143,5,5,4,2,4,2,3.5,1,1,1,1,2,2,2,2,2,2,1,1.857142857,3,4,2,2,2,2,6,1,2.75,30,5,1,5,3.666666667,75,0,75,400,137.5,2,,,,,,,,,#DIV/0!,,,,,,8,,8,,,8,8,,8,,,,,,8,,8,,,,8,,,,,8,,,,,,,,,,#DIV/0!,,,,#DIV/0!,,,,,,,,,,,#DIV/0!,,,,,#DIV/0!,7,7,Montana Devine,1,2,1,4,
12/13/2024 18:19,12/13/2024 18:49,38.43.27.96,1788,1,4,3,2,5,2,5,2,4,1,4,3,4,4,3,3,2,3,5,3,2,3.2,6,5,6,6,5,5.6,4,6,5,5,6,5.2,3,5,3,3,3,3.4,14,17,17,17,18,18,14,16.42857143,4,1,2,2,3,2.4,2,5,2,6,6,2,3,3.714285714,4,3,3,3,2,2,4,3,2,2,1,4,3,2,3,1,3,3,2.666666667,5,5,4,6,3,4.6,3,3,3,4,2,3,3,3,2,4,3,3,4,4,3,3,3,3,3.5,2,2,2,2,3,3,2,1,1,1,4,2.142857143,2,1,4,5,2,3,6,1,3,251,7,1,6,4.666666667,300,0,132,197,157.25,2,,,,,,,,,#DIV/0!,,,,,,8,,8,,,8,8,,8,,,,,,8,,8,,,,8,,,,,8,,,,,,,,,,#DIV/0!,,,,#DIV/0!,,,,,,,,,,,#DIV/0!,,,,,#DIV/0!,7,7,Jameson Devine,1,2,1,4,
12/13/2024 20:01,12/13/2024 20:32,205.185.110.140,1822,1,3,3,2,4,3,3,2,3,2,4,4,4,5,3,3,1,4,4,3,5,3.25,5,7,7,7,5,6.2,3,6,6,6,6,5.4,3,1,5,6,3,3.6,13,14,15,13,13,17,14,14.14285714,3,2,4,1,3,2.6,2,5,2,6,3,2,1,3,3,2,4,5,2,2,2,2,3,3,3,4,2,3,4,3,3,3,2.944444444,2,3,4,2,2,2.6,4,2,4,3,3,2,4,5,2,4,4,4,3,4,2,4,3,3,3.5,5,5,5,5,3,3,4,3,1,2,4,2.857142857,1,3,1,1,2,1,8,1,2.25,204,4,5,2,3.666666667,300,0,177,22,124.75,2,,,,,,,,,#DIV/0!,,,,,,8,,8,,,8,8,,8,,,,,,8,,8,,,,8,,,,,8,,,,,,,,,,#DIV/0!,,,,#DIV/0!,,,,,,,,,,,#DIV/0!,,,,,#DIV/0!,7,7,Jane Daniel,4,1,1,4,
12/13/2024 20:28,12/13/2024 21:21,217.147.184.143,3177,1,4,5,3,3,5,2,4,5,2,4,3,3,5,4,2,5,5,4,4,5,3.85,6,6,6,5,6,5.8,7,5,6,5,7,6,7,6,5,6,6,6,15,17,17,14,16,17,15,15.85714286,1,1,1,1,1,1,1,1,2,4,4,2,2,2.285714286,4,2,4,3,3,2,4,4,1,4,2,3,4,2,4,1,3,2,2.888888889,6,5,3,5,5,4.8,2,4,2,5,1,4,2,3,4,2,1,1.857142857,2,2,4,2,3,3,2.25,3,3,2,2.666666667,1,2,3,1,1,1,2,1.571428571,4,4,1,3,3,3,8,2,3.5,41,1,1,5,2.333333333,229,0,300,139,167,2,,,,,,,,,#DIV/0!,,,,,,8,,8,,,8,8,,8,,,,,,8,,8,,,,8,,,,,8,,,,,,,,,,#DIV/0!,,,,#DIV/0!,,,,,,,,,,,#DIV/0!,,,,,#DIV/0!,6,4,Bjorn Osthed,4,2,1,4,
12/13/2024 21:34,12/13/2024 21:49,205.185.110.135,889,1,6,3,4,3,3,4,2,4,6,2,4,5,3,1,4,4,3,2,4,2,3.45,6,6,6,7,6,6.2,5,6,6,6,6,5.8,7,3,5,6,7,5.6,15,14,13,13,13,13,13,13.42857143,1,1,2,2,2,1.6,2,2,4,5,6,2,5,3.714285714,4,2,5,2,1,1,5,4,1,5,2,4,4,3,5,1,5,5,3.277777778,5,6,6,6,4,5.4,3,4,2,4,2,4,2,4,4,2,3,2.571428571,4,4,5,1,5,1,2.5,3,1,2,2,1,1,2,3,2,1,1,1.571428571,6,5,4,3,4,1,8,7,4.75,232,4,1,3,2.666666667,399,7,1000,120,381.5,2,,,,,,,,,#DIV/0!,,,,,,8,,8,,,8,8,,8,,,,,,8,,8,,,,8,,,,,8,,,,,,,,,,#DIV/0!,,,,#DIV/0!,,,,,,,,,,,#DIV/0!,,,,,#DIV/0!,6,7,Julia Conover,3,1,1,4,
12/13/2024 21:41,12/13/2024 21:55,205.185.98.16,829,1,3,5,2,4,3,2,4,2,2,4,2,4,2,3,2,4,3,5,3,5,3.2,5,4,5,5,4,4.6,5,4,5,5,5,4.8,3,6,5,4,3,4.2,14,15,17,14,14,13,13,14.28571429,1,2,2,1,1,1.4,4,4,3,5,6,3,3,4,2,2,4,2,3,1,4,5,2,5,4,1,5,1,5,2,4,3,3.055555556,4,5,4,3,3,3.8,3,3,3,4,2,4,2,2,4,2,2,2.285714286,3,2,4,2,4,2,2.25,4,3,3,3.333333333,2,2,3,1,1,1,1,1.571428571,1,1,1,1,1,2,1,1,1.125,200,5,1,3,3,421,6,223,228,219.5,2,,,,,,,,,#DIV/0!,,,,,,8,,8,,,8,8,,8,,,,,,8,,8,,,,8,,,,,8,,,,,,,,,,#DIV/0!,,,,#DIV/0!,,,,,,,,,,,#DIV/0!,,,,,#DIV/0!,6,6,Emma Fife,4,3,1,4,
12/13/2024 21:15,12/13/2024 21:57,75.174.151.80,2476,1,4,4,2,3,2,4,3,3,3,3,3,4,4,3,4,4,4,3,4,2,3.3,6,5,6,6,6,5.8,4,5,5,5,6,5,5,2,4,5,5,4.2,15,17,16,17,17,17,14,16.14285714,1,1,2,3,2,1.8,5,6,4,5,5,5,5,5,3,3,3,3,3,2,4,4,2,4,2,3,4,3,4,1,3,5,3.111111111,4,5,4,5,5,4.6,3,3,3,3,3,3,3,3,3,3,3,3,5,5,3,3,3,3,4,2,2,2,2,2,2,2,2,1,1,2,1.714285714,2,4,1,3,2,4,8,2,3.25,61,1,1,5,2.333333333,365,169,139,63,184,1,1,6,2,2,5,2,5,2,3,1,4,2,4,3,5,7,1,1,7,1,2.375,7,1,1,1,1,1,1,1,2,6,6,6,2,6,5,3,3,1,4.5,3,2,4,3,3,1,2,2,2,2.444444444,4,4,4,4,1,2,1,1,1,1,1,1,1,1,1.1,3,1,1,1,1.5,7,7,Victoria Caldwell,3,2,1,4,
12/13/2024 22:04,12/13/2024 22:39,205.185.98.33,2079,1,4,3,3,3,3,4,4,4,2,4,3,4,4,4,4,3,4,4,4,4,3.6,6,6,6,6,5,5.8,5,6,6,5,7,5.8,5,4,4,5,5,4.6,14,14,14,14,15,17,15,14.71428571,2,1,2,1,2,1.6,5,2,3,5,5,3,3,3.714285714,3,2,4,3,3,2,3,2,1,3,1,2,3,2,3,1,3,2,2.388888889,4,4,6,5,2,4.2,3,3,3,3,3,3,3,3,3,3,2,2.857142857,2,2,3,3,3,3,2.5,4,3,3,3.333333333,3,2,2,2,1,2,3,2.142857143,5,4,3,3,3,3,8,2,3.875,62,3,1,3,2.333333333,119,9,269,60,114.25,1,1,2,6,6,6,5,5,6,5.666666667,5,7,5,5,2,6,2,6,5,2,6,5.625,2,6,6,6,6,6,5,5.833333333,5,3,5,5,3,5,2,3,2,2,3.375,5,6,6,5,5,5,6,5,4,5.222222222,4,4,4,4,1,1,1,2,1,1,1,1,1,1,1.1,3,2,2,1,2,7,7,True Searle,4,2,1,4,
12/13/2024 23:29,12/13/2024 23:45,67.61.22.65,957,1,5,4,3,3,4,3,3,4,1,3,2,4,4,3,4,4,6,2,4,2,3.4,6,5,7,7,5,6,1,6,7,7,7,5.6,7,3,5,6,6,5.4,17,18,15,14,18,17,13,16,2,3,3,1,2,2.2,5,3,6,6,5,6,4,5,4,4,4,4,3,3,3,3,2,3,1,3,3,3,3,3,2,4,3.055555556,5,4,4,4,4,4.2,3,3,3,3,3,3,3,3,3,3,3,3,4,3,3,3,3,3,3.25,3,3,3,3,3,3,2,2,1,2,2,2.142857143,6,4,5,4,5,4,6,5,4.875,45,4,4,4,4,234,0,301,190,181.25,1,1,5,3,2,5,4,5,4,3.833333333,1,5,1,6,2,6,2,6,7,1,7,4.875,2,6,6,7,7,7,6,6.5,7,1,5,6,2,6,6,2,3,3,4,5,5,4,4,5,4,4,5,5,4.555555556,5,5,5,5,2,3,1,1,2,1,1,1,1,1,1.4,2,2,1,1,1.5,7,7,Dallin Smith,1,2,1,4,
12/13/2024 23:08,12/13/2024 23:46,216.128.237.129,2288,1,5,4,4,5,4,2,3,4,2,4,4,5,4,4,2,4,4,4,2,4,3.7,6,7,7,7,7,6.8,6,6,7,7,7,6.6,6,5,5,6,5,5.4,15,17,14,14,14,16,15,15,2,1,2,1,1,1.4,3,2,2,3,6,2,5,3.285714286,4,2,5,2,2,2,4,5,1,4,2,1,4,2,4,2,4,1,2.833333333,6,6,5,5,6,5.6,3,4,2,4,2,4,2,1,4,2,1,1.857142857,2,3,4,2,4,2,2.25,3,2,2,2.333333333,3,2,3,3,1,2,3,2.428571429,7,5,6,4,7,4,8,7,6,32,4,1,1,2,90,0,121,31,60.5,2,,,,,,,,,#DIV/0!,,,,,,8,,8,,,8,8,,8,,,,,,8,,8,,,,8,,,,,8,,,,,,,,,,#DIV/0!,,,,#DIV/0!,,,,,,,,,,,#DIV/0!,,,,,#DIV/0!,6,6,Nathan Moses,4,1,1,4,
12/13/2024 11:51,12/14/2024 0:08,38.43.20.121,44232,1,4,5,2,6,4,3,5,4,1,5,4,5,1,1,1,4,2,5,2,5,3.45,6,6,7,7,4,6,7,7,7,6,7,6.8,5,3,2,6,5,4.2,13,14,13,13,15,15,13,13.71428571,3,2,3,4,2,2.8,7,6,2,4,7,2,5,4.714285714,3,3,4,4,4,1,4,5,3,4,2,1,4,3,4,2,4,4,3.277777778,6,6,6,6,7,6.2,3,4,2,3,3,4,2,4,2,4,4,3.142857143,3,4,4,2,3,3,3,4,2,1,2.333333333,3,1,2,1,2,1,2,1.714285714,8,4,2,3,5,6,8,7,5.375,149,4,2,3,3,106,0,203,54,90.75,1,1,2,6,6,7,6,7,7,6.5,3,6,6,7,1,7,1,7,5,1,7,6,6,2,6,5,5,6,7,5.166666667,2,6,6,7,7,1,7,5,6,4,5.25,5,7,7,4,6,3,6,5,5,5.333333333,5,5,5,5,1,2,1,2,1,1,1,1,1,1,1.2,2,2,1,1,1.5,7,7,Savannah Cordray,5,1,1,4,
12/14/2024 0:03,12/14/2024 0:59,67.60.209.162,3372,1,5,5,5,5,5,5,6,5,5,5,5,5,5,5,5,5,5,5,5,5,5.05,6,6,6,6,6,6,6,6,6,6,6,6,6,6,6,6,4,5.6,14,14,14,14,14,14,14,14,2,1,2,1,2,1.6,1,1,1,5,5,2,2,2.428571429,2,2,4,3,2,2,5,5,1,5,2,2,4,1,5,1,5,3,3,5,4,3,2,2,3.2,2,4,2,4,2,3,3,2,4,2,2,2.142857143,3,4,4,2,4,2,2.75,2,3,4,3,3,2,3,2,2,2,2,2.285714286,5,6,1,1,4,4,6,5,4,160,2,1,3,2,163,151,77,52,110.75,1,1,2,6,2,5,4,3,5,4.166666667,1,4,4,2,2,6,3,5,5,6,2,3.625,6,2,2,6,5,5,2,3.666666667,6,2,6,6,6,2,4,6,6,6,4.75,6,4,4,5,6,3,5,5,3,4.555555556,4,4,4,4,1,2,1,2,1,2,1,1,1,1,1.3,3,2,1,1,1.75,6,6,emily haas,3,1,1,4,
12/14/2024 10:02,12/14/2024 10:17,205.185.107.16,869,1,5,4,4,6,5,5,5,5,5,5,5,6,5,6,6,6,6,6,6,6,5.35,6,6,6,6,6,6,6,6,6,6,6,6,6,6,6,6,6,6,13,13,13,13,13,13,13,13,1,1,1,1,1,1,5,5,5,4,6,3,5,4.714285714,5,2,5,2,5,3,5,5,3,5,2,4,5,2,5,2,5,4,3.833333333,6,6,6,6,6,6,2,4,2,4,2,4,2,4,4,2,4,2.571428571,3,3,5,1,5,1,2,3,3,2,2.666666667,3,2,1,1,1,1,1,1.428571429,6,4,5,5,5,6,6,6,5.375,202,5,1,1,2.333333333,227,0,0,132,89.75,1,1,2,6,6,6,6,6,6,6,2,2,2,4,3,5,2,6,6,6,2,3.625,2,6,4,4,5,5,5,4.833333333,5,3,5,2,2,6,2,2,2,2,3,6,6,6,6,6,6,6,6,6,6,4,4,4,4,1,1,1,1,1,1,1,1,1,1,1,1,1,1,1,1,6,6,Riley Harper,4,1,1,4,
12/14/2024 11:39,12/14/2024 12:53,24.117.113.170,4482,1,4,5,4,6,4,2,3,4,2,6,2,3,4,5,5,1,2,5,3,3,3.65,7,6,7,6,6,6.4,6,6,6,6,6,6,6,2,5,6,5,4.8,14,14,13,13,17,17,14,14.57142857,1,2,1,1,1,1.2,2,1,2,2,5,1,5,2.571428571,5,3,4,1,1,1,5,5,1,4,1,1,3,1,5,1,4,3,2.722222222,5,7,6,7,6,6.2,3,5,1,4,2,4,2,2,4,2,1,1.857142857,3,3,5,1,5,1,2,1,1,1,1,1,2,1,1,1,1,2,1.285714286,4,2,1,1,2,4,6,1,2.625,3,6,3,3,4,232,0,21,44,74.25,1,1,4,4,6,7,3,5,5,5,1,4,2,6,4,4,4,4,4,4,4,3.625,6,2,2,1,1,1,5,2,2,6,3,5,3,5,6,2,5,6,4.75,5,2,6,2,6,3,7,4,4,4.333333333,4,4,4,4,1,2,1,1,1,1,1,4,1,1,1.4,4,1,1,1,1.75,7,7,Daniel Hardin,1,1,1,4,
12/14/2024 16:20,12/14/2024 16:30,136.36.112.100,582,1,3,,5,5,3,5,5,4,3,5,3,4,5,4,4,5,4,5,4,5,4.263157895,6,5,4,6,5,5.2,6,5,6,6,6,5.8,6,6,6,6,6,6,15,17,18,16,16,15,16,16.14285714,4,4,4,4,4,4,7,5,6,5,6,3,6,5.428571429,5,5,2,5,3,2,1,1,5,4,4,5,1,5,5,1,3,5,3.444444444,7,7,7,7,7,7,5,3,3,3,3,2,4,5,1,5,5,4.285714286,5,5,2,4,2,4,4.5,3,5,5,4.333333333,3,2,4,3,2,4,2,2.857142857,3,5,2,3,5,6,7,4,4.375,418,1,5,4,3.333333333,494,432,956,1000,720.5,1,2,1,7,7,7,7,7,7,7,7,7,5,6,6,2,6,2,5,7,1,4.375,7,1,6,7,5,6,4,4.833333333,7,1,7,5,7,1,6,6,7,6,4.875,7,7,7,7,7,7,7,7,7,7,5,5,5,5,5,5,5,4,4,4,5,5,4,3,4.4,5,4,4,4,4.25,7,7,Karen Marquez,3,1,1,4,
12/14/2024 17:40,12/14/2024 17:53,205.185.98.23,780,1,6,5,4,4,3,4,3,3,4,3,4,5,5,3,3,4,5,3,3,3,3.85,7,7,6,5,6,6.2,5,6,5,7,6,5.8,5,4,7,6,6,5.6,13,16,15,15,16,15,14,14.85714286,3,3,4,4,3,3.4,2,4,2,5,6,5,4,4,3,3,3,4,2,2,2,3,3,3,3,2,4,4,2,4,3,3,2.944444444,6,6,5,3,1,4.2,3,4,2,5,1,4,2,3,4,2,4,2.428571429,4,4,3,3,3,3,3.5,4,4,5,4.333333333,2,2,3,4,3,3,4,3,1,1,2,5,1,1,8,8,3.375,470,6,7,6,6.333333333,325,97,454,535,352.75,2,,,,,,,,,#DIV/0!,,,,,,8,,8,,,8,8,,8,,,,,,8,,8,,,,8,,,,,8,,,,,,,,,,#DIV/0!,,,,#DIV/0!,,,,,,,,,,,#DIV/0!,,,,,#DIV/0!,6,7,Connor Cates,4,1,1,4,
12/14/2024 22:50,12/14/2024 23:21,199.19.117.11,1823,1,5,5,4,6,5,5,6,2,1,6,4,5,2,4,3,5,5,6,1,6,4.3,5,6,6,7,6,6,6,6,5,6,7,6,7,7,5,5,6,6,14,16,18,14,18,14,13,15.28571429,2,2,3,1,2,2,2,4,5,5,5,6,5,4.571428571,4,2,5,4,5,2,3,4,4,5,1,3,3,3,5,1,3,4,3.388888889,4,5,5,2,6,4.4,5,4,2,3,3,3,3,5,3,3,5,3.714285714,4,4,3,3,3,3,3.5,3,2,3,2.666666667,2,1,1,1,1,1,3,1.428571429,5,5,4,2,4,4,4,7,4.375,180,6,1,4,3.666666667,180,0,298,100,144.5,2,,,,,,,,,#DIV/0!,,,,,,8,,8,,,8,8,,8,,,,,,8,,8,,,,8,,,,,8,,,,,,,,,,#DIV/0!,,,,#DIV/0!,,,,,,,,,,,#DIV/0!,,,,,#DIV/0!,6,6,Emma Holloway,4,1,1,4,
12/14/2024 23:49,12/15/2024 0:06,205.185.107.32,1010,1,3,4,4,5,5,3,4,,1,5,3,5,1,4,2,2,4,5,2,5,3.526315789,6,7,6,6,5,6,5,5,3,4,4,4.2,6,5,5,6,7,5.8,15,17,15,15,16,15,14,15.28571429,1,1,1,1,1,1,3,3,2,4,5,2,2,3,3,2,4,2,1,2,3,4,1,5,2,2,4,1,4,2,5,1,2.666666667,5,5,4,5,6,5,2,4,2,4,2,4,2,2,4,2,2,2,2,2,4,2,4,2,2,2,2,1,1.666666667,3,2,3,3,2,1,2,2.285714286,6,4,1,5,4,2,8,6,4.5,288,3,3,2,2.666666667,280,11,290,39,155,2,,,,,,,,,#DIV/0!,,,,,,8,,8,,,8,8,,8,,,,,,8,,8,,,,8,,,,,8,,,,,,,,,,#DIV/0!,,,,#DIV/0!,,,,,,,,,,,#DIV/0!,,,,,#DIV/0!,6,7,Adelia Meyer,4,1,1,4,
12/15/2024 14:05,12/15/2024 14:38,192.225.186.7,2005,1,4,5,4,3,2,5,2,5,1,3,4,2,4,2,4,5,2,4,3,4,3.4,5,6,6,6,5,5.6,5,6,6,6,7,6,6,5,4,6,3,4.8,14,17,16,14,19,18,14,16,1,2,1,1,2,1.4,1,1,2,5,6,2,2,2.714285714,2,3,2,3,4,2,3,4,3,5,2,3,4,2,3,3,3,3,3,6,6,7,7,7,6.6,4,3,3,3,3,3,3,5,2,4,3,3.571428571,4,4,2,4,2,4,4,1,3,3,2.333333333,2,3,3,2,1,1,3,2.142857143,3,2,1,2,2,2,7,3,2.75,31,1,1,1,1,245,0,241,0,121.5,1,1,2,6,6,6,5,6,5,5.666666667,1,4,2,6,3,5,6,2,1,5,3,3,5,3,3,5,1,2,1,2.5,3,5,5,3,1,7,5,6,5,1,4.625,6,3,5,5,5,4,5,5,5,4.777777778,4,4,4,4,1,2,1,4,1,1,1,1,1,1,1.4,2,1,1,1,1.25,4,4,Adeline Garrett,1,1,1,4,
12/15/2024 18:16,12/15/2024 18:59,192.225.189.130,2620,1,5,3,4,3,2,4,3,5,1,3,4,4,5,1,3,5,5,2,4,2,3.4,7,7,7,7,6,6.8,6,7,6,7,7,6.6,5,4,5,4,7,5,13,17,13,17,13,19,15,15.28571429,3,1,2,1,3,2,4,6,3,7,6,5,5,5.142857143,3,2,4,3,3,2,4,3,2,3,2,2,4,2,4,2,4,3,2.888888889,6,6,6,6,5,5.8,3,3,3,4,2,4,2,2,4,2,3,2.428571429,3,3,4,2,4,2,2.5,2,3,3,2.666666667,3,1,3,2,3,3,3,2.571428571,7,2,4,1,5,3,7,7,4.5,70,5,2,4,3.666666667,179,0,120,61,90,1,1,3,5,5,5,4,4,5,4.666666667,1,6,4,5,2,6,3,5,5,2,6,4.75,3,5,5,6,3,6,2,4.5,3,5,5,3,3,5,6,5,5,3,4.625,4,4,6,4,4,4,4,4,4,4.222222222,5,4,4,4.333333333,1,1,1,1,1,1,1,1,1,1,1,2,1,1,1,1.25,6,6,Eli Coray,3,1,1,4,
12/16/2024 10:54,12/16/2024 11:23,73.243.9.82,1742,1,2,3,3,4,2,2,3,5,2,2,4,5,2,2,5,4,5,4,4,2,3.25,6,5,6,7,6,6,6,6,5,7,6,6,5,4,2,3,2,3.2,14,15,14,14,17,15,16,15,1,2,2,1,1,1.4,7,7,5,5,7,2,6,5.571428571,2,2,4,3,1,3,4,4,1,4,1,1,2,1,4,1,2,3,2.388888889,4,5,6,4,3,4.4,3,3,3,4,2,3,3,3,4,2,2,2.571428571,3,4,3,3,4,2,3,5,3,3,3.666666667,2,1,2,1,1,1,1,1.285714286,7,4,2,1,2,3,7,1,3.375,500,5,1,9,5,149,0,130,300,144.75,2,,,,,,,,,#DIV/0!,,,,,,8,,8,,,8,8,,8,,,,,,8,,8,,,,8,,,,,8,,,,,,,,,,#DIV/0!,,,,#DIV/0!,,,,,,,,,,,#DIV/0!,,,,,#DIV/0!,6,6,Lacey Boyer,4,1,1,4,
12/16/2024 11:36,12/16/2024 12:04,205.185.110.100,1668,1,2,4,2,3,2,3,2,3,2,3,5,4,4,3,3,4,4,3,3,4,3.15,6,5,7,6,6,6,6,6,5,6,6,5.8,6,3,5,5,4,4.6,13,17,13,14,14,13,13,13.85714286,2,2,2,2,1,1.8,7,5,3,6,6,3,3,4.714285714,2,2,1,2,1,1,4,3,1,3,1,1,4,1,4,2,3,3,2.166666667,5,6,5,6,3,5,2,3,3,4,2,4,2,2,3,3,3,2.428571429,3,1,3,3,3,3,2.5,2,3,3,2.666666667,1,1,1,1,1,1,2,1.142857143,5,4,2,4,3,1,1,1,2.625,25,3,4,1,2.666666667,39,0,401,0,110,1,1,2,6,6,6,6,6,6,6,1,4,5,5,4,4,5,3,3,4,4,3.625,7,1,1,1,6,7,2,3,7,1,1,7,1,7,7,7,7,7,5.5,6,5,6,5,5,5,4,6,6,5.333333333,4,4,4,4,1,1,1,1,1,1,1,1,1,1,1,1,1,1,1,1,7,7,Kaden Owens,3,1,1,4,
12/16/2024 15:00,12/16/2024 15:16,205.185.107.47,978,1,3,4,2,5,5,1,5,2,2,5,2,5,2,5,4,1,5,5,3,5,3.55,7,7,7,7,7,7,7,7,7,7,7,7,7,7,7,7,7,7,13,14,14,14,15,16,14,14.28571429,1,2,2,1,1,1.4,5,2,3,4,6,2,5,3.857142857,4,2,4,2,4,1,4,4,2,4,1,1,4,1,3,2,4,3,2.777777778,6,6,6,6,7,6.2,3,4,2,4,2,4,2,2,4,2,2,2.142857143,3,3,4,2,4,2,2.5,4,2,3,3,2,2,2,2,1,1,4,2,6,4,2,3,3,3,4,2,3.375,148,6,1,5,4,262,0,174,169,151.25,1,1,5,3,6,6,6,5,5,5.166666667,2,6,3,6,1,7,2,6,6,3,5,5.125,3,5,4,5,4,5,4,4.5,6,2,6,6,3,5,5,6,6,5,5.125,6,5,6,6,5,6,6,6,6,5.777777778,4,4,4,4,1,3,1,2,1,1,1,2,1,1,1.4,2,1,1,1,1.25,6,6,Ally Robinson,4,1,1,4,
12/16/2024 15:18,12/16/2024 15:52,172.56.149.133,2038,1,3,4,2,5,4,2,4,2,1,5,2,5,2,5,2,1,4,5,2,5,3.25,6,6,6,6,6,6,7,6,6,6,6,6.2,6,6,4,6,5,5.4,13,13,14,15,15,14,16,14.28571429,1,2,1,1,1,1.2,1,1,1,2,6,2,2,2.142857143,3,3,3,3,3,2,5,4,2,4,1,2,3,2,4,1,3,5,2.944444444,7,7,7,7,6,6.8,2,4,2,4,2,3,3,3,3,3,3,2.571428571,5,5,4,2,3,3,3.75,1,1,1,1,2,1,2,1,2,1,1,1.428571429,3,4,1,3,2,3,8,4,3.5,58,1,1,1,1,148,234,3,3,97,2,,,,,,,,,#DIV/0!,,,,,,8,,8,,,8,8,,8,,,,,,8,,8,,,,8,,,,,8,,,,,,,,,,#DIV/0!,,,,#DIV/0!,,,,,,,,,,,#DIV/0!,,,,,#DIV/0!,6,6,Brittany Copeland,1,1,1,4,
12/16/2024 12:34,12/16/2024 18:40,205.185.110.131,21982,1,4,4,5,3,1,2,3,5,1,4,5,5,6,2,4,5,2,4,5,6,3.8,5,7,7,7,2,5.6,4,6,6,6,7,5.8,5,1,5,2,7,4,17,19,19,17,17,19,13,17.28571429,4,2,4,1,3,2.8,1,1,1,7,6,5,1,3.142857143,3,4,5,3,2,3,3,2,4,5,2,2,4,3,3,4,3,5,3.333333333,1,5,5,2,1,2.8,4,4,2,4,2,2,4,5,1,5,4,3.714285714,5,4,2,4,2,4,4.25,5,3,4,4,3,3,3,4,1,1,3,2.571428571,3,2,1,1,1,1,1,1,1.375,151,3,1,4,2.666666667,125,15,230,0,92.5,1,1,2,6,6,6,7,7,7,6.5,2,6,5,6,3,5,3,5,6,2,6,5.125,2,6,2,2,2,5,6,3.833333333,1,7,2,6,2,6,3,6,7,6,5.375,7,7,7,6,5,2,7,7,7,6.111111111,5,5,5,5,3,3,1,2,1,1,1,1,1,2,1.6,4,3,2,2,2.75,4,6,Jordon Viola,4,2,1,4,
12/16/2024 18:18,12/16/2024 18:44,83.136.182.129,1551,1,3,4,4,3,3,4,4,4,2,3,4,3,5,4,4,4,4,4,4,3,3.65,5,4,3,3,4,3.8,4,4,4,4,4,4,5,6,6,6,6,5.8,15,15,14,13,15,16,15,14.71428571,4,2,4,1,1,2.4,3,4,3,6,3,2,1,3.142857143,4,3,3,4,2,2,4,2,2,3,2,3,2,2,3,3,2,4,2.777777778,3,3,3,3,3,3,3,3,3,3,3,3,3,4,2,4,4,3.428571429,4,4,3,3,3,3,3.5,2,3,5,3.333333333,2,3,3,3,2,2,2,2.428571429,3,2,1,1,2,3,8,2,2.75,103,1,4,4,3,159,0,361,59,144.75,1,1,3,5,4,4,4,4,5,4.333333333,5,5,5,5,4,4,4,4,4,4,4,4.5,4,4,3,3,4,5,6,4.166666667,3,5,5,5,5,3,5,5,5,5,4.75,3,3,3,3,3,3,2,5,3,3.111111111,4,4,4,4,1,1,1,1,1,1,1,1,1,1,1,2,1,1,1,1.25,6,6,Mitchell Rider,1,1,1,4,
12/16/2024 21:21,12/16/2024 21:43,205.185.107.40,1329,1,2,4,3,5,2,3,4,3,3,2,4,4,4,4,3,6,4,4,3,3,3.5,6,7,7,7,6,6.6,6,7,6,7,7,6.6,6,2,3,5,4,4,15,15,14,16,16,16,15,15.28571429,2,3,2,1,1,1.8,2,2,2,5,4,3,4,3.142857143,4,2,2,3,3,2,3,3,1,4,2,1,4,2,5,2,2,4,2.722222222,2,2,2,1,1,1.6,4,3,3,4,2,4,2,3,4,2,4,2.857142857,4,4,2,4,2,4,4,5,4,5,4.666666667,4,2,4,2,1,1,4,2.571428571,3,4,2,6,2,2,8,1,3.5,163,4,5,4,4.333333333,351,0,152,114,154.25,2,,,,,,,,,#DIV/0!,,,,,,8,,8,,,8,8,,8,,,,,,8,,8,,,,8,,,,,8,,,,,,,,,,#DIV/0!,,,,#DIV/0!,,,,,,,,,,,#DIV/0!,,,,,#DIV/0!,6,6,Anthony Pirillo,4,1,1,4,
12/16/2024 22:58,12/16/2024 23:21,205.185.98.6,1414,1,5,4,2,4,4,4,4,4,1,4,4,4,3,3,2,3,5,5,4,4,3.65,5,4,5,7,5,5.2,4,5,5,6,6,5.2,5,4,4,3,4,4,16,17,15,17,18,16,14,16.14285714,2,3,2,2,4,2.6,5,5,3,5,5,5,5,4.714285714,3,3,3,3,2,2,2,2,5,3,5,5,4,4,5,4,3,5,3.5,4,4,6,5,7,5.2,5,2,4,4,2,3,3,4,2,4,4,3.714285714,4,4,3,3,3,3,3.5,2,3,4,3,3,3,3,2,2,2,3,2.571428571,6,5,1,4,4,1,8,1,3.75,317,9,6,9,8,669,196,62,0,231.75,2,,,,,,,,,#DIV/0!,,,,,,8,,8,,,8,8,,8,,,,,,8,,8,,,,8,,,,,8,,,,,,,,,,#DIV/0!,,,,#DIV/0!,,,,,,,,,,,#DIV/0!,,,,,#DIV/0!,6,6,Emma DeSpain,4,1,1,4,
12/16/2024 10:21,12/16/2024 10:23,184.155.236.45,78,0,,,,,,,,,,,,,,,,,,,,,#DIV/0!,,,,,,#DIV/0!,,,,,,#DIV/0!,,,,,,#DIV/0!,,,,,,,,#DIV/0!,,,,,,#DIV/0!,,,,,,,,#DIV/0!,,,,,,,,,,,,,,,,,,,#DIV/0!,,,,,,#DIV/0!,,,6,,6,,6,,,6,,6,,,,6,,6,6,,,,#DIV/0!,,,,,,,,#DIV/0!,,,,,,,,,#DIV/0!,,,,,#DIV/0!,,,,,#DIV/0!,,,,,,,,,,#DIV/0!,,,,,,8,,8,,,8,8,,8,,,,,,8,,8,,,,8,,,,,8,,,,,,,,,,#DIV/0!,,,,#DIV/0!,,,,,,,,,,,#DIV/0!,,,,,#DIV/0!,,,,,,,,
12/12/2024 8:01,12/12/2024 8:01,67.60.209.187,8,0,,,,,,,,,,,,,,,,,,,,,#DIV/0!,,,,,,#DIV/0!,,,,,,#DIV/0!,,,,,,#DIV/0!,,,,,,,,#DIV/0!,,,,,,#DIV/0!,,,,,,,,#DIV/0!,,,,,,,,,,,,,,,,,,,#DIV/0!,,,,,,#DIV/0!,,,6,,6,,6,,,6,,6,,,,6,,6,6,,,,#DIV/0!,,,,,,,,#DIV/0!,,,,,,,,,#DIV/0!,,,,,#DIV/0!,,,,,#DIV/0!,,,,,,,,,,#DIV/0!,,,,,,8,,8,,,8,8,,8,,,,,,8,,8,,,,8,,,,,8,,,,,,,,,,#DIV/0!,,,,#DIV/0!,,,,,,,,,,,#DIV/0!,,,,,#DIV/0!,,,,,,,,
12/16/2024 21:21,12/17/2024 0:00,172.56.151.115,9553,0,2,5,2,5,2,2,3,2,3,4,2,5,2,3,5,2,4,5,2,5,3.25,,,,,,#DIV/0!,,,,,,#DIV/0!,,,,,,#DIV/0!,,,,,,,,#DIV/0!,,,,,,#DIV/0!,,,,,,,,#DIV/0!,,,,,,,,,,,,,,,,,,,#DIV/0!,,,,,,#DIV/0!,,,6,,6,,6,,,6,,6,,,,6,,6,6,,,,#DIV/0!,,,,,,,,#DIV/0!,,,,,,,,,#DIV/0!,,,,,#DIV/0!,,,,,#DIV/0!,,,,,,,,,,#DIV/0!,,,,,,8,,8,,,8,8,,8,,,,,,8,,8,,,,8,,,,,8,,,,,,,,,,#DIV/0!,,,,#DIV/0!,,,,,,,,,,,#DIV/0!,,,,,#DIV/0!,,,,,,,,
12/12/2024 17:29,12/12/2024 17:41,67.60.209.162,717,0,5,5,5,6,3,3,4,3,4,4,4,4,3,5,4,4,5,5,4,4,4.2,6,5,6,6,5,5.6,6,6,6,6,6,6,6,4,5,6,4,5,14,15,14,18,14,18,13,15.14285714,,,,,,#DIV/0!,,,,,,,,#DIV/0!,,,,,,,,,,,,,,,,,,,#DIV/0!,,,,,,#DIV/0!,,,6,,6,,6,,,6,,6,,,,6,,6,6,,,,#DIV/0!,,,,,,,,#DIV/0!,,,,,,,,,#DIV/0!,,,,,#DIV/0!,,,,,#DIV/0!,,,,,,,,,,#DIV/0!,,,,,,8,,8,,,8,8,,8,,,,,,8,,8,,,,8,,,,,8,,,,,,,,,,#DIV/0!,,,,#DIV/0!,,,,,,,,,,,#DIV/0!,,,,,#DIV/0!,,,,,,,,
3/31/2025 8:04,3/31/2025 8:33,157.201.98.1,1738,1,4,3,4,5,2,4,4,4,1,5,3,4,5,4,5,4,5,3,5,3,3.85,6,7,6,6,5,6,5,6,6,6,7,6,6,5,6,7,5,5.8,13,14,13,14,13,15,14,13.71428571,1,1,1,1,1,1,4,3,2,6,5,3,2,3.571428571,4,2,3,3,1,2,5,4,2,5,2,2,4,2,3,2,4,2,2.888888889,6,6,5,6,4,5.4,2,4,2,4,2,4,2,2,4,2,2,2,2,2,4,2,3,3,2.25,3,2,2,2.333333333,2,3,2,2,3,3,2,2.428571429,6,6,4,4,5,4,8,7,5.5,85,3,1,3,2.333333333,31,44,200,31,76.5,2,,,,,,,,,#DIV/0!,,,,,,8,,8,,,8,8,,8,,,,,,8,,8,,,,8,,,,,8,,,,,,,,,,#DIV/0!,,,,#DIV/0!,,,,,,,,,,,#DIV/0!,,,,,#DIV/0!,7,6,Skyler Hodges,4,1,1,4,
3/31/2025 8:20,3/31/2025 8:41,157.201.96.100,1305,1,2,2,2,4,2,5,2,4,2,4,3,4,4,3,4,4,6,3,3,2,3.25,6,2,3,2,2,3,4,4,4,3,3,3.6,2,4,3,2,2,2.6,13,15,13,14,13,19,13,14.28571429,1,1,1,1,3,1.4,6,6,6,5,7,5,7,6,2,3,2,3,3,3,4,4,3,4,2,3,4,3,5,1,4,3,3.111111111,6,6,6,6,4,5.6,3,3,3,3,3,4,2,3,3,3,3,2.857142857,3,3,4,2,4,2,2.5,2,2,2,2,4,2,1,1,1,1,2,1.714285714,4,2,1,2,2,4,8,1,3,150,5,1,5,3.666666667,152,0,0,80,58,2,,,,,,,,,#DIV/0!,,,,,,8,,8,,,8,8,,8,,,,,,8,,8,,,,8,,,,,8,,,,,,,,,,#DIV/0!,,,,#DIV/0!,,,,,,,,,,,#DIV/0!,,,,,#DIV/0!,6,6,Alisha Johnson,3,2,1,4,
3/31/2025 8:21,3/31/2025 8:59,157.201.98.1,2324,1,5,3,4,2,3,4,4,5,2,3,4,3,4,2,3,5,4,3,3,2,3.4,5,7,7,7,6,6.4,6,6,7,7,7,6.6,6,6,7,6,5,6,14,17,13,14,14,14,14,14.28571429,1,2,1,1,3,1.6,1,1,1,3,5,1,1,1.857142857,4,1,3,1,2,1,4,3,1,3,1,1,4,1,4,1,4,1,2.222222222,6,7,5,6,6,6,3,4,2,4,2,4,2,2,4,2,2,2.142857143,2,3,5,1,5,1,1.75,1,2,1,1.333333333,2,2,2,1,1,1,2,1.571428571,6,2,2,4,3,2,8,6,4.125,88,4,1,3,2.666666667,277,0,396,0,168.25,1,1,3,5,6,6,5,7,6,5.833333333,1,5,6,7,2,6,3,5,4,3,5,4.875,3,5,3,2,5,4,5,4,7,1,1,1,6,2,1,1,1,1,1.125,6,6,7,5,5,3,5,6,6,5.444444444,2,2,1,1.666666667,1,2,1,2,1,1,2,2,1,2,1.5,3,3,3,2,2.75,7,7,Curtis McMichael,1,2,1,4,
3/31/2025 9:27,3/31/2025 9:38,157.201.96.100,647,1,6,5,6,5,4,6,4,4,4,5,5,3,6,6,5,5,6,5,4,5,4.95,7,5,6,6,7,6.2,7,6,5,6,6,6,7,6,5,7,7,6.4,15,15,15,15,15,15,15,15,2,2,3,3,1,2.2,5,4,4,7,6,5,6,5.285714286,5,3,4,3,2,2,3,3,2,4,1,2,4,1,4,2,4,4,2.944444444,4,4,4,4,3,3.8,4,3,3,3,3,3,3,4,3,3,4,3.428571429,5,5,3,3,3,3,4,3,3,3,3,3,3,3,2,2,2,2,2.428571429,5,5,2,2,2,5,7,4,4,64,4,1,1,2,77,28,251,10,91.5,2,,,,,,,,,#DIV/0!,,,,,,8,,8,,,8,8,,8,,,,,,8,,8,,,,8,,,,,8,,,,,,,,,,#DIV/0!,,,,#DIV/0!,,,,,,,,,,,#DIV/0!,,,,,#DIV/0!,6,6,Lyndzee Hales ,1,2,1,4,
3/31/2025 9:31,3/31/2025 10:01,157.201.96.100,1799,1,5,3,4,4,3,2,3,5,2,4,5,4,5,3,3,3,5,3,3,4,3.65,7,6,6,6,5,6,6,5,6,6,6,5.8,5,6,6,6,5,5.6,15,15,15,14,17,,14,15,1,2,1,2,1,1.4,5,3,4,5,4,3,3,3.857142857,4,2,3,3,2,3,4,4,2,4,2,2,4,2,5,2,4,4,3.111111111,5,5,5,5,3,4.6,3,3,3,4,2,4,2,2,3,3,2,2.428571429,4,4,2,4,3,3,3.75,2,2,3,2.333333333,2,2,3,2,2,2,2,2.142857143,4,3,3,1,3,3,6,5,3.5,232,3,2,5,3.333333333,207,0,88,210,126.25,2,,,,,,,,,#DIV/0!,,,,,,8,,8,,,8,8,,8,,,,,,8,,8,,,,8,,,,,8,,,,,,,,,,#DIV/0!,,,,#DIV/0!,,,,,,,,,,,#DIV/0!,,,,,#DIV/0!,6,6,Emma Telford,1,3,1,4,
3/31/2025 9:44,3/31/2025 10:08,174.204.2.58,1405,1,4,4,3,4,3,4,4,4,1,3,4,2,4,3,5,4,4,3,4,3,3.5,4,4,4,4,4,4,4,4,4,4,4,4,3,2,3,4,4,3.2,17,17,15,15,17,17,16,16.28571429,4,4,4,1,3,3.2,4,4,4,5,3,3,4,3.857142857,4,3,2,5,2,2,2,2,3,3,1,3,2,2,4,3,2,2,2.611111111,4,4,4,4,4,4,4,3,3,2,4,3,3,4,2,4,3,3.571428571,3,3,2,4,3,3,3.25,3,3,4,3.333333333,2,2,3,2,2,1,2,2,1,1,1,4,1,1,7,1,2.125,40,2,4,2,2.666666667,71,102,40,31,61,1,2,5,3,4,5,5,4,4,4.166666667,5,4,2,5,4,4,5,3,4,4,4,3.875,5,3,3,3,2,2,2,2.5,2,6,5,4,4,4,5,5,6,3,4.75,4,4,4,4,4,4,4,4,5,4.111111111,4,4,4,4,1,2,1,2,2,1,1,1,1,2,1.4,3,2,1,1,1.75,2,4,David Henrikson,1,3,1,4,
3/31/2025 9:42,3/31/2025 10:11,157.201.96.100,1741,1,4,3,3,4,2,3,6,5,2,4,3,4,3,3,2,3,5,5,4,3,3.55,5,4,4,5,6,4.8,5,5,6,5,6,5.4,2,1,5,3,2,2.6,17,17,18,16,18,15,14,16.42857143,3,2,3,1,4,2.6,5,5,4,7,7,6,6,5.714285714,3,3,3,4,1,3,2,2,5,2,1,4,2,2,2,1,2,5,2.611111111,3,3,4,3,3,3.2,5,3,3,3,3,3,3,5,2,4,5,4,4,5,2,4,2,4,4.25,4,2,4,3.333333333,2,2,3,1,1,1,3,1.857142857,4,1,1,1,1,4,6,4,2.75,304,4,1,4,3,281,0,576,78,233.75,1,1,6,2,2,2,1,3,2,2,1,5,1,6,6,2,6,2,2,6,2,2.625,6,2,2,5,2,1,1,2.166666667,1,7,2,2,6,2,1,2,5,6,3.375,3,2,5,3,1,2,5,1,1,2.555555556,4,4,4,4,1,4,1,1,2,1,1,2,1,1,1.5,4,4,4,4,4,6,7,Given Chatelain,1,3,1,4,
3/31/2025 10:21,3/31/2025 10:37,157.201.96.100,994,1,5,4,4,4,5,3,4,4,3,4,4,4,3,5,4,4,3,4,3,5,3.95,3,4,5,4,5,4.2,6,5,4,3,2,4,4,3,3,4,3,3.4,17,18,17,18,17,17,17,17.28571429,3,3,3,1,3,2.6,4,3,5,7,7,7,6,5.571428571,5,2,4,3,1,1,2,5,3,4,5,5,2,5,3,5,2,5,3.444444444,2,3,4,4,5,3.6,3,3,3,3,3,3,3,3,3,3,3,3,5,5,4,2,4,2,3.5,2,3,4,3,5,4,4,3,3,4,3,3.714285714,7,7,7,7,7,7,7,7,7,292,6,4,6,5.333333333,231,223,828,222,376,2,,,,,,,,,#DIV/0!,,,,,,8,,8,,,8,8,,8,,,,,,8,,8,,,,8,,,,,8,,,,,,,,,,#DIV/0!,,,,#DIV/0!,,,,,,,,,,,#DIV/0!,,,,,#DIV/0!,7,7,Jacob Sargent,3,2,1,4,
3/31/2025 10:32,3/31/2025 10:48,157.201.98.1,914,1,4,3,4,3,3,4,4,4,1,3,4,3,4,3,2,3,5,4,5,4,3.5,5,6,6,6,6,5.8,6,6,6,6,6,6,3,2,3,4,3,3,14,14,14,14,16,16,15,14.71428571,2,1,2,1,3,1.8,2,3,2,6,6,6,5,4.285714286,4,3,2,3,1,2,3,4,2,5,1,2,4,3,5,1,3,4,2.888888889,5,6,5,5,2,4.6,4,3,3,3,3,3,3,4,4,2,3,3.142857143,4,4,4,2,3,3,3.25,3,3,3,3,3,1,3,1,3,1,3,2.142857143,3,3,7,3,4,4,8,5,4.625,60,9,9,7,8.333333333,62,0,121,305,122,2,,,,,,,,,#DIV/0!,,,,,,8,,8,,,8,8,,8,,,,,,8,,8,,,,8,,,,,8,,,,,,,,,,#DIV/0!,,,,#DIV/0!,,,,,,,,,,,#DIV/0!,,,,,#DIV/0!,7,7,Michelle Lyons,1,2,1,4,
3/31/2025 10:19,3/31/2025 10:48,157.201.96.100,1746,1,3,4,2,4,2,4,3,4,2,3,3,4,2,4,4,2,5,3,3,4,3.25,6,3,5,5,6,5,5,4,5,4,6,4.8,5,6,4,4,5,4.8,14,17,15,18,15,18,16,16.14285714,1,1,1,1,1,1,5,3,4,4,6,1,6,4.142857143,4,3,5,3,3,2,5,5,2,4,2,1,4,1,4,1,4,1,3,6,6,6,6,3,5.4,2,3,3,4,2,4,2,2,4,2,3,2.285714286,2,2,4,2,5,1,1.75,1,1,1,1,1,1,1,1,1,2,2,1.285714286,7,6,6,4,6,4,7,5,5.625,180,5,2,4,3.666666667,297,1,403,101,200.5,2,,,,,,,,,#DIV/0!,,,,,,8,,8,,,8,8,,8,,,,,,8,,8,,,,8,,,,,8,,,,,,,,,,#DIV/0!,,,,#DIV/0!,,,,,,,,,,,#DIV/0!,,,,,#DIV/0!,6,6,Allie Jensen ,4,1,1,4,
3/31/2025 10:49,3/31/2025 11:22,157.201.96.100,1947,1,4,3,4,5,4,4,4,5,1,5,2,2,4,2,2,3,4,3,4,3,3.4,6,6,6,6,6,6,6,6,6,6,6,6,5,5,5,5,5,5,19,19,19,19,19,17,19,18.71428571,1,2,2,1,1,1.4,2,2,4,5,5,6,2,3.714285714,4,1,3,3,3,2,4,4,2,4,2,3,3,3,5,1,4,3,3,6,6,6,6,6,6,2,4,2,4,2,4,2,3,4,2,3,2.285714286,3,3,4,2,4,2,2.5,2,2,2,2,3,1,2,2,1,1,3,1.857142857,5,5,3,2,5,5,6,3,4.25,0,1,2,5,2.666666667,419,0,125,0,136,1,1,2,6,6,6,4,4,4,5,1,2,2,2,3,5,5,3,2,5,3,2.5,5,3,4,5,4,3,2,3.5,1,7,7,6,2,6,6,4,4,4,5.5,6,4,5,4,4,4,4,5,5,4.555555556,4,4,4,4,2,1,1,1,1,1,1,1,1,1,1.1,1,1,1,1,1,7,7,Marcus Layosa,2,2,1,4,
3/31/2025 10:39,3/31/2025 11:29,205.185.107.46,2969,1,4,3,2,3,3,4,3,4,2,3,4,3,5,3,3,4,3,3,4,3,3.3,6,5,5,5,4,5,5,4,4,5,5,4.6,4,4,3,3,3,3.4,16,17,15,14,16,16,16,15.71428571,3,1,2,2,2,2,5,6,6,7,6,6,6,6,2,3,4,3,2,2,3,3,5,3,2,2,4,3,4,1,3,3,2.888888889,5,5,5,5,4,4.8,5,3,3,3,3,3,3,5,3,3,4,3.714285714,4,5,3,3,3,3,3.75,3,3,2,2.666666667,3,2,1,1,1,2,2,1.714285714,7,4,6,5,6,1,8,3,5,411,2,3,7,4,710,0,897,548,538.75,2,,,,,,,,,#DIV/0!,,,,,,8,,8,,,8,8,,8,,,,,,8,,8,,,,8,,,,,8,,,,,,,,,,#DIV/0!,,,,#DIV/0!,,,,,,,,,,,#DIV/0!,,,,,#DIV/0!,6,6,Callista Hammond,3,1,1,4,
3/31/2025 11:59,3/31/2025 12:20,205.185.107.40,1251,1,5,5,4,2,4,3,3,4,2,3,4,3,5,3,2,5,5,3,4,3,3.6,7,7,7,7,7,7,7,7,7,7,7,7,6,7,6,7,6,6.4,14,14,13,14,14,15,14,14,1,2,1,1,2,1.4,2,2,2,5,6,2,5,3.428571429,2,3,4,2,3,2,4,3,1,3,4,1,4,1,4,2,5,3,2.833333333,6,6,6,6,5,5.8,2,5,1,5,1,4,2,2,5,1,2,1.571428571,3,2,4,2,4,2,2.25,1,1,1,1,2,2,2,2,1,3,4,2.285714286,5,3,1,4,4,4,8,4,4.125,60,1,4,3,2.666666667,119,0,201,40,90,1,1,2,6,2,6,3,4,3,4,1,2,2,1,6,2,2,6,1,6,2,2.125,7,1,1,2,2,2,3,1.833333333,5,3,2,3,3,5,6,6,6,1,4,6,4,5,6,6,3,5,5,5,5,5,5,5,5,1,1,1,1,1,1,1,1,1,1,1,3,2,1,1,1.75,7,7,Trevor Barney,1,1,1,4,
3/31/2025 12:06,3/31/2025 12:36,157.201.96.100,1804,1,4,4,3,4,2,2,3,3,2,3,3,4,3,3,3,4,4,4,4,4,3.3,6,6,5,6,6,5.8,6,5,5,6,6,5.6,6,3,4,5,3,4.2,17,18,17,18,17,15,15,16.71428571,2,1,1,2,3,1.8,2,2,3,4,5,3,6,3.571428571,3,2,4,3,4,2,5,4,3,5,4,1,3,1,5,2,2,4,3.166666667,5,6,6,6,7,6,4,5,1,4,2,2,4,4,3,3,4,3.142857143,3,4,3,3,4,2,3,3,4,3,3.333333333,3,2,3,2,2,1,3,2.285714286,6,4,2,1,3,2,8,4,3.75,62,2,1,1,1.333333333,146,0,500,4,162.5,1,1,5,3,6,7,6,6,5,5.5,5,6,6,4,3,5,2,6,7,3,5,5.5,2,6,5,6,7,4,6,5.666666667,7,1,6,6,2,6,5,3,5,6,4.75,6,6,5,6,6,4,6,6,6,5.666666667,4,4,4,4,1,1,1,4,1,1,1,1,1,1,1.3,1,1,1,1,1,7,7,Trinity Nielsen,4,2,1,4,
3/31/2025 12:38,3/31/2025 13:14,157.201.96.100,2115,1,3,4,2,4,3,4,3,4,1,3,3,3,5,4,2,3,4,3,3,3,3.2,5,6,7,7,6,6.2,4,6,6,5,7,5.6,6,3,5,6,5,5,16,18,14,14,14,17,15,15.42857143,1,4,1,1,2,1.8,4,3,2,6,6,2,4,3.857142857,4,2,5,2,1,2,5,5,1,4,3,2,5,2,4,1,4,3,3.055555556,5,7,4,7,5,5.6,1,5,1,5,1,4,2,2,4,2,1,1.428571429,2,2,4,2,5,1,1.75,2,3,3,2.666666667,3,2,4,3,2,2,3,2.714285714,2,2,2,2,2,3,8,6,3.375,110,4,3,5,4,241,0,159,121,130.25,1,1,1,7,7,7,7,7,7,7,7,7,7,3,1,7,1,7,7,1,7,6.5,1,7,7,7,7,7,7,7,2,6,7,7,1,7,6,3,5,2,5.375,7,7,7,7,7,7,7,7,7,7,2,3,2,2.333333333,1,1,1,1,1,1,1,1,1,1,1,2,1,2,2,1.75,6,4,Jacob Huntsman,1,2,1,4,
3/31/2025 14:24,3/31/2025 14:43,157.201.96.100,1177,1,4,4,4,5,4,5,4,5,2,3,5,3,5,4,4,4,3,5,5,4,4.1,6,7,7,6,5,6.2,5,6,5,6,6,5.6,6,5,5,5,7,5.6,15,17,14,15,16,15,17,15.57142857,2,2,1,1,1,1.4,4,2,3,4,4,4,3,3.428571429,2,1,4,1,1,1,3,4,2,2,2,2,5,1,3,1,2,2,2.166666667,4,6,5,4,5,4.8,3,4,2,5,1,3,3,4,3,3,4,2.857142857,3,3,3,3,3,3,3,2,1,1,1.333333333,2,1,3,3,1,1,1,1.714285714,6,4,6,3,5,4,8,7,5.375,597,5,3,5,4.333333333,858,658,529,181,556.5,2,,,,,,,,,#DIV/0!,,,,,,8,,8,,,8,8,,8,,,,,,8,,8,,,,8,,,,,8,,,,,,,,,,#DIV/0!,,,,#DIV/0!,,,,,,,,,,,#DIV/0!,,,,,#DIV/0!,7,7,Cade Young,5,2,1,4,
3/31/2025 14:00,3/31/2025 15:26,205.185.107.55,5120,1,4,4,4,4,3,5,4,4,1,5,4,3,4,4,4,4,4,5,4,4,3.9,5,6,7,6,6,6,6,7,7,7,6,6.6,6,6,6,6,4,5.6,14,14,13,13,13,13,17,13.85714286,1,2,1,1,1,1.2,2,3,3,2,6,2,3,3,3,2,4,2,3,1,5,4,2,4,1,3,5,2,4,1,4,2,2.888888889,6,6,6,6,5,5.8,3,4,2,4,2,5,1,2,4,2,1,1.857142857,2,2,4,2,4,2,2,1,2,1,1.333333333,2,1,1,2,1,2,2,1.571428571,6,4,2,2,3,4,8,5,4.25,100,1,1,1,1,203,0,299,24,131.5,2,,,,,,,,,#DIV/0!,,,,,,8,,8,,,8,8,,8,,,,,,8,,8,,,,8,,,,,8,,,,,,,,,,#DIV/0!,,,,#DIV/0!,,,,,,,,,,,#DIV/0!,,,,,#DIV/0!,7,6,Erica Topham,1,1,1,4,
3/31/2025 15:43,3/31/2025 15:59,192.225.189.130,988,1,4,4,4,5,3,2,4,4,1,5,3,4,3,5,2,2,5,5,3,5,3.65,2,2,2,2,1,1.8,1,1,1,1,1,1,1,1,1,1,1,1,17,19,19,19,16,19,19,18.28571429,4,4,4,1,4,3.4,7,7,3,7,7,7,7,6.428571429,2,3,3,5,1,3,1,1,4,1,5,5,1,5,2,1,1,4,2.666666667,1,1,1,1,1,1,5,2,4,2,4,2,4,5,2,4,5,4.428571429,5,5,2,4,1,5,4.75,5,5,5,5,2,3,1,1,1,1,1,1.428571429,3,1,1,1,1,1,8,1,2.125,399,9,1,1,3.666666667,404,0,62,0,116.5,1,1,5,3,6,6,2,4,5,4.333333333,1,1,1,4,3,5,6,2,3,6,2,2.375,2,6,2,6,2,6,2,4,2,6,1,2,1,7,4,4,4,4,4,5,3,5,2,2,1,1,1,1,2.333333333,4,5,4,4.333333333,1,4,1,2,1,1,1,5,1,1,1.8,4,1,1,1,1.75,6,6,Truman Rogers,4,1,1,4,
3/31/2025 16:46,3/31/2025 17:00,38.43.9.229,893,1,2,4,3,3,2,3,5,4,1,4,3,3,4,3,2,3,5,3,3,3,3.15,6,6,6,6,6,6,5,5,5,6,6,5.4,5,5,5,5,4,4.8,16,17,17,14,14,17,17,16,1,2,1,1,2,1.4,5,3,5,4,6,3,5,4.428571429,2,1,4,2,4,1,4,4,2,5,1,1,3,1,4,1,3,2,2.5,5,6,6,6,6,5.8,3,4,2,4,2,4,2,2,4,2,2,2.142857143,3,2,4,2,4,2,2.25,2,2,2,2,2,1,2,2,1,1,2,1.571428571,6,4,2,4,4,3,8,4,4.375,119,5,4,2,3.666666667,236,0,141,197,143.5,1,1,5,3,4,5,4,5,5,4.333333333,3,5,3,6,4,4,4,4,5,4,4,4.25,6,2,2,2,3,3,4,2.666666667,6,2,5,5,2,6,5,6,6,4,4.875,4,4,5,4,4,4,4,3,3,3.888888889,5,5,5,5,3,1,1,1,1,1,1,1,1,1,1.2,2,2,2,1,1.75,6,6,Samuel King,1,2,1,4,
3/31/2025 13:22,3/31/2025 17:45,67.61.16.87,15744,1,5,5,3,5,5,3,3,5,2,4,4,5,4,3,4,3,5,3,5,3,3.95,6,5,7,6,5,5.8,5,5,5,6,7,5.6,5,3,3,5,5,4.2,15,17,15,15,15,15,14,15.14285714,2,1,2,1,2,1.6,2,3,3,2,5,2,3,2.857142857,3,3,3,4,2,2,2,4,4,4,2,3,3,2,4,2,3,4,3,6,6,5,6,5,5.6,5,3,3,3,3,2,4,3,2,4,3,3.571428571,4,4,3,3,3,3,3.5,2,2,3,2.333333333,3,1,3,3,1,2,1,2,5,4,1,3,2,2,6,1,3,398,6,1,6,4.333333333,508,91,518,286,350.75,2,,,,,,,,,#DIV/0!,,,,,,8,,8,,,8,8,,8,,,,,,8,,8,,,,8,,,,,8,,,,,,,,,,#DIV/0!,,,,#DIV/0!,,,,,,,,,,,#DIV/0!,,,,,#DIV/0!,6,6,Aline Moraes,1,1,1,4,
3/31/2025 18:37,3/31/2025 19:14,67.60.148.34,2169,1,6,2,3,4,2,5,2,5,1,1,5,2,6,2,5,6,5,2,5,3,3.6,5,5,3,2,7,4.4,6,6,6,3,7,5.6,2,1,2,5,5,3,13,14,13,13,16,17,19,15,4,4,3,3,4,3.6,1,2,1,7,6,2,2,3,3,2,2,4,2,2,2,1,2,4,1,2,4,1,5,1,3,3,2.444444444,1,2,6,2,2,2.6,4,2,4,3,3,3,3,2,2,4,5,3.571428571,3,2,3,3,3,3,2.75,4,4,3,3.666666667,4,2,5,2,1,2,4,2.857142857,5,3,1,2,2,3,8,4,3.5,61,6,3,4,4.333333333,200,0,401,245,211.5,1,1,5,3,5,5,2,3,5,3.833333333,2,2,5,7,6,2,2,6,2,6,2,3.5,6,2,5,5,2,7,1,3.666666667,1,7,5,6,1,7,6,2,1,2,4.5,2,5,6,5,2,1,2,5,5,3.666666667,5,5,5,5,1,1,3,1,1,1,1,1,1,1,1.2,3,2,2,1,2,7,7,Anabelle McEachran,1,2,1,4,
3/31/2025 21:18,3/31/2025 22:27,205.185.107.31,4189,1,5,5,5,4,4,5,4,5,3,4,4,6,4,5,4,2,6,4,4,,4.368421053,6,7,7,7,7,6.8,6,6,6,7,7,6.4,6,5,5,6,7,5.8,14,17,14,14,13,18,14,14.85714286,1,2,1,1,2,1.4,5,5,5,4,6,2,5,4.571428571,2,3,4,2,4,2,5,5,2,4,2,2,5,3,5,3,5,3,3.388888889,6,6,6,6,4,5.6,3,4,2,5,1,4,2,1,4,2,1,1.714285714,3,3,5,1,4,2,2.25,1,2,1,1.333333333,2,3,3,2,1,1,2,2,8,5,4,5,7,6,6,5,5.75,134,4,1,4,3,186,0,203,60,112.25,1,1,5,3,5,6,3,4,5,4.333333333,1,5,3,6,6,2,6,2,2,6,2,2.875,3,5,5,3,1,3,1,3,2,6,6,7,2,6,5,5,6,5,5.75,3,3,5,3,2,4,5,3,3,3.444444444,5,5,5,5,1,2,2,1,2,1,1,1,1,2,1.4,4,4,1,1,2.5,7,7,McKinley Smith,3,1,1,4,
4/1/2025 7:11,4/1/2025 7:32,157.201.96.100,1276,1,5,4,4,4,3,4,4,4,2,3,4,4,5,3,4,4,4,4,4,3,3.8,4,4,5,5,5,4.6,5,5,5,5,5,5,5,5,5,5,4,4.8,15,16,15,17,18,18,15,16.28571429,2,1,1,1,1,1.2,3,4,5,4,5,5,5,4.428571429,4,3,4,3,3,4,4,4,3,4,2,4,4,3,5,4,4,4,3.666666667,5,5,5,5,5,5,3,3,3,4,2,4,2,3,4,2,2,2.428571429,4,3,3,3,3,3,3.25,2,2,2,2,3,2,2,2,2,2,2,2.142857143,4,5,2,3,5,4,7,5,4.375,241,5,1,5,3.666666667,239,0,246,250,183.75,1,1,6,2,4,4,4,4,4,3.666666667,4,4,4,5,3,5,3,5,5,4,4,4.5,4,4,3,3,5,5,5,4.166666667,5,3,4,3,5,3,3,3,4,4,3.375,5,4,4,4,4,4,3,2,2,3.555555556,4,4,4,4,3,3,1,2,1,1,1,1,1,1,1.5,3,3,2,3,2.75,6,6,Cody Wilhelmsen,1,2,1,4,
4/1/2025 7:21,4/1/2025 7:35,157.201.98.1,862,1,5,4,4,5,3,5,4,5,3,5,4,4,5,3,4,5,4,3,6,5,4.3,7,6,6,6,6,6.2,7,7,6,6,6,6.4,5,6,6,6,5,5.6,17,17,18,14,14,17,14,15.85714286,1,2,1,1,1,1.2,6,6,6,5,7,4,5,5.571428571,2,1,4,2,3,2,4,4,1,5,2,2,4,2,4,1,4,2,2.722222222,5,5,5,3,2,4,3,4,2,5,1,5,1,1,4,2,1,1.571428571,2,2,4,2,4,2,2,4,1,1,2,2,3,2,2,2,2,3,2.285714286,7,3,2,2,4,3,8,6,4.375,231,3,5,4,4,289,0,79,120,122,1,1,7,1,2,4,2,2,2,2.166666667,1,1,1,5,4,4,6,2,3,4,4,2.625,4,4,4,4,5,5,5,4.5,4,4,4,4,3,5,5,5,4,4,4.375,2,2,2,2,2,2,2,2,2,2,4,4,4,4,1,4,1,2,1,2,1,2,1,1,1.6,2,1,1,1,1.25,6,6,Evan Schaumann,4,1,1,4,
4/1/2025 10:21,4/1/2025 10:46,157.201.96.100,1499,1,5,4,2,4,5,1,4,3,1,3,4,4,4,2,3,4,6,4,4,3,3.5,7,7,7,7,6,6.8,5,7,7,7,7,6.6,5,5,5,6,5,5.2,15,17,15,13,16,15,13,14.85714286,2,1,1,2,2,1.6,5,3,3,5,6,2,2,3.714285714,4,3,5,3,3,2,5,5,3,5,2,2,4,1,5,1,5,3,3.388888889,7,7,7,7,6,6.8,2,3,3,4,2,5,1,3,4,2,3,2.285714286,3,3,4,2,4,2,2.5,2,3,3,2.666666667,3,3,2,2,1,1,3,2.142857143,5,4,3,2,3,4,8,6,4.375,239,1,1,4,2,238,137,320,100,198.75,1,1,2,6,5,5,6,6,6,5.666666667,4,6,4,4,4,4,4,4,4,4,4,4.25,5,3,4,2,2,2,1,2.333333333,5,3,1,1,1,7,1,1,1,1,2,6,6,6,5,6,2,6,6,6,5.444444444,4,4,4,4,1,2,1,1,1,1,1,1,1,1,1.1,2,2,2,2,2,2,2,Faith Pennington,1,1,1,4,
3/31/2025 15:57,4/1/2025 13:22,205.185.98.23,77071,1,3,4,3,4,1,3,2,3,2,4,3,5,2,4,2,3,5,3,1,4,3.05,5,3,4,5,5,4.4,4,5,5,5,5,4.8,3,3,4,3,4,3.4,15,17,15,16,17,18,16,16.28571429,4,3,1,1,1,2,2,2,2,6,5,2,4,3.285714286,3,3,5,4,2,2,4,4,5,3,3,3,2,1,5,1,3,3,3.111111111,4,2,5,2,2,3,5,3,3,3,3,3,3,3,3,3,3,3.285714286,4,4,4,2,4,2,3,3,1,3,2.333333333,1,2,1,2,1,1,2,1.428571429,7,5,2,2,5,4,8,5,4.75,22,2,4,4,3.333333333,124,0,241,124,122.25,1,1,2,6,5,6,5,4,6,5.333333333,3,6,5,6,5,3,3,5,5,3,5,4.75,6,2,3,4,5,4,2,3.333333333,5,3,2,2,6,2,1,2,2,2,2,7,5,6,6,6,5,7,5,5,5.777777778,5,5,5,5,1,2,1,1,1,1,1,1,1,1,1.1,3,2,2,2,2.25,6,7,Joseph Kertamus,3,2,1,4,
4/1/2025 16:44,4/1/2025 16:57,192.225.179.138,786,1,5,5,5,5,4,5,4,4,5,5,3,5,5,3,4,3,3,5,5,3,4.3,4,6,6,6,6,5.6,6,6,6,6,6,6,4,4,4,6,4,4.4,14,17,15,13,13,17,14,14.71428571,2,2,1,2,1,1.6,5,3,3,3,4,3,3,3.428571429,2,3,4,2,2,2,2,4,2,4,1,1,3,2,5,1,4,3,2.611111111,5,5,5,5,4,4.8,2,4,2,4,2,4,2,3,4,2,3,2.285714286,2,3,4,2,4,2,2.25,3,2,2,2.333333333,2,2,2,3,2,2,2,2.142857143,4,4,3,4,3,5,6,5,4.25,204,5,2,5,4,304,101,323,192,230,2,,,,,,,,,#DIV/0!,,,,,,8,,8,,,8,8,,8,,,,,,8,,8,,,,8,,,,,8,,,,,,,,,,#DIV/0!,,,,#DIV/0!,,,,,,,,,,,#DIV/0!,,,,,#DIV/0!,6,6,Seojin Gil,1,2,1,4,
4/1/2025 19:45,4/1/2025 20:07,205.185.107.33,1307,1,4,4,3,4,2,1,1,3,1,4,2,5,2,4,2,1,4,4,4,4,2.95,7,7,7,7,7,7,6,6,7,7,7,6.6,7,3,1,7,7,5,14,14,14,14,13,19,13,14.42857143,1,1,2,2,3,1.8,1,1,1,4,5,4,4,2.857142857,4,3,4,2,2,2,5,5,3,4,1,1,4,1,2,1,1,3,2.666666667,6,6,6,5,2,5,2,2,4,4,2,4,2,4,5,1,1,2.285714286,4,3,4,2,4,2,2.75,2,2,2,2,2,2,1,1,1,1,1,1.285714286,2,1,2,1,1,4,6,1,2.25,401,1,1,5,2.333333333,169,0,449,163,195.25,1,2,4,4,4,4,3,5,3,3.833333333,1,3,1,5,4,4,4,4,2,3,5,3.125,6,2,5,1,1,1,1,1.833333333,1,7,4,6,7,1,7,5,5,7,5.25,4,4,5,1,1,1,2,4,4,2.888888889,4,4,4,4,1,1,1,3,2,1,1,1,1,1,1.3,4,3,1,1,2.25,7,7,"Brimhall, Eliza",1,1,1,4,
4/1/2025 19:23,4/1/2025 20:22,192.225.189.126,3521,1,3,4,2,5,3,4,5,4,1,4,3,3,3,3,2,3,5,4,3,4,3.4,5,6,6,6,6,5.8,6,7,6,7,6,6.4,6,5,6,6,7,6,16,17,13,14,16,15,18,15.57142857,1,3,1,1,2,1.6,2,2,2,3,5,4,6,3.428571429,4,2,4,2,3,2,5,3,2,4,1,2,5,2,4,1,5,4,3.055555556,5,6,6,6,5,5.6,3,5,1,5,1,4,2,3,4,2,2,2,4,3,5,1,5,1,2.25,3,2,1,2,2,2,1,1,1,1,3,1.571428571,6,6,4,2,5,4,8,6,5.125,401,3,1,2,2,94,0,309,21,106,2,,,,,,,,,#DIV/0!,,,,,,8,,8,,,8,8,,8,,,,,,8,,8,,,,8,,,,,8,,,,,,,,,,#DIV/0!,,,,#DIV/0!,,,,,,,,,,,#DIV/0!,,,,,#DIV/0!,6,2,Tanner Bacon,4,2,1,4,
4/2/2025 8:01,4/2/2025 8:24,157.201.98.1,1417,1,2,3,4,4,5,2,5,5,2,5,5,5,5,3,5,4,4,4,5,3,4,6,6,6,6,2,5.2,6,5,5,6,6,5.6,7,5,5,7,6,6,14,14,17,14,14,17,14,14.85714286,2,1,1,2,3,1.8,2,2,2,6,5,5,5,3.857142857,3,2,2,4,1,1,4,2,2,3,2,3,4,1,4,3,4,4,2.722222222,5,5,6,6,2,4.8,3,4,2,4,2,4,2,2,1,5,2,2.571428571,4,2,3,3,3,3,3,3,4,3,3.333333333,2,2,4,2,1,1,4,2.285714286,3,4,2,4,2,5,6,6,4,135,5,3,5,4.333333333,360,3,295,363,255.25,2,,,,,,,,,#DIV/0!,,,,,,8,,8,,,8,8,,8,,,,,,8,,8,,,,8,,,,,8,,,,,,,,,,#DIV/0!,,,,#DIV/0!,,,,,,,,,,,#DIV/0!,,,,,#DIV/0!,6,7,Halle Peck,3,1,1,4,
4/2/2025 8:01,4/2/2025 8:25,157.201.96.100,1454,1,2,5,5,2,2,2,5,2,1,2,1,6,5,5,,2,5,2,2,5,3.210526316,5,3,3,2,3,3.2,3,5,6,6,6,5.2,6,3,6,5,6,5.2,14,17,14,17,14,17,14,15.28571429,2,1,2,2,2,1.8,5,2,5,5,5,5,5,4.571428571,4,3,5,3,2,3,3,4,4,4,3,4,4,2,4,4,4,5,3.611111111,6,6,6,6,6,6,2,4,2,4,2,5,1,4,5,1,3,2.142857143,5,5,3,3,4,2,3.75,3,2,3,2.666666667,2,2,2,2,1,1,1,1.571428571,2,4,1,5,1,3,8,1,3.125,32,4,3,3,3.333333333,70,0,149,45,66,1,1,6,2,6,6,2,6,6,4.666666667,1,6,6,6,1,7,1,7,7,2,6,5.75,6,2,2,1,6,2,6,3.166666667,6,2,1,1,1,7,1,1,1,1,1.875,3,6,7,3,6,1,6,6,6,4.888888889,5,5,4,4.666666667,2,1,1,4,2,4,2,2,2,2,2.2,5,5,2,2,3.5,6,6,Nathan John,1,1,1,4,
4/2/2025 8:04,4/2/2025 8:26,157.201.96.100,1316,1,4,4,4,5,5,2,5,4,1,3,3,4,5,3,3,2,4,4,3,4,3.6,6,6,6,6,6,6,6,6,6,6,6,6,6,4,4,3,5,4.4,13,13,18,13,13,14,13,13.85714286,3,4,3,3,3,3.2,1,1,4,7,7,7,5,4.571428571,5,5,2,5,2,2,3,4,3,4,2,5,3,4,5,5,2,5,3.666666667,1,3,2,5,4,3,5,2,4,2,4,2,4,5,2,4,5,4.428571429,5,5,2,4,2,4,4.5,5,5,5,5,3,5,5,5,5,4,4,4.428571429,2,1,4,1,1,1,6,1,2.125,300,4,1,4,3,301,10,100,100,127.75,2,,,,,,,,,#DIV/0!,,,,,,8,,8,,,8,8,,8,,,,,,8,,8,,,,8,,,,,8,,,,,,,,,,#DIV/0!,,,,#DIV/0!,,,,,,,,,,,#DIV/0!,,,,,#DIV/0!,6,6,Melonie Sterling,1,1,1,4,
4/2/2025 8:20,4/2/2025 8:51,157.201.96.100,1845,1,2,3,2,4,4,2,5,3,2,4,2,4,2,4,1,2,4,5,2,5,3.1,7,6,6,7,7,6.6,6,7,6,7,7,6.6,6,6,6,6,6,6,13,15,13,13,13,13,13,13.28571429,1,1,1,2,2,1.4,5,3,3,3,5,3,2,3.428571429,4,2,5,2,5,1,5,5,3,5,1,3,5,2,5,2,5,4,3.555555556,7,7,7,6,5,6.4,4,5,1,4,2,4,2,3,5,1,3,2.285714286,4,3,4,2,4,2,2.75,2,1,1,1.333333333,3,1,3,1,2,3,4,2.428571429,8,5,4,2,6,7,8,6,5.75,90,1,2,3,2,100,61,180,0,85.25,1,1,5,3,5,5,2,2,5,3.666666667,5,4,2,5,5,3,6,2,7,3,5,4.125,7,1,7,7,3,7,7,5.333333333,7,1,7,3,5,3,7,1,1,1,3,2,2,5,6,5,1,7,7,7,4.666666667,4,4,4,4,2,1,2,1,1,1,1,2,1,1,1.3,2,2,2,2,2,6,6,Lexi Soelberg,3,1,1,4,
4/1/2025 21:51,4/2/2025 8:55,157.201.96.100,39811,1,4,5,3,5,5,3,5,3,3,4,4,4,4,4,4,4,4,4,4,4,4,5,5,5,6,5,5.2,5,5,5,5,5,5,6,5,6,5,6,5.6,15,16,15,15,15,17,17,15.71428571,1,1,1,1,1,1,6,3,3,6,5,3,6,4.571428571,3,2,4,2,2,3,4,3,2,5,2,2,4,2,3,2,4,3,2.888888889,5,5,5,6,4,5,4,3,3,4,2,4,2,2,3,3,3,2.714285714,3,3,3,3,3,3,3,3,3,3,3,2,2,2,2,2,2,2,2,3,3,3,3,3,2,3,3,2.875,53,5,4,5,4.666666667,295,194,311,273,268.25,1,2,4,4,5,5,5,4,4,4.5,4,4,4,4,4,4,4,4,4,4,4,4,4,4,4,4,4,4,,4,4,4,4,4,4,4,4,4,4,4,4,4,4,4,4,4,4,4,4,4,4,3,3,3,3,3,3,3,3,3,3,3,3,3,3,3,2,2,2,2,2,6,7,Jeffrey Omoruyi,1,1,1,4,
4/2/2025 9:46,4/2/2025 10:02,157.201.98.1,933,1,3,5,2,5,4,4,4,4,2,6,3,4,2,4,3,3,5,4,3,3,3.65,6,6,6,6,6,6,6,5,6,6,6,5.8,3,3,5,5,4,4,15,15,17,16,17,17,15,16,1,3,1,1,1,1.4,4,2,3,5,5,3,3,3.571428571,1,2,3,2,1,1,4,4,1,4,1,2,3,1,3,1,3,4,2.277777778,6,6,5,5,3,5,4,3,3,3,3,4,2,4,3,3,3,3.142857143,4,4,3,3,3,3,3.5,2,3,3,2.666666667,3,3,2,2,2,2,2,2.285714286,3,1,1,1,2,1,1,1,1.375,90,4,1,4,3,200,7,62,70,84.75,1,1,5,3,6,6,5,4,4,4.666666667,1,2,2,6,5,3,6,2,2,5,3,2.625,6,2,2,6,2,2,3,2.833333333,1,7,6,6,6,2,6,6,6,6,5.625,3,3,3,3,3,2,5,3,3,3.111111111,4,4,4,4,1,3,1,1,1,1,1,1,1,1,1.2,3,3,1,1,2,6,6,Megan Carey,1,1,1,4,
4/2/2025 9:50,4/2/2025 10:07,157.201.96.100,1008,1,2,5,2,5,2,3,4,4,1,5,2,5,4,4,2,6,5,4,2,4,3.55,6,6,6,6,6,6,4,5,5,6,6,5.2,5,2,3,6,5,4.2,18,17,17,14,18,18,15,16.71428571,1,2,2,1,2,1.6,2,2,3,5,5,4,3,3.428571429,5,2,4,2,1,2,4,4,2,3,2,4,3,4,4,2,4,2,3,6,6,6,6,5,5.8,2,4,2,4,2,4,2,3,3,3,2,2.285714286,2,2,5,1,5,1,1.5,2,2,2,2,2,2,2,1,1,2,3,1.857142857,4,1,1,2,2,5,7,4,3.25,114,1,1,6,2.666666667,123,1,242,180,136.5,1,1,7,1,2,5,2,3,1,2.333333333,1,2,2,6,2,6,4,4,2,5,3,3.25,3,5,2,4,,5,2,3.6,2,6,2,5,5,3,4,6,7,2,4.375,2,2,6,2,2,2,2,3,3,2.666666667,5,5,5,5,1,4,2,5,1,1,1,2,1,1,1.9,3,1,1,1,1.5,4,2,Jacob Beeson,1,2,1,4,
4/2/2025 9:52,4/2/2025 10:18,157.201.96.100,1536,1,4,4,3,3,2,4,3,3,1,4,4,4,2,3,3,5,5,3,3,4,3.35,6,6,6,6,6,6,6,6,6,6,6,6,7,6,7,6,6,6.4,13,17,13,15,17,14,14,14.71428571,1,1,1,1,1,1,6,2,5,3,7,5,5,4.714285714,3,1,3,3,2,2,4,5,4,4,1,3,4,2,5,1,4,4,3.055555556,6,7,7,7,5,6.4,2,3,3,3,3,3,3,3,3,3,3,2.857142857,5,3,4,2,4,2,3,2,2,2,2,2,1,2,2,1,1,3,1.714285714,7,6,5,2,5,5,8,5,5.375,30,2,1,1,1.333333333,121,0,411,0,133,1,1,5,3,7,7,3,4,4,4.666666667,2,3,5,6,5,3,5,3,3,5,3,3.5,3,5,6,6,6,6,3,5.333333333,2,6,3,2,6,2,2,2,2,2,2.625,6,4,5,3,3,3,5,6,5,4.444444444,5,5,5,5,1,1,1,1,1,1,1,1,1,1,1,1,1,1,1,1,7,7,Kylee Smith,4,2,1,4,
4/2/2025 10:14,4/2/2025 11:40,157.201.96.100,5173,1,2,4,2,5,4,1,4,2,1,5,2,4,2,5,2,1,5,4,2,5,3.1,5,3,5,6,6,5,3,4,6,3,5,4.2,7,6,7,7,6,6.6,14,15,14,15,14,13,14,14.14285714,2,1,3,1,2,1.8,1,2,1,6,3,5,,3,3,3,4,4,2,2,3,4,2,4,1,2,5,3,4,1,2,5,3,6,6,5,6,7,6,3,4,2,4,2,3,3,3,3,3,3,2.714285714,5,5,3,3,3,3,4,3,2,4,3,2,1,2,2,1,1,3,1.714285714,6,4,2,1,2,1,6,1,2.875,176,6,1,3,3.333333333,289,0,107,20,104,2,,,,,,,,,#DIV/0!,,,,,,8,,8,,,8,8,,8,,,,,,8,,8,,,,8,,,,,8,,,,,,,,,,#DIV/0!,,,,#DIV/0!,,,,,,,,,,,#DIV/0!,,,,,#DIV/0!,7,7,Megan Ivy Rowan,4,1,1,4,
4/2/2025 13:06,4/2/2025 13:39,205.185.98.6,1989,1,4,3,5,4,2,2,2,3,1,3,3,4,2,4,4,3,5,3,2,4,3.15,6,4,5,4,3,4.4,4,5,5,4,5,4.6,5,3,4,6,6,4.8,14,14,14,15,17,16,14,14.85714286,1,2,1,2,1,1.4,2,1,2,3,4,4,1,2.428571429,4,2,4,2,5,2,5,4,2,4,1,1,4,2,5,1,4,2,3,4,5,5,5,2,4.2,2,4,2,4,2,3,3,1,3,3,2,2.142857143,3,4,4,2,4,2,2.75,2,2,2,2,2,2,1,1,1,1,3,1.571428571,5,5,2,4,2,2,8,1,3.625,180,1,4,2,2.333333333,241,0,363,0,151,2,,,,,,,,,#DIV/0!,,,,,,8,,8,,,8,8,,8,,,,,,8,,8,,,,8,,,,,8,,,,,,,,,,#DIV/0!,,,,#DIV/0!,,,,,,,,,,,#DIV/0!,,,,,#DIV/0!,6,6,Trevan Bateman,3,1,1,4,
4/2/2025 13:48,4/2/2025 14:01,65.181.53.74,764,1,4,4,3,5,4,2,5,3,1,4,3,5,3,4,4,2,4,4,3,5,3.6,5,5,6,7,5,5.6,4,5,5,5,5,4.8,6,3,4,5,5,4.6,15,17,13,13,13,17,13,14.42857143,1,1,1,1,2,1.2,3,2,2,5,5,3,3,3.285714286,2,1,4,2,2,2,4,4,2,3,1,1,2,3,4,1,5,2,2.5,6,5,5,5,3,4.8,3,4,2,3,3,4,2,2,3,3,2,2.428571429,2,2,3,3,4,2,2.25,5,5,5,5,2,1,3,1,1,1,1,1.428571429,2,2,1,4,3,3,7,4,3.25,142,5,4,4,4.333333333,324,138,266,91,204.75,1,1,5,3,2,4,3,2,2,2.666666667,1,1,1,1,1,7,1,7,1,1,7,3.25,1,7,1,3,1,2,1,2.5,5,3,2,1,4,4,1,3,5,2,2.625,2,3,4,1,1,1,3,3,3,2.333333333,5,5,5,5,1,1,2,1,1,1,1,1,1,1,1.1,5,5,5,4,4.75,6,7,Grace Pelton,4,3,1,4,
4/2/2025 14:31,4/2/2025 14:56,157.201.96.100,1511,1,2,4,2,5,3,2,4,2,1,5,2,5,1,5,2,3,4,4,2,4,3.1,6,5,6,5,6,5.6,5,5,4,5,6,5,6,5,4,4,5,4.8,14,14,14,15,16,14,15,14.57142857,1,2,1,1,1,1.2,3,2,2,4,7,4,5,3.857142857,4,1,4,3,2,4,5,5,3,4,2,2,3,2,4,1,4,4,3.166666667,6,6,6,6,6,6,4,4,2,3,3,3,3,3,4,2,2,2.714285714,4,3,4,2,4,2,2.75,2,3,2,2.333333333,1,1,2,2,2,3,3,2,7,5,6,2,6,4,8,6,5.5,20,3,1,1,1.666666667,59,10,107,31,51.75,1,1,2,6,6,6,5,5,5,5.5,3,5,3,4,2,6,2,6,5,2,6,4.75,2,6,5,5,6,6,5,5.5,2,6,5,5,4,4,3,2,2,2,3.625,6,6,6,5,5,3,6,5,5,5.222222222,4,4,4,4,1,2,1,1,1,1,1,1,1,1,1.1,2,1,1,1,1.25,7,7,Eliza Stanley,3,1,1,4,
4/2/2025 16:23,4/2/2025 16:32,205.185.110.136,531,1,6,6,6,6,6,6,6,6,6,6,6,6,6,6,6,6,6,6,6,6,6,7,7,7,7,7,7,1,1,1,1,1,1,1,1,1,1,1,1,19,19,19,19,19,19,19,19,4,4,4,4,4,4,7,7,7,7,7,7,7,7,2,2,2,2,2,2,2,2,2,2,2,2,2,2,2,2,2,2,2,2,3,1,1,6,2.6,5,5,1,5,1,5,1,5,5,1,5,2.714285714,5,5,1,5,1,5,5,5,1,5,3.666666667,1,1,1,1,1,1,1,1,4,1,1,1,1,1,8,3,2.5,500,4,4,4,4,272,1,879,526,419.5,2,,,,,,,,,#DIV/0!,,,,,,8,,8,,,8,8,,8,,,,,,8,,8,,,,8,,,,,8,,,,,,,,,,#DIV/0!,,,,#DIV/0!,,,,,,,,,,,#DIV/0!,,,,,#DIV/0!,4,1,"Hahahahaha! You're not trustworthy to keep this info anonymous, are you kidding?",4,1,1,5,
4/2/2025 9:15,4/2/2025 16:49,66.219.222.22,27220,1,2,4,2,2,2,2,2,2,2,3,3,4,3,3,2,2,4,4,2,2,2.6,6,7,7,6,6,6.4,7,7,7,6,6,6.6,5,6,3,5,5,4.8,14,17,14,14,14,19,14,15.14285714,2,1,1,1,2,1.4,3,1,1,2,5,2,1,2.142857143,5,3,4,3,3,3,4,4,3,5,2,2,5,1,5,1,5,4,3.444444444,6,6,6,6,7,6.2,3,5,1,5,1,4,2,3,4,2,2,2,4,4,4,2,4,2,3,2,3,3,2.666666667,3,1,3,2,1,1,3,2,4,4,1,3,3,3,6,6,3.75,166,4,2,5,3.666666667,210,99,180,127,154,2,,,,,,,,,#DIV/0!,,,,,,8,,8,,,8,8,,8,,,,,,8,,8,,,,8,,,,,8,,,,,,,,,,#DIV/0!,,,,#DIV/0!,,,,,,,,,,,#DIV/0!,,,,,#DIV/0!,7,7,Jakobi Richins,1,1,1,4,
4/2/2025 17:01,4/2/2025 17:19,205.185.105.21,1099,1,5,5,3,5,5,5,2,2,5,3,4,3,3,3,4,6,3,4,3,4,3.85,7,7,6,6,6,6.4,6,6,6,6,6,6,6,6,6,6,6,6,13,13,13,14,19,16,14,14.57142857,1,1,1,1,1,1,6,2,4,4,7,2,2,3.857142857,4,2,4,2,3,3,4,4,1,4,1,3,4,2,4,1,4,2,2.888888889,6,6,6,6,6,6,3,4,2,4,2,4,2,2,4,2,2,2.142857143,2,2,4,2,4,2,2,1,3,1,1.666666667,2,1,1,2,1,1,4,1.714285714,5,4,2,2,3,3,6,5,3.75,248,5,4,5,4.666666667,191,0,243,265,174.75,1,1,7,1,2,2,4,2,2,2.166666667,1,2,2,5,4,4,7,1,1,4,4,2.5,7,1,1,1,1,1,1,1,7,1,4,2,6,2,5,6,5,6,3.875,4,2,4,4,4,2,5,4,4,3.666666667,5,5,5,5,1,1,1,1,1,1,1,1,1,1,1,5,5,1,1,3,7,7,Preston Marsh,1,2,1,4,
4/2/2025 17:19,4/2/2025 17:47,205.185.110.149,1676,1,6,2,3,5,4,5,3,4,1,4,5,2,4,2,5,6,4,4,5,5,3.95,5,7,6,7,5,6,6,7,6,7,7,6.6,7,6,6,6,6,6.2,17,15,13,13,13,16,13,14.28571429,1,3,2,1,1,1.6,1,1,1,3,5,1,1,1.857142857,2,4,4,4,2,2,5,4,3,4,2,4,4,3,5,1,4,4,3.388888889,6,6,6,5,3,5.2,3,4,2,5,1,4,2,3,5,1,2,2,4,3,4,2,4,2,2.75,5,3,3,3.666666667,3,2,3,2,1,3,3,2.428571429,6,5,1,1,4,2,8,3,3.75,0,4,2,4,3.333333333,180,1,300,121,150.5,1,1,6,2,2,5,2,3,1,2.5,1,1,1,1,6,2,7,1,1,7,1,1.125,6,2,5,6,1,2,1,2.833333333,1,7,6,7,1,7,7,7,7,7,6.875,2,1,6,1,2,1,5,5,5,3.111111111,4,4,4,4,1,4,3,4,1,1,1,1,1,1,1.8,4,4,3,4,3.75,7,7,Parker Stilson,4,2,1,4,
4/2/2025 17:40,4/2/2025 18:30,205.185.98.67,2975,1,3,5,2,4,2,2,5,2,2,5,3,4,3,4,3,3,4,4,3,4,3.35,6,6,6,6,6,6,6,6,6,6,6,6,5,5,5,5,5,5,15,15,15,15,15,18,15,15.42857143,1,1,1,1,2,1.2,5,6,5,6,5,5,5,5.285714286,4,2,3,3,3,3,3,3,3,3,3,3,3,3,3,3,3,3,3,5,5,4,5,5,4.8,3,4,2,4,2,4,2,4,4,2,4,2.714285714,4,4,3,3,3,3,3.5,2,3,3,2.666666667,4,4,4,4,4,4,4,4,6,2,2,2,5,4,8,6,4.375,39,3,3,3,3,93,361,276,80,202.5,2,,,,,,,,,#DIV/0!,,,,,,8,,8,,,8,8,,8,,,,,,8,,8,,,,8,,,,,8,,,,,,,,,,#DIV/0!,,,,#DIV/0!,,,,,,,,,,,#DIV/0!,,,,,#DIV/0!,6,6,Dennis Newby,1,1,1,4,
4/2/2025 20:25,4/2/2025 20:52,205.185.98.8,1584,1,4,4,4,4,4,5,5,4,1,5,3,5,3,4,2,3,5,4,3,3,3.75,6,7,7,7,7,6.8,3,6,6,6,5,5.2,4,3,4,5,4,4,15,17,16,14,17,16,18,16.14285714,4,1,3,2,4,2.8,6,5,3,7,5,5,3,4.857142857,3,4,4,3,2,4,3,3,3,4,3,3,3,3,4,2,3,5,3.277777778,4,5,3,5,2,3.8,4,2,4,2,4,2,4,3,2,4,4,3.857142857,5,5,3,3,3,3,4,3,4,3,3.333333333,2,3,5,3,3,4,4,3.428571429,3,4,1,3,4,3,8,2,3.5,75,6,4,1,3.666666667,138,0,400,59,149.25,1,1,1,7,3,4,5,3,5,4.5,1,5,7,7,3,5,3,5,4,6,2,4.5,2,6,5,6,5,6,2,5,2,6,6,7,1,7,7,3,5,7,6,5,6,5,5,5,3,5,5,5,4.888888889,4,4,3,3.666666667,3,5,2,1,1,1,1,2,1,1,1.8,2,2,1,1,1.5,7,7,Heather Goff,1,1,1,4,
4/2/2025 20:13,4/2/2025 20:58,205.185.110.75,2673,1,5,3,3,4,5,4,3,5,2,3,4,4,2,3,2,3,4,3,5,4,3.55,6,6,6,6,6,6,7,6,6,6,6,6.2,6,5,5,5,6,5.4,14,14,14,14,14,17,18,15,2,1,3,1,2,1.8,3,3,2,2,6,2,2,2.857142857,3,2,4,3,3,2,5,5,3,4,1,1,5,1,4,2,4,4,3.111111111,6,6,5,6,7,6,4,3,3,3,3,3,3,3,2,4,4,3.428571429,5,5,3,3,4,2,3.75,5,2,2,3,1,3,3,3,1,1,1,1.857142857,7,3,3,3,5,2,8,4,4.375,179,4,1,5,3.333333333,127,0,300,135,140.5,1,1,5,3,4,5,3,3,5,3.833333333,1,2,6,5,2,6,2,6,5,2,6,4.625,2,6,6,7,5,6,5,5.833333333,2,6,6,6,2,6,7,2,2,7,5.25,2,3,6,2,2,2,2,2,2,2.555555556,5,5,5,5,1,2,1,1,1,1,1,1,1,1,1.1,3,3,1,1,2,6,6,Hannah Lakenan,4,1,1,4,
4/2/2025 21:27,4/2/2025 21:50,205.185.107.19,1367,1,4,5,4,2,3,2,3,6,2,5,5,5,4,3,4,3,5,5,4,2,3.8,6,6,5,6,7,6,2,3,5,6,4,4,7,5,6,6,5,5.8,15,16,19,13,14,15,13,15,1,1,2,1,2,1.4,5,2,3,6,3,3,2,3.428571429,4,2,3,2,3,3,3,4,1,4,2,2,3,1,2,1,4,2,2.555555556,5,7,5,6,6,5.8,2,3,3,4,2,3,3,2,3,3,1,2.285714286,1,3,3,3,4,2,2.25,5,3,3,3.666666667,1,1,1,1,1,1,3,1.285714286,3,2,1,1,1,1,8,1,2.25,366,6,1,1,2.666666667,366,84,31,0,120.25,2,,,,,,,,,#DIV/0!,,,,,,8,,8,,,8,8,,8,,,,,,8,,8,,,,8,,,,,8,,,,,,,,,,#DIV/0!,,,,#DIV/0!,,,,,,,,,,,#DIV/0!,,,,,#DIV/0!,7,7,justin letham,4,1,1,4,
4/2/2025 22:05,4/2/2025 22:26,162.245.89.81,1240,1,2,2,4,5,4,2,1,6,1,3,4,2,5,1,2,2,4,5,4,4,3.15,6,2,6,5,2,4.2,5,5,6,3,5,4.8,2,1,5,1,4,2.6,13,17,13,13,17,14,13,14.28571429,2,4,4,2,3,3,2,6,4,7,6,6,2,4.714285714,5,2,2,3,1,2,1,3,5,2,2,3,3,2,4,1,3,5,2.722222222,1,1,1,3,1,1.4,5,2,4,2,4,2,4,5,1,5,5,4.571428571,5,5,2,4,2,4,4.5,2,3,3,2.666666667,2,2,2,1,1,1,3,1.714285714,3,3,1,1,3,1,8,6,3.25,97,4,1,1,2,140,183,209,2,133.5,1,1,1,7,6,6,6,4,5,5.666666667,1,5,2,5,3,5,2,6,5,3,5,4.25,1,7,6,6,4,6,2,5.166666667,2,6,6,6,2,6,5,3,2,4,4.75,6,6,6,1,1,2,3,5,5,3.888888889,4,4,4,4,1,3,1,1,1,1,1,2,1,1,1.3,4,1,2,1,2,6,6,Emma Jackson,3,1,1,4,
4/2/2025 22:20,4/2/2025 22:41,205.185.110.159,1265,1,2,5,2,4,3,2,2,3,2,2,3,5,2,3,3,2,5,3,3,4,3,6,6,6,6,6,6,6,6,6,6,6,6,6,5,5,6,5,5.4,13,15,14,14,14,15,18,14.71428571,3,2,4,1,2,2.4,6,5,2,6,6,5,5,5,4,2,4,3,2,2,3,3,5,3,3,2,4,2,2,2,3,5,3,3,3,3,2,1,2.4,3,3,3,3,3,3,3,2,3,3,3,2.857142857,5,5,3,3,3,3,4,5,5,5,5,3,2,2,2,2,2,3,2.285714286,1,2,1,3,1,1,8,1,2.25,30,4,3,1,2.666666667,120,0,180,0,75,2,,,,,,,,,#DIV/0!,,,,,,8,,8,,,8,8,,8,,,,,,8,,8,,,,8,,,,,8,,,,,,,,,,#DIV/0!,,,,#DIV/0!,,,,,,,,,,,#DIV/0!,,,,,#DIV/0!,6,6,Tyler Colgrove,4,1,1,4,
4/3/2025 7:23,4/3/2025 7:38,157.201.96.100,866,1,2,4,4,4,2,2,3,2,2,2,2,4,3,3,3,3,4,4,3,3,2.95,6,5,5,6,6,5.6,6,6,6,6,6,6,6,5,6,6,5,5.6,16,16,16,16,15,16,16,15.85714286,1,2,1,1,2,1.4,4,4,4,4,4,4,4,4,2,2,3,2,2,2,4,4,3,4,2,3,4,2,2,2,2,2,2.611111111,6,6,6,6,6,6,2,3,3,3,3,3,3,3,3,3,3,2.857142857,2,2,4,2,4,2,2,2,2,2,2,2,2,2,2,2,2,2,2,4,1,1,1,5,5,8,4,3.625,0,3,1,4,2.666666667,70,0,408,32,127.5,1,1,2,6,5,5,5,5,5,5.166666667,5,6,5,5,5,3,5,3,5,5,3,4.375,5,3,5,5,5,5,5,4.666666667,5,3,5,5,4,4,6,6,5,5,4.875,6,6,6,6,6,6,6,6,6,6,4,4,4,4,4,4,4,4,4,5,4,4,5,5,4.3,4,5,4,5,4.5,2,2,Jacob Hess,1,1,1,4,
4/3/2025 7:27,4/3/2025 7:50,192.64.199.4,1377,1,5,4,3,4,3,4,4,3,5,4,3,5,3,4,3,3,5,4,3,4,3.8,6,7,5,4,4,5.2,4,6,6,5,6,5.4,4,2,5,6,4,4.2,14,17,17,15,19,16,15,16.14285714,3,1,2,2,3,2.2,5,3,3,6,3,2,2,3.428571429,3,1,4,2,3,1,2,3,5,4,2,4,2,3,5,1,3,5,2.944444444,4,5,6,6,6,5.4,3,2,4,4,2,3,3,1,3,3,4,2.857142857,5,3,3,3,3,3,3.5,2,2,2,2,2,3,3,2,1,2,3,2.285714286,3,2,2,3,2,3,6,3,3,100,9,3,9,7,200,0,119,59,94.5,1,2,5,3,2,2,2,5,4,3,2,3,2,5,2,6,6,2,3,6,2,3.125,6,2,1,1,3,3,2,2,7,1,1,5,4,4,6,6,7,3,4.125,5,4,6,4,4,2,4,6,6,4.555555556,5,5,5,5,1,5,2,3,1,2,2,2,1,1,2,5,5,5,5,5,7,7,Megan Wall,1,2,1,4,
4/3/2025 8:37,4/3/2025 9:02,38.43.9.147,1467,1,2,5,2,4,2,2,4,2,1,4,3,4,3,5,4,2,4,5,4,5,3.35,6,6,6,6,6,6,6,6,6,6,6,6,3,3,5,6,3,4,13,13,13,14,14,14,14,13.57142857,1,2,1,1,1,1.2,3,5,3,3,6,2,5,3.857142857,4,1,4,3,2,2,5,4,2,4,1,1,3,1,4,1,4,2,2.666666667,6,6,6,6,5,5.8,2,4,2,4,2,4,2,1,4,2,1,1.714285714,3,3,4,2,4,2,2.5,1,1,1,1,2,1,1,1,1,1,1,1.142857143,3,4,2,2,2,4,8,2,3.375,89,4,2,3,3,93,119,180,43,108.75,1,1,6,2,2,5,2,2,2,2.5,2,2,2,4,5,3,6,2,2,6,2,2.375,6,2,2,2,2,2,2,2,6,2,2,2,2,6,2,2,2,2,2.5,2,2,2,2,2,2,2,2,2,2,4,4,4,4,1,1,1,1,1,1,1,1,1,1,1,4,1,1,1,1.75,6,6,Emily Terribilini,1,1,1,4,
4/3/2025 8:50,4/3/2025 9:30,67.61.161.73,2407,1,4,5,4,5,5,2,5,2,5,3,3,5,4,4,5,2,4,5,4,5,4.05,6,6,6,6,6,6,6,6,6,6,6,6,6,4,5,5,6,5.2,14,14,14,14,14,14,14,14,1,1,1,1,1,1,4,3,3,5,6,2,4,3.857142857,3,3,3,3,3,3,3,3,3,3,3,3,3,3,3,3,3,3,3,6,6,5,6,6,5.8,3,3,3,3,3,3,3,3,3,3,3,3,3,3,3,3,3,3,3,3,3,3,3,3,3,3,3,3,3,3,3,3,2,1,3,3,4,6,6,3.5,601,8,1,8,5.666666667,440,101,496,399,359,1,1,2,6,6,6,6,6,6,6,5,6,4,6,1,7,1,7,5,1,7,5.875,6,2,4,2,4,2,4,3,6,2,2,2,6,2,3,4,4,4,2.875,6,6,6,6,6,6,6,6,6,6,4,4,4,4,1,1,1,1,1,1,1,1,1,1,1,2,2,2,2,2,7,7,Ashley Castillo ,1,1,1,4,
4/3/2025 10:50,4/3/2025 12:29,205.185.107.38,5953,1,3,3,4,4,3,4,3,4,2,3,3,4,3,4,3,2,4,3,4,3,3.3,6,6,5,4,4,5,4,6,6,6,6,5.6,5,4,4,4,3,4,14,17,14,14,14,16,15,14.85714286,1,1,2,1,2,1.4,1,1,2,5,3,2,2,2.285714286,3,2,4,2,2,3,4,4,2,5,2,2,4,2,4,2,4,3,3,3,5,5,4,3,4,3,4,2,4,2,4,2,2,4,2,2,2.142857143,3,3,4,2,4,2,2.5,4,3,3,3.333333333,3,1,2,2,1,1,1,1.571428571,7,5,6,3,4,2,7,1,4.375,94,3,1,4,2.666666667,131,0,149,984,316,2,,,,,,,,,#DIV/0!,,,,,,8,,8,,,8,8,,8,,,,,,8,,8,,,,8,,,,,8,,,,,,,,,,#DIV/0!,,,,#DIV/0!,,,,,,,,,,,#DIV/0!,,,,,#DIV/0!,6,6,Hallie Cleverly,4,2,1,4,
4/3/2025 13:35,4/3/2025 14:08,205.185.98.26,1977,1,2,5,2,4,2,2,3,4,4,4,2,4,3,5,2,1,5,4,5,2,3.25,6,6,7,7,6,6.4,7,7,6,7,6,6.6,5,4,5,5,6,5,14,13,14,14,14,16,13,14,2,1,1,1,3,1.6,4,6,6,7,7,2,7,5.571428571,2,2,4,3,2,1,4,4,2,3,1,4,2,4,3,1,3,1,2.555555556,5,5,5,5,2,4.4,2,4,2,4,2,4,2,3,3,3,3,2.428571429,2,3,4,2,4,2,2.25,2,3,2,2.333333333,2,2,2,1,1,1,1,1.428571429,8,4,1,3,6,4,6,4,4.5,32,3,7,7,5.666666667,403,0,149,0,138,2,,,,,,,,,#DIV/0!,,,,,,8,,8,,,8,8,,8,,,,,,8,,8,,,,8,,,,,8,,,,,,,,,,#DIV/0!,,,,#DIV/0!,,,,,,,,,,,#DIV/0!,,,,,#DIV/0!,7,7,Jeffrey Hale,3,2,1,4,
4/3/2025 13:59,4/3/2025 14:10,172.224.247.33,625,1,3,4,4,5,4,4,4,4,4,4,4,4,4,2,4,4,4,4,4,4,3.9,5,5,5,5,5,5,5,5,5,5,5,5,5,5,5,5,5,5,16,16,16,16,16,16,16,16,2,3,2,2,3,2.4,5,4,5,7,7,7,7,6,3,4,4,4,2,2,3,5,4,3,2,2,4,3,4,3,4,4,3.333333333,5,6,6,6,6,5.8,2,4,2,4,2,4,2,2,4,2,2,2,4,4,3,3,4,2,3.25,1,1,1,1,3,1,3,1,1,1,1,1.571428571,7,4,7,7,7,6,6,6,6.25,452,6,1,6,4.333333333,782,212,545,694,558.25,2,,,8,,,,,,8,,,,,,8,,8,,,8,8,,8,,,,,,8,,8,,,,8,,,,,8,,,,,,,,,,#DIV/0!,,,,#DIV/0!,,,,,,,,,,,#DIV/0!,,,,,#DIV/0!,6,6,Kylee Middaugh,3,1,1,4,
4/3/2025 13:37,4/3/2025 14:18,192.225.189.130,2424,1,4,4,2,5,4,3,4,4,1,4,4,4,3,4,3,3,4,3,2,4,3.45,7,5,5,5,6,5.6,5,5,5,5,5,5,5,4,4,5,5,4.6,14,13,13,13,15,14,13,13.57142857,2,1,1,1,1,1.2,2,2,2,6,5,2,2,3,2,2,4,2,4,2,5,4,1,5,1,1,4,1,5,1,5,2,2.833333333,4,4,4,4,2,3.6,4,4,2,4,2,4,2,3,4,2,3,2.571428571,4,4,5,1,5,1,2.5,1,1,1,1,2,1,1,1,1,1,2,1.285714286,6,4,1,3,4,5,6,2,3.875,141,6,1,6,4.333333333,172,3,300,180,163.75,2,,,8,,,,,,8,,,,,,8,,8,,,8,8,,8,,,,,,8,,8,,,,8,,,,,8,,,,,,,,,,#DIV/0!,,,,#DIV/0!,,,,,,,,,,,#DIV/0!,,,,,#DIV/0!,7,7,Keeley Brown,3,1,1,5,
4/3/2025 14:18,4/3/2025 14:41,205.185.107.41,1350,1,4,2,5,2,2,3,3,5,1,1,6,4,6,2,3,6,6,2,4,1,3.4,6,6,6,6,4,5.6,7,6,6,6,7,6.4,5,6,3,7,7,5.6,13,15,13,13,15,14,13,13.71428571,1,1,1,1,1,1,2,2,4,2,7,4,5,3.714285714,5,2,4,3,3,1,4,4,2,5,2,2,5,1,4,1,5,4,3.166666667,7,7,7,7,7,7,2,3,3,4,2,4,2,3,4,2,2,2.285714286,4,2,3,3,3,3,3,1,1,2,1.333333333,2,1,1,2,1,1,2,1.428571429,4,4,1,3,4,4,6,7,4.125,30,2,1,4,2.333333333,59,4,120,45,57,2,,,8,,,,,,8,,,,,,8,,8,,,8,8,,8,,,,,,8,,8,,,,8,,,,,8,,,,,,,,,,#DIV/0!,,,,#DIV/0!,,,,,,,,,,,#DIV/0!,,,,,#DIV/0!,7,7,Mariah King,1,1,1,4,
4/3/2025 14:31,4/3/2025 14:58,205.185.107.15,1606,1,5,4,5,2,2,6,3,4,1,3,5,4,4,2,4,4,3,4,4,3,3.6,5,3,4,4,4,4,6,4,6,4,5,5,4,3,3,4,2,3.2,13,13,13,13,13,13,13,13,3,2,3,1,2,2.2,6,2,2,6,4,1,2,3.285714286,2,4,3,4,2,3,5,2,2,3,2,2,2,2,4,2,2,4,2.777777778,2,4,4,3,2,3,5,2,4,3,3,3,3,4,3,3,4,3.714285714,4,4,3,3,3,3,3.5,5,4,4,4.333333333,3,3,5,2,2,2,2,2.714285714,6,4,3,4,6,2,6,4,4.375,235,5,1,5,3.666666667,348,8,466,31,213.25,2,,,8,,,,,,8,,,,,,8,,8,,,8,8,,8,,,,,,8,,8,,,,8,,,,,8,,,,,,,,,,#DIV/0!,,,,#DIV/0!,,,,,,,,,,,#DIV/0!,,,,,#DIV/0!,7,7,Emma Pastorik,3,1,1,4,
4/3/2025 14:57,4/3/2025 15:18,205.185.98.33,1240,1,4,5,3,4,2,4,4,4,2,5,5,2,4,2,4,2,3,3,4,3,3.45,6,4,4,5,5,4.8,6,6,7,5,4,5.6,6,3,4,3,4,4,14,14,14,13,13,16,17,14.42857143,3,2,3,1,1,2,5,3,4,6,7,5,5,5,2,3,4,4,2,1,3,2,1,4,1,3,2,1,4,1,3,3,2.444444444,5,5,5,6,3,4.8,4,3,3,3,3,2,4,4,3,3,4,3.571428571,3,2,3,3,3,3,2.75,4,4,5,4.333333333,4,2,5,4,1,1,1,2.571428571,2,1,1,1,1,1,6,1,1.75,128,5,3,7,5,197,0,256,181,158.5,1,1,4,4,3,4,3,3,4,3.5,2,3,4,6,6,2,6,2,3,4,4,3.25,7,1,2,2,1,2,1,1.5,2,6,5,2,7,1,5,6,7,2,4.25,3,2,4,5,4,2,3,4,4,3.444444444,5,5,5,5,1,2,3,1,1,1,1,1,1,1,1.3,4,1,1,1,1.75,6,6,Jacob Daniels,4,1,1,4,
4/3/2025 16:05,4/3/2025 17:11,205.185.107.57,3966,1,3,5,2,4,4,4,4,2,2,2,2,5,2,5,2,2,4,5,2,5,3.3,7,6,6,6,5,6,7,7,7,7,7,7,6,5,5,5,6,5.4,14,14,14,14,15,18,14,14.71428571,1,1,1,1,1,1,4,2,5,6,6,5,5,4.714285714,4,3,4,3,2,3,4,4,3,5,2,2,4,2,5,2,5,3,3.333333333,6,6,6,6,6,6,3,3,3,4,2,4,2,3,4,2,3,2.571428571,3,3,4,2,4,2,2.5,2,3,3,2.666666667,2,1,2,1,2,2,3,1.857142857,3,2,1,1,1,2,8,1,2.375,150,5,1,5,3.666666667,100,0,500,200,200,1,1,5,3,2,5,2,5,3,3.333333333,5,5,5,7,5,3,5,3,5,3,5,4.75,2,6,6,3,5,5,5,5,2,6,6,6,2,6,6,6,6,6,6,3,3,6,2,2,2,2,5,5,3.333333333,4,4,4,4,1,2,3,1,1,1,1,1,1,1,1.3,3,1,1,1,1.5,7,7,Shayla Teruel,1,1,1,4,
4/3/2025 16:14,4/3/2025 17:20,136.36.172.248,3957,1,4,4,2,5,2,2,4,3,1,5,3,4,4,4,4,3,5,4,2,4,3.45,4,5,5,5,5,4.8,4,6,6,6,6,5.6,5,5,5,4,4,4.6,14,16,13,13,13,17,13,14.14285714,1,1,1,1,1,1,6,2,4,5,6,4,5,4.571428571,4,2,4,5,3,1,2,3,2,3,2,3,3,2,4,1,2,3,2.722222222,4,5,6,5,5,5,3,3,3,4,2,3,3,3,3,3,2,2.714285714,3,4,3,3,3,3,3.25,3,1,4,2.666666667,2,1,3,1,1,1,1,1.428571429,7,4,1,1,4,1,8,7,4.125,61,3,5,3,3.666666667,200,0,201,0,100.25,1,1,5,3,5,5,3,4,5,4.166666667,2,5,1,6,2,6,2,6,6,1,7,4.875,1,7,1,2,5,6,5,4.333333333,2,6,1,4,3,5,5,2,1,6,3.75,5,4,5,3,3,2,3,3,3,3.444444444,4,4,4,4,1,2,1,1,1,1,1,1,1,1,1.1,3,3,2,3,2.75,7,7,Carter Pierson,4,1,1,4,
4/3/2025 17:55,4/3/2025 19:03,157.201.98.1,4066,1,3,3,2,4,3,4,3,4,1,4,2,5,3,4,2,3,5,5,2,5,3.35,5,6,6,7,3,5.4,6,6,6,7,6,6.2,6,4,6,4,5,5,14,15,14,18,18,15,16,15.71428571,3,1,4,1,4,2.6,3,5,4,6,6,7,4,5,1,2,4,4,4,3,3,3,4,4,2,4,3,4,3,1,3,4,3.111111111,4,3,6,3,3,3.8,4,3,3,3,3,4,2,4,2,4,4,3.428571429,4,4,3,3,4,2,3.25,3,3,4,3.333333333,3,2,3,2,1,3,3,2.428571429,6,5,2,2,3,4,8,5,4.375,122,5,1,3,3,180,0,60,15,63.75,2,,,8,,,,,,8,,,,,,8,,8,,,8,8,,8,,,,,,8,,8,,,,8,,,,,8,,,,,,,,,,#DIV/0!,,,,#DIV/0!,,,,,,,,,,,#DIV/0!,,,,,#DIV/0!,7,6,Robbie Kate Wilkins,4,1,1,4,
4/3/2025 18:58,4/3/2025 19:23,38.43.9.147,1497,1,3,3,3,4,2,3,3,3,1,2,3,4,3,3,4,2,4,4,2,3,2.95,6,7,7,7,7,6.8,4,7,7,7,7,6.4,7,5,6,6,5,5.8,13,15,13,14,13,15,14,13.85714286,1,3,1,1,1,1.4,4,1,1,4,7,1,1,2.714285714,5,3,4,2,3,2,5,4,1,4,1,2,5,2,5,1,5,2,3.111111111,7,7,7,7,7,7,2,4,2,5,1,5,1,2,5,1,1,1.428571429,2,3,4,2,5,1,2,1,1,1,1,2,2,3,1,1,2,2,1.857142857,2,5,2,2,4,4,8,5,4,61,4,2,2,2.666666667,301,120,294,15,182.5,1,1,4,4,6,7,5,7,6,5.833333333,6,7,6,4,2,6,2,6,7,1,7,6.125,5,3,6,5,6,6,6,5.333333333,1,7,7,7,1,7,5,6,5,7,6.375,7,7,7,7,7,3,6,6,6,6.222222222,5,5,5,5,1,2,1,3,1,1,1,1,1,1,1.3,4,2,1,1,2,7,7,Noah Aguilera,1,1,1,4,
4/3/2025 19:56,4/3/2025 21:20,205.185.107.64,5028,1,2,4,5,5,3,3,3,4,1,4,2,3,2,3,2,2,5,3,2,5,3.15,3,5,5,5,6,4.8,6,6,5,3,6,5.2,5,5,3,5,2,4,13,17,13,13,13,15,14,14,3,1,3,2,3,2.4,5,6,2,3,5,1,3,3.571428571,4,2,3,3,2,3,1,4,3,3,1,2,2,3,4,1,2,4,2.611111111,2,2,5,3,3,3,4,3,3,3,3,3,3,3,3,3,3,3.142857143,4,4,3,3,3,3,3.5,4,2,2,2.666666667,3,1,3,2,1,1,1,1.714285714,5,2,1,4,1,1,6,1,2.625,60,4,1,1,2,499,2,601,61,290.75,1,1,2,6,6,6,5,6,6,5.833333333,2,5,6,6,2,6,2,6,6,2,6,5.375,2,6,6,6,5,6,6,5.833333333,2,6,6,6,2,6,6,6,6,4,5.75,5,3,6,6,6,2,6,6,6,5.111111111,3,4,4,3.666666667,1,1,1,2,1,1,1,1,1,1,1.1,1,1,1,1,1,6,6,Kirsten Snell,4,1,1,4,
4/3/2025 21:44,4/3/2025 22:06,205.185.98.34,1312,1,4,4,2,4,2,5,3,4,1,3,4,3,4,3,4,5,6,3,4,2,3.5,6,6,6,6,6,6,6,6,6,6,6,6,6,3,5,6,5,5,14,14,14,14,15,17,14,14.57142857,1,1,2,2,1,1.4,4,2,2,3,5,1,2,2.714285714,2,1,3,2,3,2,4,3,1,3,1,1,3,1,4,1,3,3,2.277777778,5,6,5,6,6,5.6,2,4,2,4,2,4,2,2,4,2,2,2,3,3,4,2,4,2,2.5,2,1,2,1.666666667,2,3,2,2,1,1,3,2,3,3,3,4,3,3,6,5,3.75,622,4,6,6,5.333333333,672,141,343,22,294.5,1,1,6,2,2,5,1,6,1,2.833333333,1,2,1,6,5,3,7,1,1,5,3,2.25,6,2,2,2,2,2,3,2.166666667,2,6,6,6,2,6,6,6,6,6,6,1,1,1,1,1,1,1,1,1,1,2,2,2,2,1,2,2,1,2,1,1,1,1,1,1.3,3,1,1,1,1.5,7,7,Jacob Bennion,3,1,1,4,
4/4/2025 9:37,4/4/2025 9:52,157.201.96.100,917,1,3,3,,4,2,3,3,4,5,5,4,4,4,4,4,4,,2,5,5,3.777777778,5,5,5,5,5,5,4,4,4,4,4,4,2,2,2,2,2,2,14,,14,14,15,14,14,14.16666667,4,3,4,4,4,3.8,2,5,2,5,5,3,3,3.571428571,2,4,2,4,2,2,2,2,2,2,2,2,2,2,2,2,2,4,2.333333333,2,2,2,2,2,2,2,2,4,2,4,2,4,2,2,4,2,3.142857143,4,4,2,4,2,4,4,4,4,4,4,4,4,4,4,4,4,4,4,1,1,1,1,1,1,1,1,1,68,8,2,8,6,83,576,41,48,187,2,,,8,,,,,,8,,,,,,8,,8,,,8,8,,8,,,,,,8,,8,,,,8,,,,,8,,,,,,,,,,#DIV/0!,,,,#DIV/0!,,,,,,,,,,,#DIV/0!,,,,,#DIV/0!,6,6,Tammy Vander Meide ,4,1,1,4,
4/4/2025 9:23,4/4/2025 9:57,157.201.96.100,2006,1,3,2,3,4,2,2,4,3,2,5,4,4,4,5,4,6,5,2,4,4,3.6,5,5,5,5,5,5,6,5,4,4,6,5,6,4,4,3,5,4.4,14,14,14,14,15,16,16,14.71428571,2,2,3,1,2,2,2,2,2,6,5,5,2,3.428571429,4,2,4,4,3,2,4,3,1,3,1,2,3,3,4,2,3,3,2.833333333,4,6,4,5,3,4.4,3,2,4,3,3,4,2,3,2,4,4,3.285714286,4,3,3,3,3,3,3.25,3,3,3,3,3,3,3,3,2,2,3,2.714285714,5,5,4,1,4,1,8,1,3.625,90,4,2,2,2.666666667,120,0,199,58,94.25,1,1,2,6,6,6,6,6,6,6,3,6,6,6,1,7,2,6,6,2,6,5.75,2,6,2,2,6,2,6,4,1,7,3,6,3,5,2,2,2,1,3.5,6,6,7,6,6,3,6,6,6,5.777777778,1,2,2,1.666666667,1,2,1,2,1,1,1,1,1,1,1.2,1,1,1,1,1,7,7,Tristan Allen,4,2,1,4,
4/4/2025 10:32,4/4/2025 11:11,157.201.96.100,2304,1,4,4,3,5,3,3,4,3,1,4,3,4,3,4,3,4,4,3,3,4,3.45,6,5,6,6,6,5.8,6,6,6,5,6,5.8,6,5,6,6,6,5.8,13,14,15,13,13,14,13,13.57142857,1,1,1,1,1,1,3,3,3,5,7,5,4,4.285714286,3,2,1,3,3,1,4,4,3,5,1,2,4,1,4,1,4,3,2.722222222,7,7,5,6,7,6.4,3,3,3,4,2,3,3,3,4,2,3,2.714285714,3,3,4,2,4,2,2.5,1,2,1,1.333333333,2,2,3,2,2,1,1,1.857142857,7,4,5,2,4,3,8,7,5,120,1,1,9,3.666666667,239,8,231,45,130.75,1,1,2,6,6,6,7,6,7,6.333333333,3,6,6,3,2,6,1,7,6,1,7,5.5,3,5,5,6,4,3,6,4.833333333,2,6,5,4,3,5,2,,5,4,4.428571429,7,7,7,7,7,6,6,6,6,6.555555556,5,5,5,5,1,1,1,1,2,1,1,1,1,1,1.1,3,3,3,4,3.25,7,7,Natalia Corzo,3,2,1,4,
4/4/2025 12:23,4/4/2025 12:38,205.185.107.63,860,1,2,5,2,4,4,2,4,2,1,5,3,4,5,4,5,2,5,4,2,4,3.45,6,6,7,6,6,6.2,6,6,,6,6,6,6,6,6,6,6,6,13,14,14,14,14,15,13,13.85714286,3,1,3,1,2,2,2,6,5,6,6,2,3,4.285714286,4,4,3,3,1,4,3,3,3,3,4,2,3,2,1,4,3,4,3,5,3,3,2,2,3,3,4,2,4,2,3,3,2,4,2,2,2.285714286,3,3,3,3,3,3,3,5,4,4,4.333333333,2,2,2,3,1,2,3,2.142857143,4,2,4,2,4,2,8,4,3.75,121,4,1,4,3,86,0,149,0,58.75,2,,,8,,,,,,8,,,,,,8,,8,,,8,8,,8,,,,,,8,,8,,,,8,,,,,8,,,,,,,,,,#DIV/0!,,,,#DIV/0!,,,,,,,,,,,#DIV/0!,,,,,#DIV/0!,7,7,Joshua Briggs,4,1,1,4,
4/4/2025 14:12,4/4/2025 14:50,157.201.98.1,2329,1,4,4,3,2,1,5,5,6,2,2,2,5,6,2,2,6,5,4,5,4,3.75,6,7,6,7,6,6.4,6,6,7,7,7,6.6,7,7,7,7,7,7,15,19,15,15,15,19,19,16.71428571,2,1,1,1,3,1.6,3,6,2,5,5,1,1,3.285714286,4,2,5,2,4,2,5,4,1,5,1,3,4,1,4,1,4,3,3.055555556,3,3,6,7,6,5,2,4,2,5,1,4,2,1,4,2,1,1.571428571,2,2,4,2,4,2,2,3,1,2,2,2,4,3,1,1,1,1,1.857142857,8,7,4,5,7,2,8,3,5.5,290,4,3,3,3.333333333,404,0,579,24,251.75,1,1,3,5,4,6,5,7,6,5.5,2,6,3,6,4,4,3,5,2,4,4,4,3,5,6,5,5,6,3,5,2,6,2,2,3,5,5,5,7,2,4.25,5,5,6,5,5,3,7,7,6,5.444444444,5,5,4,4.666666667,1,1,1,2,1,1,1,1,1,1,1.1,3,1,1,2,1.75,7,7,Alexander Mooy,4,2,1,4,
4/4/2025 14:34,4/4/2025 14:54,205.185.107.63,1218,1,4,5,1,5,3,2,4,3,1,4,2,5,2,3,2,4,5,2,2,4,3.15,6,4,2,5,5,4.4,4,5,6,5,6,5.2,5,2,5,3,4,3.8,14,15,13,13,13,17,13,14,2,4,3,1,4,2.8,3,2,1,5,5,5,3,3.428571429,2,2,5,3,2,2,4,4,3,5,3,2,4,2,5,2,3,5,3.222222222,5,5,6,6,7,5.8,3,3,3,4,2,3,3,4,3,3,4,3.142857143,5,4,3,3,3,3,3.75,3,3,3,3,3,2,4,3,3,3,3,3,7,3,5,3,4,1,8,1,4,29,9,4,9,7.333333333,152,0,242,129,130.75,2,,,8,,,,,,8,,,,,,8,,8,,,8,8,,8,,,,,,8,,8,,,,8,,,,,8,,,,,,,,,,#DIV/0!,,,,#DIV/0!,,,,,,,,,,,#DIV/0!,,,,,#DIV/0!,7,7,Ava Schlottmann,4,1,1,4,
4/4/2025 14:33,4/4/2025 14:55,205.185.107.46,1339,1,4,5,4,4,4,3,5,4,3,3,5,5,4,5,3,3,4,4,3,5,4,6,5,5,5,6,5.4,5,4,6,6,6,5.4,6,4,5,5,6,5.2,16,16,15,17,17,17,15,16.14285714,1,2,2,2,1,1.6,3,3,4,5,5,3,3,3.714285714,2,2,3,3,2,1,4,4,2,4,1,2,3,1,2,1,4,3,2.444444444,6,6,4,4,6,5.2,2,3,3,4,2,4,2,3,4,2,3,2.428571429,4,2,4,2,4,2,2.5,4,4,3,3.666666667,3,2,2,3,2,2,2,2.285714286,6,4,2,1,1,4,3,1,2.75,641,4,1,4,3,639,690,231,76,409,2,,,8,,,,,,8,,,,,,8,,8,,,8,8,,8,,,,,,8,,8,,,,8,,,,,8,,,,,,,,,,#DIV/0!,,,,#DIV/0!,,,,,,,,,,,#DIV/0!,,,,,#DIV/0!,6,7,Hallee Elliott,4,1,1,4,
4/4/2025 15:51,4/4/2025 16:16,205.185.107.16,1500,1,4,4,4,4,4,3,3,3,1,4,3,3,4,3,4,4,4,4,3,3,3.45,6,6,6,6,6,6,5,5,5,5,5,5,5,4,4,5,5,4.6,13,13,13,13,13,14,13,13.14285714,2,3,1,1,2,1.8,2,3,2,6,5,4,2,3.428571429,3,2,3,4,2,2,3,3,2,4,2,3,3,3,4,2,3,4,2.888888889,4,4,4,4,3,3.8,3,3,3,3,3,3,3,4,3,3,4,3.285714286,4,4,3,3,4,2,3.25,3,2,2,2.333333333,2,2,3,2,1,1,2,1.857142857,8,4,4,2,4,2,6,6,4.5,180,5,1,3,3,305,204,213,82,201,2,,,8,,,,,,8,,,,,,8,,8,,,8,8,,8,,,,,,8,,8,,,,8,,,,,8,,,,,,,,,,#DIV/0!,,,,#DIV/0!,,,,,,,,,,,#DIV/0!,,,,,#DIV/0!,7,7,Madison McMurray,4,1,1,4,
4/4/2025 16:40,4/4/2025 17:08,174.204.3.152,1687,1,5,2,2,5,5,3,4,3,2,5,2,4,4,4,4,2,3,5,3,5,3.6,6,6,6,6,5,5.8,6,6,6,6,6,6,5,6,5,6,3,5,14,14,14,14,16,14,14,14.28571429,1,1,1,1,1,1,5,2,5,5,6,4,5,4.571428571,4,2,4,2,3,1,5,4,2,4,1,2,4,1,4,1,4,2,2.777777778,6,6,6,6,6,6,3,4,2,4,2,4,2,2,4,2,2,2.142857143,2,2,4,2,4,2,2,3,2,2,2.333333333,3,2,3,1,1,2,3,2.142857143,7,4,3,2,7,4,5,6,4.75,17,2,1,1,1.333333333,182,0,118,0,75,1,1,5,3,6,6,6,6,5,5.333333333,5,5,5,6,4,4,3,5,4,5,3,4.625,3,5,6,6,6,3,3,4.833333333,3,5,3,3,6,2,3,2,2,2,2.75,6,6,6,4,5,3,6,3,3,4.666666667,4,4,4,4,1,2,1,1,1,1,1,1,2,1,1.2,2,1,1,1,1.25,7,7,Emily Yates,4,1,1,4,
4/4/2025 16:55,4/4/2025 17:39,24.116.49.44,2611,1,2,4,2,4,4,4,2,4,1,4,2,5,3,4,2,5,4,5,3,4,3.4,5,6,6,6,6,5.8,6,6,6,6,6,6,6,5,5,6,7,5.8,14,17,18,14,14,18,15,15.71428571,1,1,1,2,1,1.2,1,1,2,2,5,5,3,2.714285714,4,2,3,2,2,2,4,3,1,3,2,2,4,2,4,1,4,3,2.666666667,5,6,5,6,5,5.4,2,4,2,4,2,4,2,2,4,2,3,2.142857143,3,3,3,3,3,3,3,2,1,1,1.333333333,1,1,1,1,1,1,2,1.142857143,7,6,2,3,7,3,8,6,5.25,117,4,1,3,2.666666667,150,0,201,24,93.75,2,,,8,,,,,,8,,,,,,8,,8,,,8,8,,8,,,,,,8,,8,,,,8,,,,,8,,,,,,,,,,#DIV/0!,,,,#DIV/0!,,,,,,,,,,,#DIV/0!,,,,,#DIV/0!,6,7,Jacob O'Neal,4,2,1,4,
4/4/2025 16:25,4/4/2025 18:16,192.64.2.138,6666,1,3,5,3,5,5,2,3,4,1,5,5,5,3,3,3,2,5,4,3,4,3.65,7,7,7,7,7,7,4,7,7,7,7,6.4,6,6,7,7,7,6.6,13,13,14,13,19,15,13,14.28571429,2,2,2,1,3,2,3,5,4,2,7,6,6,4.714285714,3,2,4,3,4,2,5,5,3,5,3,2,4,2,5,2,5,5,3.555555556,7,7,7,7,5,6.6,3,4,2,5,1,5,1,3,3,3,3,2.285714286,5,5,2,4,3,3,4.25,2,1,2,1.666666667,4,2,3,4,2,3,4,3.142857143,8,5,6,3,6,1,8,7,5.5,200,3,1,1,1.666666667,200,0,400,90,172.5,1,1,5,3,3,5,1,2,3,2.833333333,1,6,2,2,6,2,6,2,2,5,3,2.5,5,3,6,3,1,2,1,2.666666667,1,7,6,6,1,7,3,6,6,5,5.75,2,2,5,1,1,1,1,4,4,2.333333333,4,4,4,4,1,2,2,1,1,1,1,1,1,1,1.2,2,1,1,1,1.25,7,7,Maile Smith,3,1,1,4,
4/4/2025 18:21,4/4/2025 18:43,157.201.98.1,1314,1,5,4,2,4,4,4,2,3,1,4,2,5,3,4,3,2,5,5,2,4,3.4,6,5,6,5,6,5.6,5,6,5,5,6,5.4,6,5,5,5,6,5.4,14,15,14,13,14,16,14,14.28571429,2,1,2,1,2,1.6,1,2,3,6,6,5,2,3.571428571,2,2,4,3,3,2,3,3,2,4,1,4,4,4,4,1,3,4,2.944444444,5,2,6,3,2,3.6,3,4,2,4,2,3,3,2,3,3,2,2.428571429,4,2,3,3,3,3,3,4,3,2,3,2,2,2,1,1,1,3,1.714285714,6,4,5,3,4,2,8,5,4.625,252,5,4,4,4.333333333,252,0,181,94,131.75,2,,,8,,,,,,8,,,,,,8,,8,,,8,8,,8,,,,,,8,,8,,,,8,,,,,8,,,,,,,,,,#DIV/0!,,,,#DIV/0!,,,,,,,,,,,#DIV/0!,,,,,#DIV/0!,6,7,Dallin Christensen,4,1,1,4,
4/4/2025 19:29,4/4/2025 19:45,205.185.107.19,930,1,4,4,4,4,4,3,4,4,4,3,4,3,4,3,3,2,3,4,4,3,3.55,5,5,5,5,5,5,5,5,5,5,6,5.2,4,4,5,4,5,4.4,14,16,14,14,14,14,14,14.28571429,1,1,1,1,1,1,5,2,3,4,3,2,3,3.142857143,3,2,3,1,2,1,3,4,2,3,2,2,4,2,4,2,4,2,2.555555556,6,6,5,5,6,5.6,2,4,2,4,2,5,1,2,4,2,2,1.857142857,2,2,4,2,4,2,2,1,1,1,1,1,1,1,1,1,1,1,1,4,2,1,3,4,4,8,6,4,132,3,2,3,2.666666667,219,0,68,33,80,2,,,8,,,,,,8,,,,,,8,,8,,,8,8,,8,,,,,,8,,8,,,,8,,,,,8,,,,,,,,,,#DIV/0!,,,,#DIV/0!,,,,,,,,,,,#DIV/0!,,,,,#DIV/0!,6,6,Zachery Barnhart,1,2,1,4,
4/4/2025 19:26,4/4/2025 20:17,104.152.61.21,3062,1,1,5,1,5,5,1,6,1,1,5,2,5,2,5,1,1,5,5,2,5,3.2,5,5,5,5,5,5,5,5,5,3,6,4.8,7,6,5,6,6,6,14,15,14,14,14,15,14,14.28571429,1,1,1,1,1,1,1,1,1,1,2,1,1,1.142857143,4,1,4,2,3,2,4,4,2,5,1,2,4,1,4,1,4,2,2.777777778,5,6,7,6,7,6.2,1,4,2,4,2,4,2,1,4,2,1,1.571428571,2,3,4,2,4,2,2.25,3,2,2,2.333333333,1,1,1,1,1,1,1,1,5,3,1,1,2,1,6,3,2.75,29,4,1,1,2,107,0,128,0,58.75,1,1,1,7,7,7,7,7,7,7,7,7,7,5,2,6,2,6,7,2,6,6.375,6,2,2,2,3,2,2,2.166666667,6,2,2,2,6,2,5,2,2,2,2.375,7,7,7,6,6,6,5,6,5,6.111111111,3,3,4,3.333333333,1,1,1,1,1,1,1,1,1,1,1,2,2,1,2,1.75,7,7,Kobe Kennerley,4,3,1,4,
4/4/2025 20:54,4/4/2025 21:34,205.185.107.47,2407,1,2,5,2,4,2,4,4,3,1,5,2,4,3,5,2,5,2,4,2,5,3.3,6,6,7,7,6,6.4,6,6,6,6,7,6.2,6,6,6,6,6,6,14,15,14,14,18,17,14,15.14285714,1,1,1,1,2,1.2,5,2,1,3,6,2,3,3.142857143,3,2,3,2,2,2,5,4,2,4,1,2,3,2,4,2,4,2,2.722222222,5,6,6,5,6,5.6,2,4,2,4,2,4,2,3,4,2,3,2.285714286,2,3,3,3,4,2,2.5,2,1,1,1.333333333,1,1,1,1,1,1,2,1.142857143,6,6,1,3,5,3,8,4,4.5,25,2,2,1,1.666666667,141,0,300,31,118,2,,,8,,,,,,8,,,,,,8,,8,,,8,8,,8,,,,,,8,,8,,,,8,,,,,8,,,,,,,,,,#DIV/0!,,,,#DIV/0!,,,,,,,,,,,#DIV/0!,,,,,#DIV/0!,6,7,Hunter Reilley,4,2,1,4,
4/4/2025 21:23,4/4/2025 21:50,24.116.48.25,1642,1,6,4,3,2,2,4,5,4,1,3,4,6,4,3,2,5,4,5,2,5,3.7,6,2,5,6,6,5,5,5,5,6,5,5.2,7,4,5,2,7,5,13,13,13,14,17,17,13,14.28571429,2,4,1,2,3,2.4,2,1,2,6,7,2,2,3.142857143,4,4,4,4,4,1,3,4,4,3,1,1,3,1,4,4,4,4,3.166666667,3,3,6,3,3,3.6,5,3,3,4,2,3,3,3,2,4,3,3.285714286,4,3,5,1,5,1,2.25,2,3,1,2,1,1,1,1,1,1,1,1,5,3,1,1,3,4,8,4,3.625,59,2,3,5,3.333333333,151,0,314,127,148,2,,,8,,,,,,8,,,,,,8,,8,,,8,8,,8,,,,,,8,,8,,,,8,,,,,8,,,,,,,,,,#DIV/0!,,,,#DIV/0!,,,,,,,,,,,#DIV/0!,,,,,#DIV/0!,7,7,Makenna Atwood,3,1,1,4,
4/4/2025 20:18,4/4/2025 22:08,107.3.72.127,6589,1,2,5,2,5,5,2,2,2,2,5,2,5,2,5,2,2,4,5,2,5,3.3,3,6,6,6,6,5.4,6,6,6,6,6,6,6,6,6,6,6,6,14,14,14,14,14,14,14,14,1,1,1,1,1,1,2,2,2,2,6,2,2,2.571428571,4,3,4,4,4,4,4,4,2,4,4,4,4,4,4,4,4,3,3.777777778,6,6,6,6,6,6,3,4,2,4,2,4,2,3,4,2,3,2.428571429,3,3,4,2,4,2,2.5,2,2,2,2,2,2,2,2,2,2,2,2,6,6,1,1,5,4,6,4,4.125,20,2,1,2,1.666666667,213,1,190,10,103.5,2,,,8,,,,,,8,,,,,,8,,8,,,8,8,,8,,,,,,8,,8,,,,8,,,,,8,,,,,,,,,,#DIV/0!,,,,#DIV/0!,,,,,,,,,,,#DIV/0!,,,,,#DIV/0!,6,7,Alden Apedaile,1,1,1,4,
4/4/2025 21:59,4/4/2025 22:24,172.56.150.151,1467,1,2,5,3,4,2,4,3,3,2,6,3,4,4,2,3,4,6,4,4,4,3.6,5,4,3,5,5,4.4,5,3,3,3,5,3.8,7,2,5,6,5,5,14,14,13,17,16,16,13,14.71428571,3,2,2,1,4,2.4,4,6,4,7,7,7,7,6,4,4,4,3,2,2,3,4,4,3,1,5,3,5,3,1,2,4,3.166666667,3,2,3,6,6,4,3,3,3,4,2,3,3,4,3,3,4,3.142857143,5,5,4,2,3,3,3.75,3,5,4,4,3,3,5,2,3,2,1,2.714285714,7,2,2,2,3,3,8,7,4.25,143,5,4,5,4.666666667,192,119,165,122,149.5,2,,,8,,,,,,8,,,,,,8,,8,,,8,8,,8,,,,,,8,,8,,,,8,,,,,8,,,,,,,,,,#DIV/0!,,,,#DIV/0!,,,,,,,,,,,#DIV/0!,,,,,#DIV/0!,1,1,Carrie Bland,3,1,1,4,
4/4/2025 21:09,4/4/2025 22:30,205.185.110.159,4850,1,1,4,5,5,2,2,5,4,2,3,5,4,6,4,5,2,5,3,3,3,3.65,4,5,6,6,6,5.4,4,5,3,4,4,4,5,3,4,3,4,3.8,18,18,17,14,15,17,16,16.42857143,1,3,2,1,2,1.8,4,3,3,5,4,2,2,3.285714286,3,2,4,2,3,2,3,3,3,2,4,4,3,3,3,2,3,3,2.888888889,3,3,3,3,3,3,3,3,3,3,3,2,4,2,2,4,4,3.285714286,3,3,3,3,4,2,2.75,4,5,4,4.333333333,4,3,3,2,1,1,3,2.428571429,5,2,1,1,1,1,3,1,1.875,403,6,6,1,4.333333333,399,17,400,297,278.25,1,1,4,4,4,5,3,5,4,4.166666667,5,5,4,4,3,5,3,5,4,2,6,4.75,4,4,6,5,5,5,5,5,3,5,6,6,6,2,5,6,6,5,5.125,5,5,6,4,4,3,4,5,5,4.555555556,4,5,4,4.333333333,1,1,1,1,1,1,1,2,1,1,1.1,3,4,3,3,3.25,6,6,Lazaro Soriano,4,2,1,4,
4/5/2025 0:02,4/5/2025 0:58,205.185.107.12,3353,1,5,2,4,3,1,4,4,5,4,2,4,3,5,3,5,3,5,3,4,4,3.65,6,4,5,6,3,4.8,4,4,5,6,6,5,6,3,6,6,4,5,14,14,14,14,14,17,16,14.71428571,3,3,2,3,3,2.8,4,3,2,5,4,6,4,4,3,3,3,3,2,4,4,3,3,4,2,2,3,2,4,3,3,5,3.111111111,4,4,4,4,4,4,5,3,3,3,3,2,4,4,3,3,4,3.714285714,5,4,3,3,3,3,3.75,2,5,4,3.666666667,5,4,3,4,4,4,5,4.142857143,2,3,2,1,1,1,8,1,2.375,459,9,1,7,5.666666667,397,399,935,706,609.25,1,1,1,7,7,6,6,4,5,5.833333333,4,6,3,4,2,6,4,4,4,2,6,4.625,4,4,6,6,6,6,6,5.666666667,4,4,5,6,2,6,6,4,2,2,4.375,6,6,6,6,6,6,6,6,6,6,4,4,4,4,1,1,1,1,1,1,1,1,1,1,1,1,1,1,1,1,6,6,Camila Peterson,1,1,1,4,
4/5/2025 6:59,4/5/2025 7:54,207.190.21.7,3323,1,5,4,4,3,4,3,4,5,3,2,4,2,6,4,2,3,4,4,3,3,3.6,6,6,7,7,6,6.4,4,6,5,6,7,5.6,7,2,2,6,4,4.2,14,16,14,17,16,14,16,15.28571429,2,2,2,2,2,2,5,6,6,7,7,1,5,5.285714286,3,2,1,4,1,4,3,2,3,5,4,4,2,2,5,1,2,5,2.944444444,7,5,5,5,7,5.8,3,4,2,5,1,3,3,4,5,1,3,2.428571429,5,5,3,3,3,3,4,5,4,4,4.333333333,5,2,5,3,1,1,3,2.857142857,3,4,2,1,1,1,8,1,2.625,201,5,1,4,3.333333333,276,0,327,10,153.25,1,1,4,4,5,5,7,7,7,5.833333333,3,3,5,4,7,1,3,5,5,6,2,3.5,6,2,3,6,6,6,5,4.666666667,1,7,6,5,1,7,6,4,4,2,5.125,6,7,7,3,3,4,5,6,5,5.111111111,4,4,4,4,1,1,1,1,1,1,1,1,1,1,1,3,3,3,3,3,6,7,Glenda Dickie Malidadi,4,1,1,4,
4/5/2025 9:30,4/5/2025 9:50,205.185.107.32,1222,1,3,5,2,3,2,3,5,4,2,3,2,5,4,3,3,5,4,,,,3.411764706,,,,,,#DIV/0!,7,7,6,7,6,6.6,6,5,4,6,5,5.2,13,13,13,13,13,16,13,13.42857143,2,1,1,1,1,1.2,1,1,1,2,3,2,2,1.714285714,3,2,4,2,5,1,5,3,2,4,1,1,4,1,5,1,5,2,2.833333333,5,5,6,5,2,4.6,3,4,2,5,1,3,3,2,3,3,1,2.142857143,2,2,4,2,4,2,2,3,2,3,2.666666667,2,2,3,3,1,1,3,2.142857143,6,4,3,3,4,4,8,7,4.875,178,4,3,1,2.666666667,203,0,400,0,150.75,2,,,8,,,,,,8,,,,,,8,,8,,,8,8,,8,,,,,,8,,8,,,,8,,,,,8,,,,,,,,,,#DIV/0!,,,,#DIV/0!,,,,,,,,,,,#DIV/0!,,,,,#DIV/0!,6,6,Ryan Sampson,4,1,1,4,
4/4/2025 8:16,4/5/2025 12:12,73.228.65.112,100565,1,4,4,3,3,2,3,3,3,3,,3,4,3,3,5,5,5,3,4,4,3.526315789,5,6,6,6,5,5.6,6,5,5,6,6,5.6,6,6,5,6,6,5.8,14,14,14,16,17,14,14,14.71428571,1,1,1,1,1,1,2,4,2,2,5,2,4,3,4,2,4,2,3,2,5,5,3,5,1,2,5,2,4,2,4,3,3.222222222,5,6,7,6,4,5.6,3,4,2,4,2,4,2,2,3,3,2,2.285714286,2,3,3,3,4,2,2.5,2,2,2,2,2,3,2,3,1,1,3,2.142857143,5,5,3,3,4,3,8,4,4.375,0,3,1,3,2.333333333,180,0,300,45,131.25,1,1,6,2,3,6,2,2,2,2.833333333,2,3,1,4,4,4,7,1,1,7,1,2.125,6,2,2,2,2,2,4,2.333333333,2,6,6,6,2,6,3,6,6,6,5.625,2,2,6,2,2,2,2,2,2,2.444444444,4,4,4,4,1,3,2,1,1,1,1,1,1,1,1.3,3,3,1,1,2,6,6,Josh Price,1,1,1,4,
4/5/2025 12:26,4/5/2025 12:41,216.21.211.253,907,1,4,4,2,4,3,3,3,5,1,4,3,5,2,3,1,4,5,5,2,4,3.35,6,5,7,6,3,5.4,5,6,5,6,6,5.6,6,5,5,5,6,5.4,14,17,14,14,14,15,13,14.42857143,3,2,3,3,1,2.4,4,3,4,6,6,3,5,4.428571429,3,4,4,4,1,1,2,3,3,3,1,4,2,1,4,1,2,4,2.611111111,4,3,3,3,6,3.8,4,2,4,2,4,2,4,4,3,3,4,3.857142857,4,4,3,3,3,3,3.5,4,3,3,3.333333333,2,2,2,2,2,2,2,2,6,5,1,2,4,2,8,7,4.375,200,4,1,4,3,98,0,402,123,155.75,1,1,5,3,3,5,4,5,5,4.166666667,2,5,3,5,2,6,3,5,5,3,5,4.5,3,5,3,3,5,3,6,4.166666667,2,6,3,3,2,6,5,4,3,5,4.375,5,5,5,3,3,3,6,5,4,4.333333333,4,4,4,4,1,2,1,1,1,1,1,1,1,1,1.1,3,1,1,1,1.5,2,2,Elyssia Hedges ,4,1,1,4,
4/5/2025 15:35,4/5/2025 15:59,205.185.99.57,1389,1,5,4,5,4,4,3,2,4,3,4,5,2,5,4,5,2,5,3,3,5,3.85,6,6,6,7,5,6,5,5,5,6,6,5.4,7,5,5,5,5,5.4,14,14,14,17,14,15,14,14.57142857,1,1,2,1,2,1.4,2,2,2,5,4,2,2,2.714285714,4,2,3,2,3,2,4,4,2,4,1,3,5,3,4,1,3,2,2.888888889,5,5,5,4,4,4.6,2,4,2,4,2,3,3,2,3,3,2,2.285714286,3,2,4,2,4,2,2.25,2,2,2,2,2,1,2,1,1,1,2,1.428571429,3,5,2,2,2,4,8,5,3.875,120,4,5,5,4.666666667,190,0,241,120,137.75,2,,,8,,,,,,8,,,,,,8,,8,,,8,8,,8,,,,,,8,,8,,,,8,,,,,8,,,,,,,,,,#DIV/0!,,,,#DIV/0!,,,,,,,,,,,#DIV/0!,,,,,#DIV/0!,6,6,Luke Sutton,1,1,1,4,
4/5/2025 15:59,4/5/2025 16:27,217.147.184.143,1675,1,2,4,2,4,2,2,5,3,1,5,3,4,3,4,2,6,4,5,3,5,3.45,6,6,6,7,6,6.2,3,5,6,6,6,5.2,6,2,6,6,6,5.2,13,15,14,15,14,16,14,14.42857143,3,2,3,1,2,2.2,2,1,2,6,5,3,1,2.857142857,1,2,3,2,4,2,4,3,2,4,1,2,5,2,3,1,4,2,2.611111111,5,6,6,6,7,6,5,4,2,4,2,4,2,2,5,1,3,2.428571429,2,3,4,2,5,1,2,5,5,4,4.666666667,3,1,4,4,3,2,1,2.571428571,2,3,1,4,2,5,8,1,3.25,65,4,5,4,4.333333333,62,0,120,45,56.75,1,2,2,6,5,6,4,5,5,5.166666667,1,6,5,3,2,6,2,6,6,2,6,4.875,2,6,3,5,5,6,6,5.166666667,6,2,6,2,6,2,2,2,5,2,2.875,6,5,6,4,5,5,6,5,4,5.111111111,5,4,4,4.333333333,1,2,1,1,1,1,1,1,1,1,1.1,3,1,1,2,1.75,7,6,Ethan Davenport,4,1,1,4,
4/5/2025 16:25,4/5/2025 16:41,205.185.107.57,963,1,1,6,1,5,4,2,4,2,1,4,2,5,2,5,3,1,5,5,2,4,3.2,7,7,7,7,7,7,7,7,7,7,7,7,7,7,7,7,7,7,14,14,13,13,13,13,13,13.28571429,1,1,1,1,1,1,6,2,2,4,6,2,5,3.857142857,5,3,4,2,1,2,4,4,3,4,1,2,4,2,5,3,4,3,3.111111111,5,6,5,6,3,5,3,4,2,4,2,4,2,2,4,2,4,2.428571429,3,3,4,2,4,2,2.5,3,2,2,2.333333333,4,4,4,4,4,4,4,4,4,4,2,1,2,4,6,1,3,29,3,4,5,4,181,0,180,142,125.75,2,,,8,,,,,,8,,,,,,8,,8,,,8,8,,8,,,,,,8,,8,,,,8,,,,,8,,,,,,,,,,#DIV/0!,,,,#DIV/0!,,,,,,,,,,,#DIV/0!,,,,,#DIV/0!,6,6,Caysen Flint,1,1,1,4,
4/5/2025 17:47,4/5/2025 18:21,205.185.107.12,2046,1,3,3,2,5,4,4,4,4,1,5,2,4,4,4,3,2,5,4,2,4,3.45,5,5,6,3,6,5,6,6,5,4,7,5.6,5,2,3,5,5,4,14,17,15,16,18,17,15,16,2,2,1,2,2,1.8,1,2,2,5,6,2,2,2.857142857,4,3,4,2,2,2,2,3,2,4,2,3,4,2,4,2,3,4,2.888888889,5,6,5,6,3,5,2,4,2,3,3,3,3,2,3,3,2,2.428571429,4,4,3,3,4,2,3.25,2,3,3,2.666666667,3,2,3,3,1,2,2,2.285714286,5,2,1,2,4,4,8,1,3.375,160,2,3,3,2.666666667,400,200,260,15,218.75,2,,,8,,,,,,8,,,,,,8,,8,,,8,8,,8,,,,,,8,,8,,,,8,,,,,8,,,,,,,,,,#DIV/0!,,,,#DIV/0!,,,,,,,,,,,#DIV/0!,,,,,#DIV/0!,6,7,Audrey Temple,2,1,1,4,
4/5/2025 19:14,4/5/2025 19:41,135.134.20.183,1574,1,2,4,5,3,3,4,2,4,1,2,2,4,4,3,6,2,3,2,5,4,3.25,2,2,5,3,1,2.6,3,5,3,2,6,3.8,4,5,3,2,6,4,15,15,13,14,17,14,14,14.57142857,2,1,3,2,4,2.4,2,2,2,6,4,5,2,3.285714286,3,2,4,4,2,4,1,3,4,3,1,5,4,3,3,2,2,5,3.055555556,2,2,3,3,3,2.6,4,2,4,2,4,3,3,4,2,4,5,4,5,5,3,3,3,3,4,4,4,4,4,3,3,4,2,1,1,2,2.285714286,5,6,1,1,3,2,7,2,3.375,89,5,6,1,4,196,3,600,0,199.75,2,,,8,,,,,,8,,,,,,8,,8,,,8,8,,8,,,,,,8,,8,,,,8,,,,,8,,,,,,,,,,#DIV/0!,,,,#DIV/0!,,,,,,,,,,,#DIV/0!,,,,,#DIV/0!,7,7,Colton Ward,4,2,1,4,
4/6/2025 10:56,4/6/2025 11:23,205.185.98.26,1624,1,5,3,3,4,2,2,3,2,2,4,2,3,2,5,2,2,6,4,2,2,3,7,5,6,6,5,5.8,4,5,6,6,6,5.4,6,3,6,4,6,5,14,18,14,17,14,17,16,15.71428571,2,1,3,1,2,1.8,4,2,3,6,5,2,2,3.428571429,3,4,5,2,2,2,2,2,2,3,3,4,3,4,3,2,3,3,2.888888889,1,2,3,2,2,2,4,4,2,4,2,3,3,2,4,2,2,2.428571429,3,3,3,3,3,3,3,4,4,4,4,2,2,2,2,1,2,3,2,5,4,1,1,3,3,8,3,3.5,242,5,6,1,4,419,0,360,0,194.75,2,,,8,,,,,,8,,,,,,8,,8,,,8,8,,8,,,,,,8,,8,,,,8,,,,,8,,,,,,,,,,#DIV/0!,,,,#DIV/0!,,,,,,,,,,,#DIV/0!,,,,,#DIV/0!,6,6,Aidan Hunter,4,1,1,4,
4/3/2025 15:16,4/6/2025 20:29,71.199.3.19,277985,1,4,4,4,5,3,3,2,3,2,4,5,5,3,5,3,2,5,5,3,4,3.7,7,7,7,7,7,7,6,7,7,7,7,6.8,6,3,7,7,7,6,14,14,14,14,14,15,14,14.14285714,1,1,1,1,1,1,6,6,6,2,6,2,6,4.857142857,1,3,4,2,1,3,5,5,1,5,1,1,5,1,5,1,5,3,2.888888889,7,7,7,7,7,7,5,5,1,5,1,3,3,2,5,1,2,2.142857143,3,2,4,2,5,1,2,2,2,2,2,1,1,1,1,2,2,1,1.285714286,4,1,5,2,4,3,8,3,3.75,584,6,7,6,6.333333333,687,16,466,881,512.5,1,1,2,6,6,6,6,5,7,6,3,6,6,6,2,6,2,6,6,2,6,5.625,4,4,5,2,6,4,4,4.166666667,4,4,4,4,4,4,4,4,4,4,4,7,7,7,7,7,7,7,7,7,7,5,5,5,5,1,1,1,1,1,1,1,1,1,1,1,1,1,1,1,1,1,1,Nala Zamara Galindo Avalos ,3,1,1,4,
4/6/2025 21:56,4/6/2025 22:20,205.185.107.16,1452,1,3,5,2,5,4,4,2,2,1,4,4,3,2,3,4,4,4,4,2,5,3.35,6,7,6,3,6,5.6,7,7,5,6,7,6.4,6,5,5,6,5,5.4,14,17,14,14,14,17,17,15.28571429,2,2,2,1,2,1.8,7,4,4,2,7,2,2,4,3,2,4,3,1,2,5,3,2,4,1,1,4,2,4,1,4,2,2.666666667,6,7,7,7,7,6.8,1,4,2,4,2,4,2,3,3,3,2,2.142857143,2,2,4,2,5,1,1.75,2,2,3,2.333333333,2,2,2,2,1,2,2,1.857142857,5,5,1,3,3,2,6,3,3.5,103,3,1,3,2.333333333,301,58,123,61,135.75,1,1,4,4,6,6,6,6,6,5.666666667,4,6,2,6,5,3,5,3,2,2,6,4,5,3,5,1,1,1,1,2,6,2,1,2,2,6,2,2,2,2,2.375,7,6,6,6,5,4,5,5,5,5.444444444,3,3,3,3,3,2,1,1,1,1,1,2,1,1,1.4,2,1,1,1,1.25,6,4,Samantha Price,4,1,1,4,
4/6/2025 21:08,4/6/2025 22:27,107.122.173.120,4779,1,4,3,3,4,2,4,3,4,1,4,4,4,4,3,3,3,4,4,3,4,3.4,5,5,5,5,5,5,3,4,5,4,4,4,4,3,4,5,5,4.2,14,16,14,15,17,16,16,15.42857143,2,2,3,1,2,2,5,5,2,6,6,6,2,4.571428571,2,2,3,4,3,3,2,3,3,4,2,3,2,3,4,2,2,4,2.833333333,3,3,5,5,3,3.8,4,2,4,3,3,2,4,5,2,4,4,4,4,4,3,3,3,3,3.5,4,4,3,3.666666667,1,1,1,1,1,1,2,1.142857143,3,1,1,3,1,1,6,1,2.125,303,5,2,5,4,299,0,206,0,126.25,1,1,3,5,5,5,4,5,5,4.833333333,5,5,4,5,4,4,4,4,5,4,4,4.5,5,3,4,3,5,4,3,3.666666667,3,5,3,5,3,5,5,5,5,6,4.875,5,4,5,4,4,4,4,5,4,4.333333333,5,5,5,5,1,1,1,1,1,1,1,1,1,1,1,2,1,1,1,1.25,6,6,Morgan Bohne,3,1,1,4,
4/6/2025 22:42,4/6/2025 22:55,172.56.151.108,792,1,4,4,3,5,4,3,3,4,2,4,3,4,2,4,1,2,5,4,4,5,3.5,5,3,5,6,4,4.6,4,5,5,6,6,5.2,7,3,5,5,3,4.6,14,17,14,13,15,17,13,14.71428571,3,3,3,1,4,2.8,5,3,5,7,6,6,5,5.285714286,1,2,2,4,2,2,3,3,1,4,1,2,3,2,4,1,4,5,2.555555556,5,5,6,2,6,4.8,4,3,3,4,2,4,2,5,3,3,4,3.285714286,5,3,3,3,4,2,3.25,3,2,4,3,2,1,1,1,1,1,3,1.428571429,6,4,1,3,3,1,7,5,3.75,360,7,1,1,3,500,0,540,131,292.75,2,,,8,,,,,,8,,,,,,8,,8,,,8,8,,8,,,,,,8,,8,,,,8,,,,,8,,,,,,,,,,#DIV/0!,,,,#DIV/0!,,,,,,,,,,,#DIV/0!,,,,,#DIV/0!,6,7,Ember Christensen,5,1,1,4,
4/7/2025 10:37,4/7/2025 11:21,205.185.110.150,2634,1,6,4,4,4,3,5,4,3,1,3,4,5,2,3,4,2,5,5,2,4,3.65,6,4,6,6,4,5.2,6,4,4,6,6,5.2,2,2,2,3,5,2.8,15,17,14,16,16,18,18,16.28571429,2,1,1,1,1,1.2,4,2,2,6,6,2,3,3.571428571,2,2,4,3,3,2,3,4,2,5,1,1,3,1,5,1,4,3,2.722222222,2,3,3,3,4,3,3,4,2,3,3,3,3,2,3,3,4,2.857142857,3,3,3,3,5,1,2.5,1,2,2,1.666666667,1,1,1,1,1,1,2,1.142857143,7,3,2,2,5,6,8,6,4.875,300,7,5,5,5.666666667,335,0,246,7,147,1,2,5,3,6,6,2,2,6,4.166666667,6,7,2,4,2,6,4,4,5,1,7,5.125,2,6,4,2,4,4,6,4.333333333,3,5,5,5,2,6,4,5,6,5,5.125,3,2,6,2,4,1,2,6,4,3.333333333,4,3,5,4,1,1,1,3,2,1,1,1,1,1,1.3,1,1,1,1,1,7,6,William Garrett Riggles,3,1,1,4,
4/7/2025 15:03,4/7/2025 15:16,205.185.107.23,780,1,4,4,3,5,4,4,5,4,2,5,5,6,5,3,5,2,6,3,4,4,4.15,6,6,5,7,5,5.8,6,4,5,6,6,5.4,6,5,6,6,4,5.4,14,13,13,13,14,16,14,13.85714286,1,1,1,1,1,1,6,2,5,4,6,2,4,4.142857143,1,2,3,1,1,1,3,5,1,5,1,1,3,1,5,1,4,1,2.222222222,6,6,6,6,6,6,2,5,1,5,1,5,1,1,4,2,1,1.285714286,1,2,4,2,5,1,1.5,1,2,2,1.666666667,1,2,1,1,1,1,3,1.428571429,6,4,6,3,2,8,8,3,5,100,4,3,6,4.333333333,439,24,762,300,381.25,2,,,8,,,,,,8,,,,,,8,,8,,,8,8,,8,,,,,,8,,8,,,,8,,,,,8,,,,,,,,,,#DIV/0!,,,,#DIV/0!,,,,,,,,,,,#DIV/0!,,,,,#DIV/0!,7,7,Cordell Seyersdahl,1,1,1,4,
4/7/2025 16:24,4/7/2025 16:47,192.225.189.130,1366,1,5,4,4,5,3,5,3,4,2,4,4,5,2,3,3,3,5,4,4,2,3.7,6,5,6,6,6,5.8,6,6,5,6,6,5.8,6,4,5,3,3,4.2,14,17,14,14,15,16,13,14.71428571,2,3,3,1,3,2.4,1,2,5,6,4,3,1,3.142857143,4,3,2,4,1,3,4,3,3,3,3,2,3,3,3,3,3,4,3,2,2,3,2,2,2.2,4,3,3,4,2,3,3,3,4,2,3,2.857142857,5,5,3,3,3,3,4,4,4,4,4,4,3,4,4,3,3,4,3.571428571,4,4,4,4,4,1,6,5,4,103,4,1,5,3.333333333,201,18,627,231,269.25,1,2,1,7,3,3,2,3,6,4,1,5,3,2,3,5,3,5,5,5,3,3.625,3,5,6,7,2,7,2,4.833333333,2,6,7,7,1,7,6,6,5,2,5.75,3,3,6,3,3,3,6,6,6,4.333333333,4,4,4,4,2,4,3,3,1,1,2,1,1,2,2,4,1,1,1,1.75,7,7,Mackenna Braack-Saufley,4,1,1,4,
4/2/2025 19:05,4/2/2025 19:05,172.56.151.139,4,0,,,,,,,,,,,,,,,,,,,,,#DIV/0!,,,,,,#DIV/0!,,,,,,#DIV/0!,,,,,,#DIV/0!,,,,,,,,#DIV/0!,,,,,,#DIV/0!,,,,,,,,#DIV/0!,,,,,,,,,,,,,,,,,,,#DIV/0!,,,,,,#DIV/0!,,,6,,6,,6,,,6,,6,,,,6,,6,6,,,,#DIV/0!,,,,,,,,#DIV/0!,,,,,,,,,#DIV/0!,,,,,#DIV/0!,,,,,#DIV/0!,,,,8,,,,,,8,,,,,,8,,8,,,8,8,,8,,,,,,8,,8,,,,8,,,,,8,,,,,,,,,,#DIV/0!,,,,#DIV/0!,,,,,,,,,,,#DIV/0!,,,,,#DIV/0!,,,,,,,,
4/2/2025 18:35,4/2/2025 18:46,172.56.151.65,671,0,5,2,3,4,3,4,3,4,2,6,5,4,4,4,4,2,5,4,4,3,3.75,4,5,6,6,5,5.2,5,5,5,5,5,5,5,4,4,5,5,4.6,16,17,14,14,14,14,14,14.71428571,,,,,,#DIV/0!,,,,,,,,#DIV/0!,,,,,,,,,,,,,,,,,,,#DIV/0!,,,,,,#DIV/0!,,,6,,6,,6,,,6,,6,,,,6,,6,6,,,,#DIV/0!,,,,,,,,#DIV/0!,,,,,,,,,#DIV/0!,,,,,#DIV/0!,,,,,#DIV/0!,,,,8,,,,,,8,,,,,,8,,8,,,8,8,,8,,,,,,8,,8,,,,8,,,,,8,,,,,,,,,,#DIV/0!,,,,#DIV/0!,,,,,,,,,,,#DIV/0!,,,,,#DIV/0!,,,,,,,,
4/3/2025 21:31,4/3/2025 21:31,66.219.222.22,11,0,,,,,,,,,,,,,,,,,,,,,#DIV/0!,,,,,,#DIV/0!,,,,,,#DIV/0!,,,,,,#DIV/0!,,,,,,,,#DIV/0!,,,,,,#DIV/0!,,,,,,,,#DIV/0!,,,,,,,,,,,,,,,,,,,#DIV/0!,,,,,,#DIV/0!,,,6,,6,,6,,,6,,6,,,,6,,6,6,,,,#DIV/0!,,,,,,,,#DIV/0!,,,,,,,,,#DIV/0!,,,,,#DIV/0!,,,,,#DIV/0!,,,,8,,,,,,8,,,,,,8,,8,,,8,8,,8,,,,,,8,,8,,,,8,,,,,8,,,,,,,,,,#DIV/0!,,,,#DIV/0!,,,,,,,,,,,#DIV/0!,,,,,#DIV/0!,,,,,,,,
4/6/2025 14:28,4/6/2025 14:31,107.158.239.179,163,0,,,,,,,,,,,,,,,,,,,,,#DIV/0!,,,,,,#DIV/0!,,,,,,#DIV/0!,,,,,,#DIV/0!,,,,,,,,#DIV/0!,,,,,,#DIV/0!,,,,,,,,#DIV/0!,,,,,,,,,,,,,,,,,,,#DIV/0!,,,,,,#DIV/0!,,,6,,6,,6,,,6,,6,,,,6,,6,6,,,,#DIV/0!,,,,,,,,#DIV/0!,,,,,,,,,#DIV/0!,,,,,#DIV/0!,,,,,#DIV/0!,,,,8,,,,,,8,,,,,,8,,8,,,8,8,,8,,,,,,8,,8,,,,8,,,,,8,,,,,,,,,,#DIV/0!,,,,#DIV/0!,,,,,,,,,,,#DIV/0!,,,,,#DIV/0!,,,,,,,,
7/11/2025 9:04,7/11/2025 9:29,157.201.96.100,1506,1,4,4,4,4,4,4,4,4,4,4,4,4,4,4,4,4,4,4,4,4,4,7,7,7,5,6,6.4,6,6,6,7,7,6.4,7,5,6,5,4,5.4,16,16,16,16,16,16,16,16,2,3,1,1,1,1.6,5,3,4,6,5,5,5,4.714285714,2,2,2,2,1,1,2,2,2,5,1,1,5,1,2,1,2,2,2,4,5,4,4,4,4.2,3,3,3,3,3,3,3,3,3,3,3,3,3,3,3,3,3,3,3,2,1,1,1.333333333,1,1,1,1,1,1,1,1,7,5,7,2,5,2,8,5,5.125,399,7,3,5,5,249,180,170,72,167.75,2,,,8,,,,,,8,,,,,,8,,8,,,8,8,,8,,,,,,8,,8,,,,8,,,,,8,,,,,,,,,,#DIV/0!,,,,#DIV/0!,,,,,,,,,,,#DIV/0!,,,,,#DIV/0!,7,7,Cade Tyler Young,5,2,1,4,
7/11/2025 10:36,7/11/2025 10:55,192.64.2.138,1139,1,5,3,5,4,4,5,3,4,4,5,4,5,4,4,3,5,5,4,4,4,4.2,6,5,6,6,6,5.8,6,6,6,6,6,6,5,5,5,5,6,5.2,14,17,14,17,18,17,17,16.28571429,2,2,1,1,2,1.6,2,2,5,3,6,4,6,4,4,3,3,3,4,3,4,4,4,3,2,2,3,3,4,3,4,4,3.333333333,6,6,6,6,3,5.4,2,4,2,4,2,3,3,4,4,2,3,2.571428571,4,3,3,3,4,2,3,3,2,2,2.333333333,3,2,2,2,3,3,2,2.428571429,5,3,5,6,6,5,6,5,5.125,123,1,1,3,1.666666667,173,27,195,32,106.75,1,1,2,6,6,6,6,6,6,6,3,6,5,6,3,5,2,6,6,2,6,5.375,2,6,2,2,6,6,6,4.666666667,5,3,2,2,6,2,2,2,2,3,2.25,6,6,6,6,5,4,6,6,6,5.666666667,3,4,4,3.666666667,1,2,1,1,1,1,1,2,1,1,1.2,2,2,2,1,1.75,7,7,Celeste Hudson,2,2,1,4,
7/11/2025 9:17,7/11/2025 11:13,157.201.96.100,6957,1,5,4,3,5,3,2,2,4,2,4,2,4,2,3,3,5,5,5,2,5,3.5,6,6,7,7,6,6.4,6,5,6,6,7,6,5,5,3,5,4,4.4,13,16,14,16,17,16,15,15.28571429,3,2,2,2,2,2.2,2,5,2,3,4,3,2,3,3,3,4,3,3,1,5,4,2,4,2,2,4,2,5,2,4,3,3.111111111,7,7,7,7,7,7,3,3,3,4,2,4,2,3,4,2,3,2.571428571,3,3,4,2,4,2,2.5,3,3,3,3,3,2,2,2,2,2,3,2.285714286,5,5,1,3,4,4,6,1,3.625,200,6,3,5,4.666666667,201,0,240,159,150,1,1,2,6,6,6,4,4,4,5,2,2,2,6,2,6,2,6,6,2,6,4.5,2,6,6,6,6,6,6,6,2,6,5,5,3,5,5,4,5,5,5,5,5,6,6,6,5,6,6,6,5.666666667,5,5,5,5,1,2,1,1,1,1,1,2,1,1,1.2,2,3,2,2,2.25,7,7,Lisa Kurns,1,2,1,4,
7/11/2025 11:25,7/11/2025 11:30,184.155.66.69,298,1,3,3,3,3,3,3,3,3,3,3,3,3,3,3,3,3,3,3,3,3,3,3,3,3,3,3,3,3,3,3,3,3,3,3,3,3,3,3,3,15,15,15,15,15,15,15,15,1,1,1,1,1,1,1,1,1,1,1,1,1,1,3,3,3,3,3,3,3,3,3,3,3,3,3,3,3,3,3,3,3,4,4,4,4,4,4,3,3,3,3,3,3,3,3,3,3,3,3,3,3,3,3,3,3,3,3,3,3,3,3,3,3,3,3,3,3,3,4,4,4,4,4,4,4,4,4,546,5,5,5,5,491,477,466,486,480,2,,,8,,,,,,8,,,,,,8,,8,,,8,8,,8,,,,,,8,,8,,,,8,,,,,8,,,,,,,,,,#DIV/0!,,,,#DIV/0!,,,,,,,,,,,#DIV/0!,,,,,#DIV/0!,2,2,Janzsen Olsen,1,2,1,5,
7/11/2025 10:55,7/11/2025 11:31,65.181.53.74,2176,1,4,3,4,5,2,4,3,4,1,3,4,3,5,4,3,4,6,2,4,3,3.55,6,3,7,4,5,5,4,7,6,5,6,5.6,3,3,4,4,3,3.4,15,15,14,16,18,14,16,15.42857143,2,1,2,1,4,2,2,2,2,6,3,2,2,2.714285714,3,3,4,2,3,3,4,3,1,2,2,2,3,2,3,2,3,4,2.722222222,2,3,5,6,6,4.4,3,3,3,4,2,3,3,3,2,4,3,3,4,3,3,3,4,2,3,3,3,3,3,3,3,3,2,1,2,3,2.428571429,7,3,3,1,4,3,8,3,4,45,1,5,2,2.666666667,234,0,398,0,158,2,,,8,,,,,,8,,,,,,8,,8,,,8,8,,8,,,,,,8,,8,,,,8,,,,,8,,,,,,,,,,#DIV/0!,,,,#DIV/0!,,,,,,,,,,,#DIV/0!,,,,,#DIV/0!,7,6,Sarah Robertson,3,2,1,4,
7/11/2025 12:25,7/11/2025 12:50,157.201.98.1,1464,1,6,2,2,4,2,4,3,4,1,4,4,2,2,2,2,5,5,2,4,4,3.2,7,6,6,5,4,5.6,7,6,6,6,7,6.4,6,5,6,4,6,5.4,17,15,14,14,17,14,14,15,1,3,2,2,1,1.8,5,3,5,5,3,2,4,3.857142857,2,1,2,1,2,4,3,4,3,4,3,2,4,3,3,1,2,5,2.722222222,5,6,6,6,5,5.6,4,3,3,3,3,4,2,3,3,3,3,3,5,4,4,2,4,2,3.25,2,2,2,2,2,2,4,2,1,2,3,2.285714286,4,1,1,2,2,4,8,1,2.875,55,3,4,5,4,110,49,338,80,144.25,1,1,1,7,5,5,6,5,5,5.5,6,4,2,6,5,3,5,3,6,5,3,4.125,6,2,3,5,6,5,2,3.833333333,5,3,6,3,4,4,5,5,4,3,4.125,,,,,,,,,,#DIV/0!,4,4,4,4,1,2,1,1,1,1,1,1,1,1,1.1,2,1,1,1,1.25,7,6,Casey Summers,1,2,1,4,
7/11/2025 12:42,7/11/2025 13:36,205.185.105.50,3259,1,5,4,4,4,2,2,4,4,3,4,5,3,3,1,3,4,3,4,3,,3.421052632,4,4,4,4,5,4.2,4,5,5,4,4,4.4,6,5,5,4,4,4.8,18,18,18,13,16,16,15,16.28571429,2,3,3,1,1,2,3,4,6,7,6,4,4,4.857142857,2,2,2,3,3,1,3,3,2,4,1,1,4,1,4,1,3,4,2.444444444,3,3,3,3,3,3,3,3,3,3,3,3,3,3,3,3,3,3,4,4,3,3,3,3,3.5,5,3,4,4,5,3,3,4,2,2,4,3.285714286,5,2,2,1,5,6,6,6,4.125,206,4,4,4,4,703,306,720,489,554.5,2,,,8,,,,,,8,,,,,,8,,8,,,8,8,,8,,,,,,8,,8,,,,8,,,,,8,,,,,,,,,,#DIV/0!,,,,#DIV/0!,,,,,,,,,,,#DIV/0!,,,,,#DIV/0!,6,6,Staz Dure,4,2,1,4,
7/11/2025 14:09,7/11/2025 14:21,66.219.222.22,773,1,4,4,2,2,2,2,3,2,1,3,3,2,2,4,2,2,5,4,2,4,2.75,7,7,7,5,6,6.4,7,7,7,6,5,6.4,2,4,1,5,4,3.2,13,19,14,16,15,18,13,15.42857143,3,1,2,1,4,2.2,1,1,1,1,3,5,1,1.857142857,4,1,4,2,2,2,4,3,2,5,1,1,3,1,5,2,3,5,2.777777778,6,7,5,7,7,6.4,2,4,2,4,2,3,3,2,4,2,1,2,5,3,4,2,4,2,3,1,2,2,1.666666667,2,1,1,1,1,1,2,1.285714286,4,2,3,3,3,3,6,6,3.75,275,5,1,4,3.333333333,400,138,289,303,282.5,2,,,8,,,,,,8,,,,,,8,,8,,,8,8,,8,,,,,,8,,8,,,,8,,,,,8,,,,,,,,,,#DIV/0!,,,,#DIV/0!,,,,,,,,,,,#DIV/0!,,,,,#DIV/0!,7,7,Jakobi Richins,1,2,1,4,
7/11/2025 16:18,7/11/2025 16:54,205.185.107.55,2140,1,5,4,4,5,3,3,3,4,2,3,4,3,4,4,3,4,3,5,4,3,3.65,6,4,6,3,4,4.6,5,6,6,5,4,5.2,3,3,3,3,3,3,17,15,19,16,15,14,14,15.71428571,1,2,1,1,2,1.4,4,3,3,5,5,5,4,4.142857143,3,4,3,2,2,4,4,4,3,4,2,2,4,1,3,1,4,4,3,2,3,2,3,3,2.6,4,3,3,2,4,2,4,3,2,4,3,3.571428571,4,4,3,3,4,2,3.25,2,3,2,2.333333333,3,3,3,3,3,3,3,3,2,1,1,1,2,2,8,1,2.25,180,3,2,2,2.333333333,180,20,241,10,112.75,1,1,2,6,6,5,5,4,6,5.333333333,1,4,2,4,1,7,4,4,5,2,6,4.125,4,4,4,2,4,4,3,3.5,4,4,4,5,4,4,4,4,4,4,4.125,6,6,7,6,5,3,6,5,4,5.333333333,5,5,5,5,1,1,1,2,1,1,1,1,1,1,1.1,4,4,1,3,3,1,1,Emer Rodriguez Jimenez,1,2,1,4,
7/11/2025 18:05,7/11/2025 19:17,205.185.107.46,4285,1,4,4,4,5,4,5,3,5,1,3,4,3,4,2,4,5,4,5,4,3,3.8,5,6,5,5,4,5,6,6,6,6,7,6.2,5,4,6,5,4,4.8,17,17,15,16,17,14,14,15.71428571,1,2,2,1,1,1.4,1,1,1,1,4,4,1,1.857142857,3,2,3,3,3,2,4,3,4,3,2,3,3,2,3,3,3,2,2.833333333,4,6,1,5,6,4.4,2,3,3,3,3,3,3,2,3,3,2,2.571428571,3,3,3,3,3,3,3,2,2,2,2,3,2,3,2,1,3,3,2.428571429,4,2,2,2,2,2,8,6,3.5,182,6,3,3,4,245,127,388,30,197.5,1,1,2,6,5,6,6,6,6,5.833333333,6,6,5,4,4,4,3,5,6,2,6,5.25,3,5,5,5,6,5,5,5.166666667,2,6,6,6,6,2,6,6,6,5,5.375,6,6,6,6,6,6,6,6,6,6,5,5,5,5,1,1,1,2,2,1,1,1,1,1,1.2,2,1,2,2,1.75,7,7,Dulce Leamsi Gallegos Mendoza ,4,2,1,4,
7/11/2025 19:39,7/11/2025 19:50,192.225.186.66,618,1,5,4,3,2,3,2,3,5,5,2,4,3,4,3,3,4,5,3,4,3,3.5,5,5,6,3,5,4.8,5,4,5,4,5,4.6,3,3,4,5,3,3.6,18,18,15,14,14,18,16,16.14285714,3,2,2,1,2,2,5,4,5,4,,3,5,4.333333333,2,4,2,4,3,3,3,2,3,4,2,2,3,2,3,4,2,4,2.888888889,4,4,5,5,4,4.4,4,3,3,2,4,2,4,3,3,3,2,3.285714286,4,4,3,3,3,3,3.5,4,4,4,4,4,4,4,3,4,3,4,3.714285714,4,3,1,1,1,1,6,1,2.25,407,5,3,5,4.333333333,345,7,206,87,161.25,1,1,4,4,5,4,5,5,5,4.666666667,4,5,5,4,4,4,5,3,5,5,3,4.125,5,3,5,5,5,4,5,4.5,5,3,4,5,5,3,4,4,4,3,3.75,6,5,5,5,5,6,5,5,5,5.222222222,4,4,3,3.666666667,4,4,3,4,4,4,3,3,4,4,3.7,2,3,3,3,2.75,6,6,Sam James,1,2,1,4,
7/11/2025 19:28,7/11/2025 20:01,47.25.166.236,1991,1,5,5,3,5,5,3,4,3,3,4,4,4,4,4,5,3,4,4,4,5,4.05,4,4,5,5,5,4.6,5,4,4,5,5,4.6,5,5,4,5,5,4.8,17,17,18,15,19,17,17,17.14285714,2,1,2,1,2,1.6,3,5,3,5,5,6,3,4.285714286,3,3,3,3,3,2,3,2,2,3,2,2,3,2,3,2,3,4,2.666666667,5,5,4,5,3,4.4,3,3,3,4,2,4,2,2,3,3,2,2.428571429,4,3,3,3,3,3,3.25,3,3,4,3.333333333,3,3,3,3,2,2,3,2.714285714,6,3,1,4,2,4,7,2,3.625,201,4,2,4,3.333333333,197,5,403,110,178.75,2,,,8,,,,,,8,,,,,,8,,8,,,8,8,,8,,,,,,8,,8,,,,8,,,,,8,,,,,,,,,,#DIV/0!,,,,#DIV/0!,,,,,,,,,,,#DIV/0!,,,,,#DIV/0!,6,4,Tobin Price,3,2,1,4,
7/11/2025 19:48,7/11/2025 20:18,157.201.96.100,1795,1,3,5,3,4,3,4,3,3,1,3,3,4,5,4,2,4,6,3,3,4,3.5,4,5,3,6,5,4.6,3,5,4,5,6,4.6,7,5,4,3,4,4.6,14,16,16,14,17,16,14,15.28571429,1,2,1,2,2,1.6,3,1,2,6,7,6,4,4.142857143,2,1,4,2,3,1,5,4,2,5,2,2,5,2,5,2,5,3,3.055555556,5,4,4,7,2,4.4,3,2,4,2,4,2,4,3,2,4,3,3.571428571,4,3,3,3,3,3,3.25,4,4,4,4,3,2,2,2,1,2,4,2.285714286,6,5,2,2,3,3,7,5,4.125,36,3,5,1,3,111,0,160,0,67.75,2,,,8,,,,,,8,,,,,,8,,8,,,8,8,,8,,,,,,8,,8,,,,8,,,,,8,,,,,,,,,,#DIV/0!,,,,#DIV/0!,,,,,,,,,,,#DIV/0!,,,,,#DIV/0!,6,4,Mark Martin,3,2,1,4,
7/11/2025 19:45,7/11/2025 20:35,172.56.151.140,3028,1,3,4,4,4,2,3,3,4,1,4,5,4,6,3,5,4,4,4,4,5,3.8,6,3,5,6,6,5.2,6,6,4,4,5,5,6,1,5,4,4,4,17,17,15,14,18,18,17,16.57142857,3,2,1,1,4,2.2,5,5,5,7,6,2,3,4.714285714,4,2,5,3,2,3,4,5,3,4,1,1,4,1,5,1,4,2,3,5,5,5,6,1,4.4,3,4,2,3,3,3,3,1,2,4,2,2.571428571,2,2,3,3,4,2,2.25,1,2,1,1.333333333,2,1,3,1,1,2,2,1.714285714,8,6,2,3,6,3,1,6,4.375,425,4,6,2,4,259,0,336,253,212,1,1,2,6,6,6,6,5,5,5.666666667,5,3,5,6,4,4,3,5,6,2,6,5,6,2,3,3,3,2,2,2.5,2,6,2,2,3,5,3,3,2,2,3.125,6,5,5,5,4,3,4,6,6,4.888888889,5,5,5,5,1,1,1,2,1,1,1,1,1,1,1.1,1,1,1,1,1,6,6,Leanne Sorensen,1,2,1,4,
7/12/2025 22:11,7/12/2025 22:29,172.56.149.39,1099,1,4,3,2,2,2,4,3,3,1,2,3,2,5,2,3,4,2,3,3,3,2.8,6,6,6,6,5,5.8,7,6,6,6,7,6.4,5,4,5,5,4,4.6,17,18,13,14,13,17,14,15.14285714,1,2,1,1,1,1.2,2,2,2,1,6,1,2,2.285714286,4,1,5,1,2,2,5,5,1,4,1,1,4,1,5,1,4,1,2.666666667,7,7,7,7,3,6.2,5,5,1,5,1,5,1,1,4,2,2,1.857142857,1,2,5,1,5,1,1.25,1,1,1,1,1,2,1,2,1,2,2,1.571428571,4,3,1,2,6,3,8,6,4.125,152,4,3,5,4,101,0,200,132,108.25,2,,,8,,,,,,8,,,,,,8,,8,,,8,8,,8,,,,,,8,,8,,,,8,,,,,8,,,,,,,,,,#DIV/0!,,,,#DIV/0!,,,,,,,,,,,#DIV/0!,,,,,#DIV/0!,7,7,Ryan Oehler,1,2,1,4,
7/14/2025 9:05,7/14/2025 9:32,192.225.189.18,1613,1,6,6,5,6,2,5,2,5,1,6,6,5,5,4,6,2,5,5,6,4,4.6,7,7,7,5,7,6.6,7,7,7,7,7,7,7,2,6,7,6,5.6,19,19,16,13,18,18,15,16.85714286,2,2,3,2,1,2,5,2,6,6,2,1,1,3.285714286,4,3,4,3,1,1,4,2,1,5,1,3,3,2,4,1,4,5,2.833333333,6,5,5,6,3,5,4,5,1,5,1,4,2,1,4,2,1,1.714285714,5,5,3,3,4,2,3.75,4,2,2,2.666666667,1,1,4,4,3,3,1,2.428571429,5,1,5,2,1,2,6,1,2.875,361,3,1,1,1.666666667,300,0,1000,0,325,1,2,7,1,1,4,1,1,1,1.5,1,1,1,7,7,1,7,1,1,7,1,1.75,7,1,1,1,1,1,1,1,7,1,1,7,7,1,7,1,1,7,3.25,1,1,6,1,1,1,5,5,1,2.444444444,5,5,5,5,1,4,4,2,1,2,1,2,1,1,1.9,5,5,1,1,3,7,7,Marissa Edelmayer,2,2,1,4,
7/14/2025 9:20,7/14/2025 10:12,157.201.96.100,3112,1,5,4,4,4,5,4,2,3,2,5,4,3,3,4,2,1,3,4,4,4,3.5,6,4,4,5,3,4.4,3,4,4,5,5,4.2,5,4,3,3,4,3.8,15,17,16,13,19,17,14,15.85714286,1,2,4,3,2,2.4,7,6,6,7,7,3,5,5.857142857,4,4,5,3,3,2,2,2,4,3,2,2,3,2,4,2,3,5,3.055555556,3,5,5,4,2,3.8,3,3,3,2,4,3,3,4,2,4,4,3.571428571,5,5,2,4,3,3,4.25,3,5,5,4.333333333,5,5,5,5,3,4,5,4.571428571,8,8,2,4,6,3,8,1,5,322,5,1,4,3.333333333,636,26,579,188,357.25,2,,,8,,,,,,8,,,,,,8,,8,,,8,8,,8,,,,,,8,,8,,,,8,,,,,8,,,,,,,,,,#DIV/0!,,,,#DIV/0!,,,,,,,,,,,#DIV/0!,,,,,#DIV/0!,6,7,Julie Hanford,4,2,1,4,
7/16/2025 21:26,7/16/2025 22:15,75.174.93.132,2938,1,2,3,5,5,3,4,4,3,1,5,2,5,3,4,4,3,5,4,2,3,3.5,7,7,6,5,3,5.6,6,6,6,6,6,6,7,7,7,7,7,7,15,17,15,13,14,15,14,14.71428571,1,1,1,1,1,1,3,1,1,4,4,1,1,2.142857143,3,1,4,2,4,1,4,4,1,5,1,3,4,2,4,1,2,1,2.611111111,4,6,7,7,6,6,2,4,2,4,2,4,2,4,2,4,2,2.571428571,3,1,4,2,4,2,2,2,2,2,2,2,1,1,1,1,1,1,1.142857143,6,5,1,1,1,1,1,1,2.125,41,4,1,1,2,124,10,820,32,246.5,1,,3,5,6,6,6,5,6,5.666666667,4,3,2,5,3,5,3,5,2,1,7,4.125,5,3,4,3,3,7,7,4.5,6,2,3,3,3,5,6,3,2,1,3.125,7,4,7,7,7,7,6,6,6,6.333333333,5,5,5,5,2,1,1,1,1,1,1,1,1,1,1.1,3,3,3,1,2.5,7,7,"Smith, Amie",5,2,1,4,
7/20/2025 21:21,7/20/2025 22:01,192.225.189.50,2401,1,2,5,3,5,4,4,4,4,3,3,4,4,4,4,3,3,4,4,4,3,3.7,6,6,6,6,6,6,6,5,6,6,6,5.8,5,5,5,5,6,5.2,17,18,14,13,14,14,14,14.85714286,2,2,2,1,2,1.8,4,3,4,7,6,3,6,4.714285714,2,1,3,3,2,1,2,2,1,3,1,1,2,2,2,1,2,2,1.833333333,3,3,3,3,2,2.8,2,3,3,4,2,3,3,2,3,3,2,2.428571429,2,4,2,4,3,3,3.25,4,4,4,4,1,1,2,1,1,1,2,1.285714286,5,4,2,3,2,1,8,6,3.875,273,5,5,1,3.666666667,197,0,100,0,74.25,2,,,8,,,,,,8,,,,,,8,,8,,,8,8,,8,,,,,,8,,8,,,,8,,,,,8,,,,,,,,,,#DIV/0!,,,,#DIV/0!,,,,,,,,,,,#DIV/0!,,,,,#DIV/0!,6,6,Andrew Vargas,4,2,1,4,
7/21/2025 14:24,7/21/2025 14:43,24.116.212.157,1130,1,2,5,4,5,2,2,4,3,1,5,2,4,3,4,5,2,4,3,4,5,3.45,6,7,7,7,7,6.8,3,7,7,7,7,6.2,7,6,7,7,6,6.6,14,14,14,14,14,17,14,14.42857143,1,2,2,1,1,1.4,1,1,2,3,4,2,1,2,4,1,4,1,4,1,5,4,1,4,1,1,4,1,4,1,4,2,2.611111111,6,6,6,6,5,5.8,3,4,2,4,2,4,2,2,3,3,2,2.285714286,2,1,4,2,4,2,1.75,3,2,3,2.666666667,1,1,1,1,1,1,1,1,2,4,1,1,1,4,1,1,1.875,60,4,3,1,2.666666667,105,8,198,15,81.5,2,,,8,,,,,,8,,,,,,8,,8,,,8,8,,8,,,,,,8,,8,,,,8,,,,,8,,,,,,,,,,#DIV/0!,,,,#DIV/0!,,,,,,,,,,,#DIV/0!,,,,,#DIV/0!,7,7,Alex Sommerfeldt,1,2,1,4,
7/21/2025 16:35,7/21/2025 19:21,205.185.107.46,9971,1,4,4,4,4,3,3,4,4,1,4,4,5,3,3,2,5,5,5,4,4,3.75,5,6,6,6,5,5.6,4,6,6,6,6,5.6,5,4,4,4,5,4.4,15,15,15,14,17,16,14,15.14285714,1,3,2,2,1,1.8,2,2,2,2,4,3,2,2.428571429,3,3,3,2,3,2,4,3,3,3,2,3,4,3,3,2,3,3,2.888888889,4,6,6,6,5,5.4,2,3,3,3,3,3,3,2,3,3,3,2.714285714,2,2,3,3,3,3,2.5,2,2,2,2,2,1,1,1,1,1,1,1.142857143,5,3,4,2,3,2,8,6,4.125,255,4,1,3,2.666666667,220,142,407,37,201.5,1,1,2,6,6,6,6,6,6,6,6,6,5,4,2,6,3,5,5,2,6,5.375,3,5,3,5,5,,4,4.4,3,5,6,6,6,2,5,5,5,6,5,6,6,6,6,6,6,6,6,6,6,5,5,5,5,1,1,1,1,1,1,1,1,1,1,1,2,2,2,2,2,7,7,Dulce Leamsi Gallegos Mendoza,4,2,1,4,
7/17/2025 15:00,7/17/2025 15:00,157.201.96.100,11,0,,,,,,,,,,,,,,,,,,,,,#DIV/0!,,,,,,#DIV/0!,,,,,,#DIV/0!,,,,,,#DIV/0!,,,,,,,,#DIV/0!,,,,,,#DIV/0!,,,,,,,,#DIV/0!,,,,,,,,,,,,,,,,,,,#DIV/0!,,,,,,#DIV/0!,,,6,,6,,6,,,6,,6,,,,6,,6,6,,,,#DIV/0!,,,,,,,,#DIV/0!,,,,,,,,,#DIV/0!,,,,,#DIV/0!,,,,,#DIV/0!,,,,8,,,,,,8,,,,,,8,,8,,,8,8,,8,,,,,,8,,8,,,,8,,,,,8,,,,,,,,,,#DIV/0!,,,,#DIV/0!,,,,,,,,,,,#DIV/0!,,,,,#DIV/0!,,,,,,,,
12/8/2025 14:03,12/8/2025 14:24,157.201.98.1,1276,1,3,4,3,5,4,2,4,2,1,5,3,5,2,4,3,4,3,4,3,4,3.4,5,7,6,6,6,6,6,6,7,7,7,6.6,6,6,6,6,5,5.8,14,14,14,14,14,16,14,14.28571429,1,1,1,1,2,1.2,2,2,2,2,4,2,2,2.285714286,4,2,5,2,3,2,4,5,2,4,2,2,5,2,4,1,5,4,3.222222222,6,7,7,7,7,6.8,3,4,2,4,2,4,2,2,4,2,2,2.142857143,3,3,4,2,4,2,2.5,1,2,2,1.666666667,2,2,1,1,1,1,1,1.285714286,6,4,3,1,3,4,6,6,4.125,15,4,1,4,3,120,0,239,45,101,1,1,2,6,6,6,6,6,6,6,2,4,4,3,3,5,3,5,5,3,5,4.125,3,5,5,5,5,5,4,4.833333333,3,5,3,5,3,5,3,5,5,5,4.5,4,4,5,4,4,4,5,5,5,4.444444444,4,4,4,4,1,1,1,1,1,1,1,1,1,1,1,1,1,1,1,1,7,6,Madelyn Cardon,3,1,1,4,
12/8/2025 17:09,12/8/2025 18:06,157.201.96.100,3416,1,4,3,5,4,1,2,2,4,1,5,2,3,1,2,4,6,5,2,2,5,3.15,3,6,6,7,5,5.4,2,6,6,6,6,5.2,3,3,2,5,2,3,18,18,15,17,18,17,17,17.14285714,3,1,2,3,1,2,2,3,2,5,5,2,2,3,4,2,4,3,2,3,4,4,2,4,3,2,3,2,4,2,4,4,3.111111111,3,3,7,6,3,4.4,2,3,3,4,2,4,2,3,4,2,2,2.285714286,4,3,3,3,3,3,3.25,3,3,3,3,2,2,2,2,1,2,3,2,6,5,3,2,4,3,8,1,4,303,6,4,4,4.666666667,300,0,258,130,172,2,,,8,,,,,,8,,,,,,8,,8,,,8,8,,8,,,,,,8,,8,,,,8,,,,,8,,,,,,,,,,#DIV/0!,,,,#DIV/0!,,,,,,,,,,,#DIV/0!,,,,,#DIV/0!,6,6,Isabelle Reid,4,2,1,4,
12/8/2025 18:13,12/8/2025 18:42,97.178.217.43,1753,1,4,5,4,4,3,4,4,4,1,3,3,4,4,2,3,3,5,3,2,4,3.45,6,7,7,7,6,6.6,6,6,6,6,7,6.2,7,6,6,6,5,6,15,15,17,14,17,15,14,15.28571429,1,1,1,1,1,1,2,2,2,2,5,1,3,2.428571429,3,1,4,2,3,2,4,4,2,5,2,3,4,1,5,2,4,2,2.944444444,6,7,6,6,5,6,2,4,2,4,2,3,3,1,3,3,1,2,1,2,4,2,4,2,1.75,1,2,2,1.666666667,2,3,2,2,2,2,3,2.285714286,5,4,1,5,3,4,8,5,4.375,46,1,1,4,2,245,0,360,60,166.25,1,1,2,6,5,6,5,4,3,4.833333333,5,6,4,5,4,4,3,5,3,4,4,4.5,3,5,5,5,5,5,5,5,3,5,3,5,5,3,3,3,3,5,3.75,5,5,6,3,3,3,5,5,5,4.444444444,5,5,5,5,1,2,1,1,1,1,1,1,1,1,1.1,2,1,1,1,1.25,6,6,Brian Ellis,1,2,1,4,
12/8/2025 21:54,12/8/2025 22:16,157.201.63.1,1332,1,5,4,3,3,3,4,3,4,2,3,4,4,4,4,4,3,4,4,4,4,3.65,5,6,6,5,6,5.6,6,6,6,6,6,6,5,4,5,5,4,4.6,14,15,14,14,14,17,14,14.57142857,3,2,1,1,2,1.8,5,2,3,6,6,6,5,4.714285714,2,2,2,3,2,2,3,3,2,4,2,3,3,3,4,2,2,2,2.555555556,5,3,5,5,2,4,2,4,2,4,2,3,3,2,4,2,2,2.142857143,2,3,3,3,4,2,2.5,2,3,3,2.666666667,2,2,2,2,2,1,2,1.857142857,4,4,1,2,4,4,8,5,4,180,5,1,4,3.333333333,200,0,93,90,95.75,1,1,5,3,3,4,3,2,2,2.833333333,2,2,2,6,5,3,6,2,3,5,3,2.875,5,3,2,2,2,2,3,2.333333333,2,6,5,3,3,5,6,6,6,6,5.375,5,3,3,2,2,2,2,2,2,2.555555556,4,4,4,4,1,2,2,1,1,1,1,2,1,1,1.3,4,4,3,2,3.25,7,7,Matias Pauvif Cipitria,3,2,1,4,
12/9/2025 1:03,12/9/2025 1:24,205.185.107.72,1305,1,4,3,3,3,4,4,4,5,3,3,4,5,4,4,3,4,5,3,3,4,3.75,6,5,7,7,4,5.8,6,5,5,4,5,5,4,3,3,4,3,3.4,16,18,15,15,15,17,15,15.85714286,1,3,1,1,3,1.8,4,2,2,4,4,1,2,2.714285714,2,3,4,3,1,3,3,4,3,4,2,2,5,2,5,1,4,4,3.055555556,4,4,4,3,6,4.2,3,3,3,3,3,3,3,3,2,4,3,3.142857143,3,3,3,3,4,2,2.75,2,2,2,2,2,1,3,2,1,2,4,2.142857143,5,4,1,5,5,4,8,5,4.625,631,5,1,4,3.333333333,676,130,420,56,320.5,2,,,8,,,,,,8,,,,,,8,,8,,,8,8,,8,,,,,,8,,8,,,,8,,,,,8,,,,,,,,,,#DIV/0!,,,,#DIV/0!,,,,,,,,,,,#DIV/0!,,,,,#DIV/0!,7,6,Misaki Kamegawa,3,1,1,4,
12/9/2025 12:31,12/9/2025 13:02,157.201.96.100,1862,1,5,3,4,3,2,4,2,4,2,3,5,3,4,3,2,5,4,3,4,2,3.35,6,6,7,7,6,6.4,5,6,6,7,6,6,5,3,7,6,6,5.4,14,17,14,17,15,19,17,16.14285714,2,3,1,1,2,1.8,3,2,2,5,6,2,3,3.285714286,4,2,4,2,2,1,3,3,2,3,1,1,4,1,4,2,3,2,2.444444444,5,3,5,5,3,4.2,3,4,2,4,2,4,2,3,3,3,4,2.714285714,3,3,3,3,3,3,3,3,2,3,2.666666667,2,2,3,2,2,2,3,2.285714286,5,4,1,3,4,4,6,3,3.75,135,3,4,3,3.333333333,262,0,371,41,168.5,1,1,5,3,6,6,5,6,5,5.166666667,1,6,5,6,3,5,3,5,3,5,3,4.25,7,1,1,7,3,1,2,2.5,6,2,1,1,2,6,5,3,2,2,2.75,5,5,6,3,3,2,6,3,3,4,5,5,5,5,1,3,1,4,1,1,1,2,1,1,1.6,4,4,3,3,3.5,7,7,Wilford Hester,3,1,1,4,
12/9/2025 12:55,12/9/2025 13:11,157.201.96.100,930,1,4,4,2,5,4,4,4,4,2,5,2,5,2,5,3,2,3,5,2,4,3.55,6,6,6,6,6,6,6,6,6,6,6,6,6,6,6,6,3,5.4,14,14,14,14,14,14,14,14,2,1,2,2,1,1.6,6,2,2,5,6,5,2,4,4,2,4,3,2,1,3,3,2,3,4,1,4,1,2,2,4,3,2.666666667,3,5,5,3,6,4.4,1,4,2,4,2,4,2,1,4,2,2,1.714285714,3,3,3,3,3,3,3,4,4,3,3.666666667,3,1,3,1,1,1,1,1.571428571,6,5,1,3,5,1,6,6,4.125,188,5,1,5,3.666666667,162,0,218,107,121.75,1,1,5,3,3,5,3,3,5,3.666666667,2,2,2,2,5,3,6,2,2,6,2,2.125,6,2,5,6,6,6,2,4.5,6,2,6,3,3,5,6,6,3,2,4.125,3,3,5,2,2,2,2,2,2,2.555555556,5,5,5,5,1,1,1,1,1,1,1,1,1,1,1,1,1,1,1,1,7,7,Ashlyn Hansen,4,1,1,4,
12/9/2025 13:56,12/9/2025 15:07,157.201.98.1,4311,1,2,4,2,5,3,2,4,3,2,4,2,4,4,3,2,3,4,5,2,5,3.25,4,4,5,6,4,4.6,4,4,5,4,6,4.6,6,4,5,5,5,5,17,16,14,16,14,14,16,15.28571429,2,2,1,2,2,1.8,4,4,4,5,5,3,3,4,3,1,4,2,3,2,4,4,2,3,1,2,3,1,3,1,3,3,2.5,6,6,6,6,5,5.8,4,4,2,4,2,3,3,3,3,3,3,2.857142857,3,3,4,2,4,2,2.5,2,2,2,2,2,1,1,1,1,2,2,1.428571429,3,2,1,2,1,3,8,1,2.625,0,1,2,2,1.666666667,101,0,194,0,73.75,2,,,8,,,,,,8,,,,,,8,,8,,,8,8,,8,,,,,,8,,8,,,,8,,,,,8,,,,,,,,,,#DIV/0!,,,,#DIV/0!,,,,,,,,,,,#DIV/0!,,,,,#DIV/0!,6,6,Rebecca Smith,1,1,1,4,
12/9/2025 20:03,12/9/2025 20:40,205.185.98.60,2199,1,2,5,2,5,2,2,5,5,2,5,4,4,5,2,2,4,5,4,5,3,3.65,5,6,6,6,6,5.8,4,6,6,6,6,5.6,6,4,4,6,4,4.8,13,13,13,13,17,19,13,14.42857143,2,1,2,1,1,1.4,2,2,2,5,6,2,2,3,4,3,4,2,3,2,4,4,1,3,2,2,3,2,4,1,4,2,2.777777778,6,6,6,6,6,6,3,4,2,4,2,4,2,1,4,2,1,1.857142857,3,3,4,2,4,2,2.5,3,3,4,3.333333333,2,1,1,1,1,1,2,1.285714286,4,4,1,4,2,3,8,1,3.375,100,4,2,5,3.666666667,100,0,240,119,114.75,1,1,2,6,6,6,6,4,6,5.666666667,4,6,5,6,5,3,2,6,6,2,6,5.25,6,2,2,2,2,6,6,3.333333333,6,2,2,2,6,2,2,2,2,2,2,6,4,6,5,5,5,5,2,2,4.444444444,4,4,4,4,1,2,1,1,1,1,1,1,1,1,1.1,4,3,1,2,2.5,6,6,Quinn McHood,1,1,1,4,
12/10/2025 9:06,12/10/2025 9:26,157.201.96.100,1179,1,2,3,3,2,2,3,2,3,1,3,4,3,4,4,3,5,4,4,3,3,3.05,3,6,6,7,6,5.6,4,6,6,7,6,5.8,6,5,6,7,5,5.8,14,15,15,14,13,17,17,15,2,2,1,1,2,1.6,2,2,3,2,2,3,2,2.285714286,4,4,3,2,3,2,5,4,3,4,3,2,4,2,5,3,4,3,3.333333333,6,6,6,5,7,6,4,4,2,4,2,3,3,2,4,2,2,2.428571429,4,3,3,3,3,3,3.25,1,2,2,1.666666667,3,2,2,3,1,2,3,2.285714286,2,2,2,2,2,4,8,1,2.875,15,6,5,3,4.666666667,63,0,719,32,203.5,2,,,8,,,,,,8,,,,,,8,,8,,,8,8,,8,,,,,,8,,8,,,,8,,,,,8,,,,,,,,,,#DIV/0!,,,,#DIV/0!,,,,,,,,,,,#DIV/0!,,,,,#DIV/0!,6,6,Michael Johnsen,1,1,1,4,
12/10/2025 10:08,12/10/2025 10:36,157.201.96.100,1706,1,2,3,2,3,2,3,3,2,1,2,5,5,3,3,3,2,4,2,2,3,2.75,5,5,6,6,5,5.4,6,6,6,6,6,6,5,3,3,3,2,3.2,14,15,13,13,17,13,14,14.14285714,2,1,3,3,2,2.2,5,5,4,6,6,3,5,4.857142857,3,2,3,4,1,1,3,1,3,2,1,3,2,2,2,1,2,3,2.166666667,2,3,2,5,4,3.2,4,3,3,3,3,2,4,3,2,4,4,3.571428571,4,4,2,4,2,4,4,4,4,3,3.666666667,1,1,3,1,1,1,1,1.285714286,4,2,1,1,4,3,8,2,3.125,15,2,1,2,1.666666667,145,0,92,15,63,1,1,7,1,6,6,3,6,5,4.5,1,5,2,6,3,5,3,5,5,2,6,4.375,2,6,2,5,4,2,5,4,1,7,4,5,1,7,6,5,6,5,5.625,5,4,6,4,5,2,4,3,2,3.888888889,4,4,4,4,1,1,1,4,1,1,1,1,1,1,1.3,1,1,1,1,1,7,7,Teja Scott,4,1,1,4,
12/10/2025 10:21,12/10/2025 10:40,157.201.96.100,1140,1,2,4,2,5,4,3,4,2,2,4,3,4,2,4,2,2,3,5,2,5,3.2,6,5,6,5,6,5.6,6,6,6,6,6,6,6,4,6,6,5,5.4,18,18,17,17,18,17,15,17.14285714,2,2,4,1,3,2.4,6,6,6,6,6,6,6,6,4,3,4,4,3,2,3,3,3,3,2,4,3,4,4,1,3,4,3.166666667,6,6,5,6,5,5.6,3,4,2,4,2,3,3,4,4,2,3,2.714285714,4,4,3,3,4,2,3.25,4,4,4,4,3,2,3,2,1,2,3,2.285714286,4,6,1,1,5,1,5,1,3,235,5,1,5,3.666666667,54,0,199,190,110.75,1,1,4,4,6,6,5,5,6,5.333333333,5,6,4,3,3,5,3,5,6,3,5,4.875,3,5,5,5,5,5,5,5,5,3,5,3,3,5,5,5,5,5,4.5,6,5,6,4,5,3,5,5,5,4.888888889,5,5,5,5,1,2,1,1,1,1,2,2,1,1,1.3,2,2,1,2,1.75,2,2,Caleb Lemon,4,2,1,4,
12/10/2025 10:28,12/10/2025 10:46,157.201.98.1,1058,1,4,4,4,4,3,5,4,5,4,4,5,5,5,5,6,5,3,3,4,3,4.25,6,6,6,6,6,6,6,6,6,6,6,6,6,6,6,6,6,6,13,13,13,13,13,13,13,13,1,1,2,1,1,1.2,2,2,2,3,6,2,6,3.285714286,3,2,4,2,2,2,4,5,2,3,2,2,4,2,5,2,5,4,3.055555556,5,5,5,5,5,5,3,3,3,3,3,4,2,3,4,2,4,2.857142857,4,3,4,2,4,2,2.75,3,3,2,2.666666667,3,3,3,3,2,2,3,2.714285714,8,8,8,2,8,3,8,8,6.625,292,4,1,4,3,461,27,535,75,274.5,2,,,8,,,,,,8,,,,,,8,,8,,,8,8,,8,,,,,,8,,8,,,,8,,,,,8,,,,,,,,,,#DIV/0!,,,,#DIV/0!,,,,,,,,,,,#DIV/0!,,,,,#DIV/0!,6,6,Aurora Kokona,4,1,1,5,
12/10/2025 11:39,12/10/2025 11:44,205.185.107.72,338,1,5,5,5,5,5,5,5,5,5,5,5,5,5,5,5,5,5,5,5,5,5,6,6,6,6,6,6,6,6,6,6,6,6,5,5,5,5,5,5,17,17,17,17,17,17,17,17,1,2,3,2,2,2,5,6,4,5,6,4,6,5.142857143,3,3,4,4,4,3,2,3,4,1,3,4,3,4,3,3,5,4,3.333333333,5,6,4,6,5,5.2,3,4,2,2,4,4,2,3,4,2,4,2.857142857,4,3,2,4,3,3,3.5,3,4,4,3.666666667,4,3,4,4,3,4,5,3.857142857,6,7,6,5,7,6,7,5,6.125,566,5,7,6,6,383,608,749,546,571.5,2,,,8,,,,,,8,,,,,,8,,8,,,8,8,,8,,,,,,8,,8,,,,8,,,,,8,,,,,,,,,,#DIV/0!,,,,#DIV/0!,,,,,,,,,,,#DIV/0!,,,,,#DIV/0!,6,6,Porter Florence ,3,1,1,4,
12/10/2025 11:55,12/10/2025 12:10,205.185.107.32,905,1,5,3,4,4,3,5,4,5,5,4,4,4,5,4,4,4,4,4,4,4,4.15,6,5,6,5,6,5.6,5,6,6,6,5,5.6,5,6,6,5,5,5.4,15,15,15,14,16,16,15,15.14285714,1,2,1,1,2,1.4,4,3,5,4,5,5,5,4.428571429,2,3,5,2,1,1,4,4,2,4,1,1,3,1,4,1,4,2,2.5,5,6,5,6,6,5.6,3,4,2,4,2,4,2,3,4,2,3,2.428571429,2,3,4,2,4,2,2.25,1,2,1,1.333333333,2,1,1,1,1,1,1,1.142857143,2,3,1,2,3,4,8,1,3,134,1,1,5,2.333333333,196,0,310,127,158.25,1,1,2,6,6,6,6,6,6,6,4,5,2,4,3,5,3,5,3,3,5,4.125,5,3,3,5,3,5,4,3.833333333,5,3,3,3,4,4,2,2,2,2,2.625,6,5,6,5,5,6,4,4,4,5,4,4,4,4,1,2,1,1,1,1,1,1,1,1,1.1,1,1,1,1,1,7,6,Zoé Pisson,3,1,1,4,
12/10/2025 12:09,12/10/2025 12:23,205.185.98.6,840,1,4,5,4,4,4,3,3,3,1,3,3,4,4,4,4,4,5,4,3,5,3.7,6,7,6,7,6,6.4,6,7,7,6,7,6.6,6,5,6,6,6,5.8,13,14,15,13,15,14,14,14,2,2,1,2,1,1.6,6,3,3,6,7,3,3,4.428571429,4,2,5,2,3,2,4,4,2,4,1,2,4,1,5,2,4,4,3.055555556,5,6,5,7,5,5.6,2,3,3,4,2,4,2,3,4,2,3,2.428571429,4,3,3,3,3,3,3.25,2,2,2,2,3,2,2,3,2,2,3,2.428571429,6,5,5,4,5,7,7,3,5.25,61,4,1,4,3,80,0,203,32,78.75,2,,,8,,,,,,8,,,,,,8,,8,,,8,8,,8,,,,,,8,,8,,,,8,,,,,8,,,,,,,,,,#DIV/0!,,,,#DIV/0!,,,,,,,,,,,#DIV/0!,,,,,#DIV/0!,7,7,Lucy Call,3,1,1,4,
12/10/2025 11:55,12/10/2025 12:33,157.201.96.63,2277,1,4,5,3,4,2,3,2,4,3,5,5,3,4,3,4,5,4,3,4,3,3.65,4,3,4,5,5,4.2,4,5,5,5,4,4.6,4,3,4,5,4,4,15,15,18,16,18,14,14,15.71428571,3,2,2,1,1,1.8,4,5,5,6,6,5,6,5.285714286,3,2,3,3,2,1,4,3,4,5,3,1,5,2,4,2,4,4,3.055555556,6,6,5,6,5,5.6,4,3,3,3,3,4,2,4,3,3,3,3.142857143,3,4,3,3,3,3,3.25,3,4,4,3.666666667,2,3,3,2,1,3,4,2.571428571,6,3,2,3,4,3,3,1,3.125,401,8,1,4,4.333333333,597,117,318,99,282.75,1,1,3,5,5,5,6,6,6,5.5,7,6,5,6,2,6,1,7,4,2,6,5.875,2,6,5,6,7,5,6,5.833333333,2,6,6,6,5,3,3,4,3,5,4.5,6,5,5,4,5,6,6,5,4,5.111111111,4,5,5,4.666666667,1,2,1,3,1,1,1,1,1,1,1.3,2,3,2,2,2.25,7,7,Micaela Canar,2,2,1,4,
12/10/2025 12:22,12/10/2025 13:11,172.56.150.180,2910,1,3,4,5,5,3,3,3,4,4,4,3,4,5,3,3,4,4,3,4,3,3.7,5,5,6,6,5,5.4,5,6,6,6,6,5.8,5,4,5,6,4,4.8,16,17,16,17,17,16,16,16.42857143,1,1,1,1,1,1,1,1,2,5,4,5,2,2.857142857,4,1,4,2,3,2,4,5,2,5,1,2,4,2,4,1,4,2,2.888888889,6,6,7,6,6,6.2,2,4,2,4,2,5,1,2,4,2,2,1.857142857,3,2,4,2,4,2,2.25,2,1,2,1.666666667,1,2,2,2,1,2,3,1.857142857,5,6,5,6,6,7,6,3,5.5,105,5,1,5,3.666666667,209,15,126,142,123,2,,,8,,,,,,8,,,,,,8,,8,,,8,8,,8,,,,,,8,,8,,,,8,,,,,8,,,,,,,,,,#DIV/0!,,,,#DIV/0!,,,,,,,,,,,#DIV/0!,,,,,#DIV/0!,6,6,Cody Wilding,2,2,1,4,
12/10/2025 12:56,12/10/2025 13:13,157.201.96.100,1020,1,4,4,4,4,3,4,4,3,1,4,2,5,5,4,3,5,5,4,3,3,3.7,6,6,6,6,6,6,5,5,5,5,6,5.2,6,3,4,5,4,4.4,16,16,15,14,15,17,15,15.42857143,1,3,1,1,2,1.6,5,1,4,5,5,4,5,4.142857143,4,2,2,3,2,1,3,3,2,4,2,2,4,2,4,2,4,4,2.777777778,4,5,3,3,2,3.4,3,4,2,4,2,3,3,2,3,3,3,2.571428571,3,3,3,3,3,3,3,2,3,3,2.666666667,3,3,3,3,3,3,3,3,5,4,4,3,4,4,8,4,4.5,184,4,5,4,4.333333333,231,115,152,36,133.5,2,,,8,,,,,,8,,,,,,8,,8,,,8,8,,8,,,,,,8,,8,,,,8,,,,,8,,,,,,,,,,#DIV/0!,,,,#DIV/0!,,,,,,,,,,,#DIV/0!,,,,,#DIV/0!,6,6,Preston Lykins,1,1,1,4,
12/10/2025 13:05,12/10/2025 13:30,192.225.180.2,1540,1,3,2,4,4,2,2,2,3,1,3,4,3,2,4,4,4,5,3,2,2,2.95,5,6,6,6,6,5.8,5,6,6,6,6,5.8,6,5,5,6,6,5.6,14,14,14,14,15,17,13,14.42857143,1,1,1,1,1,1,2,2,2,2,5,1,1,2.142857143,4,3,4,2,3,2,3,5,3,4,2,2,4,1,4,1,3,3,2.944444444,6,6,5,6,6,5.8,3,3,3,4,2,3,3,4,3,3,2,2.857142857,4,4,3,3,3,3,3.5,1,2,2,1.666666667,2,2,2,1,1,1,2,1.571428571,1,1,1,3,1,3,8,2,2.5,41,3,5,5,4.333333333,400,0,500,242,285.5,1,2,2,6,6,6,6,6,6,6,5,4,3,5,3,5,4,4,3,2,6,4.375,2,6,5,5,5,5,6,5.333333333,7,1,5,6,2,6,6,6,7,6,5.375,6,6,6,5,5,5,6,6,6,5.666666667,5,5,5,5,1,2,1,1,1,1,1,1,1,1,1.1,4,4,1,1,2.5,7,7,Dallas Taggart,1,1,1,4,
12/10/2025 13:36,12/10/2025 13:54,157.201.98.1,1102,1,4,3,3,4,1,3,3,5,1,4,3,4,3,3,5,2,3,2,4,3,3.15,7,2,4,6,6,5,6,5,6,5,6,5.6,7,2,5,6,7,5.4,13,13,13,13,17,15,17,14.42857143,4,4,4,1,2,3,1,1,1,7,4,6,1,3,4,2,4,5,2,2,2,3,5,4,3,2,3,2,4,2,2,5,3.111111111,4,4,5,5,5,4.6,5,3,3,3,3,2,4,4,2,4,4,3.857142857,5,5,3,3,3,3,4,4,4,4,4,2,2,2,2,2,2,5,2.428571429,1,3,1,1,1,2,6,1,2,200,9,9,9,9,121,0,291,90,125.5,1,1,5,3,6,6,6,5,6,5.333333333,6,4,5,7,4,4,3,5,5,5,3,4.875,6,2,3,2,5,4,6,3.666666667,6,2,4,4,4,4,4,5,6,4,4.125,6,6,6,3,3,3,5,6,6,4.888888889,3,3,3,3,1,1,1,3,1,1,1,1,1,1,1.2,5,5,3,4,4.25,6,6,William Luke,1,2,1,4,
12/10/2025 14:15,12/10/2025 14:39,157.201.96.100,1416,1,5,5,3,4,3,2,3,3,2,3,3,4,3,3,3,3,5,4,3,5,3.45,6,6,6,6,6,6,6,6,6,6,7,6.2,4,3,5,5,5,4.4,16,15,15,14,14,16,14,14.85714286,2,2,2,1,1,1.6,3,3,3,5,6,4,4,4,4,3,4,3,2,3,4,4,3,4,3,3,4,3,4,3,4,4,3.444444444,3,3,3,6,2,3.4,3,3,3,3,3,3,3,3,3,3,3,3,4,4,4,2,4,2,3,5,3,3,3.666666667,3,3,3,3,3,3,4,3.142857143,7,5,3,3,5,1,8,5,4.625,135,5,5,5,5,124,34,155,94,101.75,1,1,6,2,2,2,2,2,2,2,1,3,5,4,3,5,3,5,5,3,5,4.125,5,3,2,2,2,2,1,2,7,1,6,7,7,1,7,7,7,7,5.375,2,2,5,5,3,2,5,5,5,3.777777778,4,4,4,4,1,3,4,1,1,1,2,2,1,1,1.7,4,3,1,1,2.25,6,4,Nicholas Monical,4,1,1,4,
12/10/2025 12:55,12/10/2025 14:53,157.201.98.1,7080,1,4,5,5,4,5,3,4,4,5,5,4,4,5,5,6,3,5,4,4,5,4.45,7,6,7,7,6,6.6,7,6,7,7,6,6.6,6,4,3,4,5,4.4,14,14,15,13,17,14,13,14.28571429,1,1,1,1,1,1,6,5,3,6,6,2,4,4.571428571,3,1,2,2,2,2,5,4,1,5,1,1,5,1,5,1,5,4,2.777777778,5,6,5,6,4,5.2,2,3,3,4,2,4,2,3,3,3,2,2.428571429,3,3,4,2,4,2,2.5,4,2,1,2.333333333,1,1,1,1,1,1,1,1,4,4,4,2,4,1,8,4,3.875,120,7,1,1,3,300,0,500,200,250,1,1,1,7,6,6,4,4,4,5.166666667,2,6,2,6,6,2,2,6,2,2,6,4,6,2,6,2,2,2,2,2.666666667,2,6,5,5,2,6,6,2,5,2,4.625,4,4,4,3,3,1,4,6,6,3.888888889,5,5,5,5,1,1,1,1,1,1,1,1,1,1,1,2,1,1,1,1.25,7,7,Kisha Savory ,4,1,1,4,
12/10/2025 14:47,12/10/2025 15:15,192.225.180.2,1652,1,3,4,4,3,4,3,4,4,4,4,4,4,5,2,5,3,2,3,3,3,3.55,6,5,5,5,5,5.2,5,4,6,5,5,5,3,3,2,5,4,3.4,14,15,15,16,17,17,17,15.85714286,1,2,1,1,2,1.4,3,3,4,4,6,3,2,3.571428571,2,3,4,3,2,3,4,4,3,4,2,2,3,2,4,2,3,4,3,5,6,5,5,5,5.2,4,4,2,3,3,4,2,3,3,3,3,2.857142857,4,3,4,2,4,2,2.75,2,2,2,2,3,3,3,4,3,3,3,3.142857143,3,1,2,1,1,4,6,2,2.5,152,3,4,4,3.666666667,182,21,100,141,111,1,2,3,5,5,5,4,5,5,4.833333333,3,6,5,4,5,3,4,4,5,4,4,4.25,3,5,5,5,4,5,5,4.833333333,5,3,6,6,3,5,5,5,5,5,5,5,5,6,5,4,4,5,6,6,5.111111111,4,4,5,4.333333333,2,2,2,1,1,1,1,1,1,1,1.3,1,1,1,1,1,4,4,Elizabeth Davis,1,3,1,4,
12/10/2025 13:02,12/10/2025 15:36,192.225.186.66,9259,1,3,5,2,5,3,2,5,2,1,6,2,5,2,5,2,2,4,5,2,6,3.45,6,6,7,7,6,6.4,6,7,7,7,7,6.8,5,6,5,5,5,5.2,14,16,14,13,14,14,14,14.14285714,1,2,1,1,2,1.4,1,1,1,4,5,2,1,2.142857143,3,3,4,3,3,3,5,4,2,4,1,2,4,1,5,1,5,3,3.111111111,7,7,7,7,7,7,4,4,2,4,2,4,2,4,3,3,4,3,3,3,4,2,5,1,2.25,1,2,3,2,1,1,1,1,1,1,2,1.142857143,1,3,1,4,1,3,8,3,3,48,3,1,4,2.666666667,90,0,201,63,88.5,1,1,4,4,6,6,5,5,5,5.166666667,3,4,5,4,2,6,2,6,6,4,4,4.75,3,5,4,5,6,6,6,5.333333333,2,6,5,2,2,6,5,4,4,5,4.625,4,4,5,4,3,3,4,4,4,3.888888889,5,5,5,5,1,2,1,1,1,1,1,1,1,1,1.1,3,2,1,1,1.75,7,7,Emma White,1,1,1,4,
12/10/2025 11:08,12/10/2025 15:54,157.201.96.100,17182,1,5,5,5,4,5,2,2,3,4,4,3,5,5,5,2,6,6,6,2,4,4.15,6,7,7,7,7,6.8,7,7,7,7,7,7,2,3,2,2,1,2,14,17,13,13,13,17,14,14.42857143,1,1,1,2,1,1.2,5,1,1,3,7,2,2,3,5,3,4,2,4,2,5,5,2,5,1,1,4,2,5,4,5,1,3.333333333,7,7,7,7,7,7,3,4,2,4,2,4,2,3,5,1,4,2.428571429,2,2,5,1,5,1,1.5,1,3,3,2.333333333,3,1,3,3,1,1,2,2,5,4,1,3,4,5,8,5,4.375,118,1,1,1,1,301,0,495,0,199,1,1,1,7,7,7,7,7,7,7,2,7,2,7,1,7,4,4,7,1,7,5.375,6,2,6,4,7,5,3,4.5,7,1,1,1,7,1,1,1,1,1,1,7,7,7,7,7,7,7,7,7,7,5,5,5,5,1,2,1,1,1,1,1,1,1,1,1.1,1,1,1,1,1,1,1,Cammie Johns,2,1,1,4,
12/10/2025 16:48,12/10/2025 17:06,157.201.62.1,1103,1,3,2,4,5,2,4,2,4,2,5,3,4,4,3,5,4,5,3,3,,3.526315789,5,4,3,5,5,4.4,2,6,6,5,6,5,3,5,3,4,2,3.4,14,14,13,15,17,17,15,15,2,2,3,1,1,1.8,3,5,4,6,7,5,2,4.571428571,3,1,3,2,2,2,4,1,5,2,2,2,3,3,2,4,3,2,2.555555556,5,2,7,3,3,4,3,3,3,3,3,3,3,2,2,4,2,2.857142857,2,3,2,4,4,2,2.75,5,4,4,4.333333333,2,2,2,1,1,1,1,1.428571429,4,3,1,2,3,3,8,1,3.125,30,3,1,3,2.333333333,20,11,159,30,55,1,1,2,6,7,6,6,5,6,6,2,5,4,4,2,6,2,6,6,2,6,4.875,5,3,6,4,2,7,3,4.166666667,5,3,4,3,6,2,3,4,6,4,3.625,5,4,5,4,4,5,4,5,5,4.555555556,3,4,4,3.666666667,2,2,1,1,2,2,1,2,1,1,1.5,3,2,1,2,2,6,6,Jarom Tracy ,4,2,1,4,
12/10/2025 18:57,12/10/2025 19:16,157.201.97.5,1132,1,4,5,4,3,2,2,4,5,2,4,3,4,3,3,3,4,4,3,3,3,3.4,6,6,6,6,6,6,5,6,6,6,6,5.8,6,6,6,6,6,6,15,17,17,16,15,17,17,16.28571429,1,1,1,1,1,1,4,3,3,4,5,4,3,3.714285714,2,1,3,2,3,2,4,5,2,3,2,2,4,1,5,1,3,3,2.666666667,5,5,5,5,5,5,2,3,3,4,2,4,2,4,3,3,3,2.714285714,3,3,4,2,4,2,2.5,2,3,2,2.333333333,2,2,3,2,2,2,3,2.285714286,7,4,6,2,5,4,6,4,4.75,338,4,4,4,4,272,0,300,120,173,2,,,8,,,,,,8,,,,,,8,,8,,,8,8,,8,,,,,,8,,8,,,,8,,,,,8,,,,,,,,,,#DIV/0!,,,,#DIV/0!,,,,,,,,,,,#DIV/0!,,,,,#DIV/0!,6,6,Joshua Owens,3,1,1,4,
12/10/2025 19:32,12/10/2025 19:48,38.43.8.40,951,1,2,5,2,5,5,1,6,2,1,6,1,5,2,4,2,2,4,4,2,4,3.25,7,7,7,7,7,7,7,7,7,7,7,7,7,7,7,7,7,7,13,13,13,13,13,13,13,13,1,2,3,3,3,2.4,1,1,1,1,6,1,1,1.714285714,4,3,5,3,5,5,5,5,2,5,2,2,5,2,5,2,4,2,3.666666667,7,7,7,7,7,7,3,3,3,5,1,3,3,1,3,3,4,2.571428571,2,2,4,2,4,2,2,5,1,1,2.333333333,1,1,1,1,1,1,2,1.142857143,7,7,2,2,4,5,6,4,4.625,491,1,1,5,2.333333333,172,0,291,190,163.25,1,1,1,7,7,7,7,7,7,7,6,6,5,5,1,7,1,7,6,2,6,6,1,7,1,1,6,2,5,3.666666667,5,3,2,1,4,4,3,3,1,1,2.25,7,7,7,7,7,5,7,7,7,6.777777778,4,4,4,4,1,1,1,2,1,1,1,1,1,1,1.1,1,1,1,1,1,7,7,Alloa Day,4,1,1,4,
12/10/2025 19:40,12/10/2025 20:01,157.201.98.1,1213,1,4,4,3,4,4,3,2,4,1,4,4,5,3,3,2,2,4,3,3,4,3.3,3,4,4,2,4,3.4,4,5,5,2,4,4,5,2,4,3,4,3.6,17,16,16,16,16,16,16,16.14285714,3,3,2,2,4,2.8,1,1,1,5,1,1,1,1.571428571,4,3,4,4,4,2,3,3,4,4,3,2,3,2,5,2,4,5,3.388888889,6,6,4,7,6,5.8,3,3,3,3,3,3,3,3,3,3,4,3.142857143,5,5,4,2,3,3,3.75,2,3,2,2.333333333,3,2,3,3,1,3,3,2.571428571,3,3,1,2,2,3,8,1,2.875,388,5,3,3,3.666666667,478,170,767,331,436.5,2,,,8,,,,,,8,,,,,,8,,8,,,8,8,,8,,,,,,8,,8,,,,8,,,,,8,,,,,,,,,,#DIV/0!,,,,#DIV/0!,,,,,,,,,,,#DIV/0!,,,,,#DIV/0!,6,6,Reagan Krogh,1,2,1,4,
12/10/2025 19:35,12/10/2025 20:28,157.201.96.100,3171,1,5,2,3,3,2,5,2,6,1,2,5,2,4,2,5,2,1,1,3,1,2.85,3,6,2,2,5,3.6,7,5,6,3,7,5.6,6,6,6,7,3,5.6,14,15,14,13,18,17,13,14.85714286,2,2,1,2,1,1.6,2,2,5,6,6,3,4,4,2,3,5,4,2,3,5,3,1,4,3,2,5,1,4,2,4,3,3.111111111,6,6,4,2,7,5,5,4,2,4,2,2,4,1,2,4,1,2.714285714,4,3,3,3,3,3,3.25,4,2,3,3,3,2,2,1,1,1,4,2,8,5,3,2,5,5,8,3,4.875,45,1,1,3,1.666666667,123,0,200,32,88.75,1,1,5,3,6,6,3,4,6,4.666666667,1,4,4,6,1,7,2,6,2,1,7,4.625,4,4,1,2,4,2,5,3,7,1,1,2,2,6,6,6,6,2,3.75,3,3,6,2,5,2,5,4,4,3.777777778,5,5,4,4.666666667,1,1,1,2,1,2,2,1,1,2,1.4,1,1,1,1,1,6,6,Abigail Bailey,4,1,1,4,
12/10/2025 21:07,12/10/2025 21:26,205.185.107.19,1133,1,2,2,2,5,4,4,3,4,2,5,4,3,5,4,3,3,4,4,4,4,3.55,6,6,7,7,5,6.2,5,6,6,5,6,5.6,5,4,4,5,4,4.4,13,15,14,14,16,17,17,15.14285714,3,2,2,1,1,1.8,3,3,3,5,5,4,3,3.714285714,3,3,4,2,3,1,4,4,2,3,2,1,3,1,5,2,3,2,2.666666667,6,6,6,6,6,6,3,3,3,4,2,3,3,4,3,3,2,2.857142857,3,3,4,2,4,2,2.5,3,3,3,3,3,2,2,2,2,2,2,2.142857143,3,4,1,1,1,1,8,3,2.75,132,4,1,4,3,158,0,138,80,94,1,2,2,6,6,6,6,7,7,6.333333333,7,7,5,4,3,5,3,5,5,3,5,5.375,5,3,6,6,5,5,4,4.833333333,6,2,6,6,6,2,4,4,4,4,4,6,6,6,6,7,7,6,7,7,6.444444444,5,5,5,5,1,1,1,1,1,1,1,1,1,1,1,1,1,1,1,1,7,6,Avery Clark,1,1,1,4,
12/10/2025 22:15,12/10/2025 22:54,205.185.107.19,2347,1,2,4,3,5,4,3,4,3,3,4,4,4,4,4,3,3,4,4,3,5,3.65,5,5,6,5,5,5.2,5,5,5,5,5,5,5,5,5,5,5,5,14,14,14,14,17,15,14,14.57142857,1,2,1,1,2,1.4,5,2,4,5,6,3,4,4.142857143,3,2,3,2,3,1,5,5,2,4,2,3,4,1,5,1,4,2,2.888888889,6,6,6,6,5,5.8,3,5,1,5,1,5,1,2,4,2,3,1.857142857,2,3,5,1,5,1,1.75,2,3,3,2.666666667,1,1,1,1,1,1,2,1.142857143,4,4,1,3,3,4,3,3,3.125,59,4,1,4,3,119,0,173,60,88,2,,,8,,,,,,8,,,,,,8,,8,,,8,8,,8,,,,,,8,,8,,,,8,,,,,8,,,,,,,,,,#DIV/0!,,,,#DIV/0!,,,,,,,,,,,#DIV/0!,,,,,#DIV/0!,4,4,Isabella Cottle ,1,1,1,4,
12/10/2025 22:12,12/10/2025 23:03,205.185.110.132,3066,1,3,5,4,5,2,4,5,4,2,5,2,4,5,3,3,3,6,4,2,4,3.75,5,6,5,2,5,4.6,6,6,7,2,6,5.4,4,2,3,5,3,3.4,17,17,15,13,17,15,16,15.71428571,1,3,2,1,2,1.8,4,6,6,5,6,5,5,5.285714286,4,2,5,2,1,3,5,4,2,5,2,3,3,2,4,2,4,3,3.111111111,6,6,7,6,5,6,3,3,3,3,3,4,2,3,4,2,2,2.571428571,2,3,4,2,4,2,2.25,2,3,2,2.333333333,2,1,2,2,2,1,3,1.857142857,7,7,1,1,4,2,8,4,4.25,0,1,1,3,1.666666667,55,0,85,0,35,2,,,8,,,,,,8,,,,,,8,,8,,,8,8,,8,,,,,,8,,8,,,,8,,,,,8,,,,,,,,,,#DIV/0!,,,,#DIV/0!,,,,,,,,,,,#DIV/0!,,,,,#DIV/0!,6,4,Hazel Kearl,4,1,1,4,
12/10/2025 23:33,12/10/2025 23:51,108.147.29.50,1086,1,2,5,,5,4,2,4,2,1,2,2,5,1,5,3,2,5,5,1,5,3.210526316,6,6,7,7,5,6.2,6,6,6,6,6,6,7,4,5,6,7,5.8,13,16,14,13,13,13,13,13.57142857,1,2,1,1,1,1.2,1,1,2,4,6,2,2,2.571428571,2,2,5,1,3,1,4,4,2,4,1,1,3,1,3,1,4,1,2.388888889,4,6,6,2,6,4.8,3,4,2,4,2,4,2,2,4,2,2,2.142857143,1,3,3,3,4,2,2.25,3,1,2,2,1,2,1,1,1,2,2,1.428571429,7,5,4,2,4,5,2,3,4,140,5,4,1,3.333333333,150,0,183,0,83.25,1,1,3,5,6,6,5,6,6,5.666666667,1,4,2,6,3,5,5,3,3,2,6,3.75,6,2,3,3,2,3,2,2.5,4,4,5,5,2,6,6,3,2,3,4.25,6,4,6,6,6,5,6,6,6,5.666666667,4,4,4,4,1,2,1,1,1,1,1,1,1,2,1.2,1,1,1,1,1,6,6,Owen Breckenridge,4,1,1,4,
12/10/2025 23:40,12/11/2025 0:06,205.185.107.47,1533,1,3,4,4,5,3,2,2,3,1,4,3,4,4,4,4,3,5,5,2,4,3.45,6,6,6,6,4,5.6,5,6,4,6,6,5.4,6,3,3,5,5,4.4,13,14,14,13,13,16,14,13.85714286,3,3,3,1,4,2.8,3,5,2,6,5,6,4,4.428571429,2,4,3,3,2,1,3,4,1,4,2,3,4,1,4,2,4,5,2.888888889,3,5,5,4,2,3.8,3,2,4,3,3,3,3,4,3,3,4,3.428571429,5,5,3,3,4,2,3.75,4,4,4,4,2,2,3,4,4,3,3,3,6,2,1,2,3,1,6,4,3.125,195,4,1,5,3.333333333,200,300,10,60,142.5,1,1,4,4,4,6,4,5,4,4.5,2,4,3,5,3,5,3,5,2,3,5,3.875,2,6,5,5,4,6,3,4.833333333,1,7,5,6,1,7,7,6,6,6,6.25,5,5,6,3,4,2,5,5,5,4.444444444,5,5,5,5,1,2,2,1,1,1,1,1,1,1,1.2,1,1,1,1,1,7,7,Madeline Carlile,4,1,1,4,
12/11/2025 10:04,12/11/2025 10:18,157.201.98.1,841,1,3,4,4,5,3,3,4,2,4,3,4,5,4,4,3,5,4,3,4,3,3.7,5,5,6,6,6,5.6,6,6,6,6,6,6,6,5,5,4,3,4.6,15,17,15,15,15,16,14,15.28571429,1,1,1,1,2,1.2,5,2,3,3,5,2,2,3.142857143,5,1,3,1,4,1,5,5,1,4,1,2,4,1,5,1,5,1,2.777777778,6,6,6,7,7,6.4,2,5,1,5,1,4,2,1,4,2,1,1.428571429,1,2,4,2,4,2,1.75,2,2,2,2,1,1,1,1,1,1,2,1.142857143,4,5,1,4,3,4,8,4,4.125,295,5,5,5,5,300,0,570,374,311,2,,,8,,,,,,8,,,,,,8,,8,,,8,8,,8,,,,,,8,,8,,,,8,,,,,8,,,,,,,,,,#DIV/0!,,,,#DIV/0!,,,,,,,,,,,#DIV/0!,,,,,#DIV/0!,6,7,TJ Cottle,1,1,1,4,
12/11/2025 11:37,12/11/2025 12:15,216.128.237.129,2290,1,4,3,3,4,3,5,4,4,2,4,3,5,5,3,4,4,5,4,3,3,3.75,7,7,7,7,7,7,6,6,6,7,7,6.4,6,5,6,6,6,5.8,17,17,15,14,14,16,17,15.71428571,1,3,1,2,2,1.8,5,3,5,4,7,2,5,4.428571429,4,2,3,2,3,2,4,5,2,4,2,2,4,2,4,1,4,2,2.888888889,7,7,7,7,7,7,3,4,2,4,2,4,2,2,4,2,2,2.142857143,3,2,4,2,5,1,2,2,1,1,1.333333333,2,2,2,2,2,2,2,2,8,4,7,3,7,4,8,7,6,126,5,1,6,4,100,0,152,90,85.5,1,1,3,5,6,6,7,6,6,6,5,6,4,4,2,6,2,6,5,2,6,5.25,6,2,6,6,6,5,6,5.166666667,6,2,5,5,3,5,4,,2,3,3.714285714,7,7,7,6,6,5,6,6,6,6.222222222,4,4,4,4,1,1,1,1,1,1,1,1,1,1,1,1,1,1,1,1,7,7,Nathan Moses,3,2,1,4,
12/11/2025 12:58,12/11/2025 13:08,172.225.80.168,634,1,3,5,4,5,5,3,5,4,3,5,,,,,,,,,,,4.2,,,,,,#DIV/0!,,,,,,#DIV/0!,,,,,,#DIV/0!,,,,,,,,#DIV/0!,2,2,2,1,1,1.6,6,6,6,6,6,6,6,6,3,2,4,2,2,2,4,4,2,5,2,2,4,2,4,2,3,2,2.833333333,6,6,7,6,6,6.2,2,4,2,4,2,4,2,2,4,2,2,2,1,1,4,2,4,2,1.5,4,4,4,4,4,2,3,3,3,3,4,3.142857143,4,1,1,1,3,2,8,6,3.25,169,5,5,5,5,308,243,311,252,278.5,2,,,8,,,,,,8,,,,,,8,,8,,,8,8,,8,,,,,,8,,8,,,,8,,,,,8,,,,,,,,,,#DIV/0!,,,,#DIV/0!,,,,,,,,,,,#DIV/0!,,,,,#DIV/0!,7,7,Joseph Hokulani,4,1,1,4,
12/11/2025 12:52,12/11/2025 14:18,192.225.189.130,5150,1,6,4,5,2,2,4,5,4,1,3,4,3,2,3,4,4,5,3,1,3,3.4,6,7,7,6,7,6.6,6,6,7,7,7,6.6,6,5,4,6,7,5.6,13,13,13,13,13,13,13,13,1,1,2,2,1,1.4,1,1,4,3,5,4,1,2.714285714,4,2,4,4,1,2,5,5,1,5,2,1,5,2,5,1,5,5,3.277777778,7,7,7,7,7,7,3,4,2,5,1,5,1,2,5,1,2,1.714285714,4,3,4,2,4,2,2.75,3,1,2,2,3,3,3,1,1,3,4,2.571428571,3,1,2,1,2,4,8,1,2.75,269,4,1,4,3,507,10,1000,317,458.5,1,1,1,7,7,7,7,7,7,7,4,6,2,6,1,7,1,7,7,1,7,5.75,2,6,2,4,6,3,3,4,6,2,2,2,2,6,3,2,5,5,3.375,7,7,7,5,5,5,7,6,7,6.222222222,5,5,5,5,1,1,1,1,1,1,1,1,1,1,1,2,4,2,3,2.75,7,7,Julia Conover,2,2,1,4,
12/11/2025 14:38,12/11/2025 14:55,199.19.117.11,1031,1,3,4,2,5,4,2,4,3,2,5,2,4,3,5,3,4,5,4,3,4,3.55,6,6,6,6,5,5.8,6,5,5,6,6,5.6,5,4,4,5,6,4.8,14,14,14,14,14,15,14,14.14285714,2,3,1,1,2,1.8,6,5,2,5,6,2,5,4.428571429,4,3,4,2,3,3,5,5,1,4,2,2,4,2,4,2,4,1,3.055555556,6,6,6,6,3,5.4,3,4,2,4,2,3,3,3,4,2,3,2.571428571,2,2,4,2,4,2,2,2,3,2,2.333333333,3,2,3,2,1,1,3,2.142857143,6,5,4,2,4,5,8,6,5,152,3,4,5,4,245,0,254,86,146.25,2,,,8,,,,,,8,,,,,,8,,8,,,8,8,,8,,,,,,8,,8,,,,8,,,,,8,,,,,,,,,,#DIV/0!,,,,#DIV/0!,,,,,,,,,,,#DIV/0!,,,,,#DIV/0!,6,7,Maurianne Bradford,3,1,1,4,
12/11/2025 15:35,12/11/2025 15:56,157.201.96.100,1309,1,4,5,1,5,2,3,3,3,1,5,2,4,2,3,3,5,5,5,2,4,3.35,6,6,6,6,6,6,4,6,6,6,6,5.6,5,2,6,5,6,4.8,17,17,18,14,14,17,14,15.85714286,1,1,1,1,3,1.4,2,1,2,2,5,1,2,2.142857143,4,2,5,1,2,1,5,3,2,3,1,1,4,1,5,2,5,2,2.722222222,4,5,4,6,3,4.4,3,4,2,4,2,4,2,1,4,2,3,2.142857143,2,2,5,1,5,1,1.5,2,2,4,2.666666667,1,1,1,1,1,1,2,1.142857143,5,3,2,3,2,7,8,1,3.875,130,5,4,1,3.333333333,10,0,600,0,152.5,1,1,4,4,3,6,4,4,5,4.333333333,1,6,2,7,3,5,3,5,4,3,5,4.375,7,1,1,1,4,4,5,2.666666667,7,1,1,1,1,7,1,1,1,1,1.75,6,5,7,3,4,2,6,5,5,4.777777778,5,5,5,5,1,2,1,3,1,1,1,1,1,1,1.3,4,4,2,1,2.75,7,7,Michael Fitzpatrick,3,2,1,4,
12/10/2025 14:17,12/11/2025 16:15,205.185.107.19,93489,1,5,4,4,4,4,3,5,4,4,5,5,5,5,4,3,4,4,6,5,4,4.35,7,6,6,7,6,6.4,6,5,6,6,6,5.8,5,2,5,5,4,4.2,15,15,16,14,17,16,16,15.57142857,2,2,1,1,1,1.4,3,2,4,6,7,5,4,4.428571429,3,3,2,3,3,2,4,4,3,4,2,2,4,2,4,3,4,2,3,5,6,5,4,3,4.6,3,3,3,2,4,2,4,2,3,3,2,3,3,3,4,2,3,3,2.75,3,3,3,3,2,3,3,3,2,3,2,2.571428571,5,3,5,4,3,2,8,5,4.375,125,5,3,5,4.333333333,423,269,304,161,289.25,1,1,5,3,5,5,4,6,6,4.833333333,1,5,4,5,3,5,3,5,4,2,6,4.375,7,1,4,5,6,6,5,4.5,2,6,3,2,3,5,1,2,3,2,3,6,4,6,5,5,3,4,4,3,4.444444444,5,5,5,5,1,2,1,1,1,1,1,1,1,1,1.1,3,2,1,1,1.75,6,7,Estonia Luke,4,1,1,4,
12/11/2025 16:14,12/11/2025 16:28,205.185.110.74,825,1,4,2,3,3,4,4,4,4,3,3,4,4,5,3,4,3,4,3,3,3,3.5,5,5,5,5,5,5,5,5,5,5,5,5,5,5,5,6,5,5.2,17,17,15,17,15,16,17,16.28571429,1,1,1,1,1,1,4,4,3,3,5,3,3,3.571428571,1,3,3,3,3,1,3,4,1,4,2,1,3,1,5,2,4,2,2.555555556,5,5,5,5,4,4.8,2,4,2,4,2,4,2,2,4,2,2,2,3,4,4,2,4,2,2.75,1,1,1,1,3,2,3,3,3,2,2,2.571428571,4,4,2,2,2,1,6,1,2.75,518,7,6,6,6.333333333,542,1,436,488,366.75,1,2,2,6,5,5,5,5,5,5.166666667,3,5,3,5,3,5,4,4,4,4,4,4.125,3,5,3,3,4,3,3,3.5,5,3,3,3,4,4,4,3,3,3,3.25,5,5,5,5,5,5,5,5,5,5,4,4,4,4,1,1,1,1,1,2,1,1,1,1,1.1,1,1,1,1,1,6,6,Randi Pope,3,1,1,4,
12/11/2025 13:49,12/11/2025 17:23,205.185.107.51,12840,1,4,2,4,4,3,4,2,4,2,3,3,3,4,2,5,4,4,3,2,3,3.25,6,7,7,7,7,6.8,6,7,7,7,7,6.8,7,5,6,7,6,6.2,13,14,13,13,13,15,14,13.57142857,2,1,1,1,1,1.2,4,2,2,4,6,3,2,3.285714286,5,2,4,4,3,2,5,5,3,4,2,3,5,1,5,1,5,3,3.444444444,6,7,7,7,6,6.6,4,4,2,4,2,3,3,3,4,2,5,3,3,4,5,1,2,4,3,2,1,1,1.333333333,2,1,3,1,1,1,3,1.714285714,3,4,1,3,2,4,8,1,3.25,90,1,2,3,2,90,3,243,59,98.75,1,1,2,6,6,6,7,6,6,6.166666667,5,5,5,3,2,6,1,7,7,1,7,5.625,2,6,5,3,7,6,7,5.666666667,6,2,3,2,6,2,5,2,3,3,2.75,7,7,7,6,6,6,7,7,6,6.555555556,5,5,5,5,2,1,1,4,1,1,1,1,1,2,1.5,1,1,2,1,1.25,7,7,Dylan Wright,1,1,1,4,
12/11/2025 17:17,12/11/2025 17:39,205.185.105.15,1286,1,4,4,5,2,2,4,2,5,3,2,5,4,6,3,3,3,3,3,4,3,3.5,6,5,5,5,7,5.6,2,3,5,5,5,4,3,5,5,3,2,3.6,17,18,17,18,19,17,17,17.57142857,3,2,3,2,1,2.2,6,6,3,6,5,3,5,4.857142857,2,2,3,3,2,3,4,2,3,3,2,2,4,2,3,2,2,4,2.666666667,3,2,3,1,2,2.2,4,2,4,2,4,2,4,2,4,2,2,3.142857143,4,4,2,4,3,3,3.75,5,4,4,4.333333333,3,2,4,2,2,1,3,2.428571429,3,4,1,4,2,1,8,3,3.25,139,6,9,5,6.666666667,390,299,499,180,342,1,1,3,5,6,6,6,6,6,5.833333333,3,5,5,6,2,6,2,6,6,3,5,5.25,2,6,5,7,5,6,3,5.333333333,1,7,5,7,2,6,5,5,6,6,5.875,6,6,6,6,6,6,6,6,6,6,5,5,5,5,1,2,1,1,1,1,1,2,2,2,1.4,3,1,1,3,2,6,6,Hayley Branchflower,4,2,1,4,
12/11/2025 17:20,12/11/2025 17:56,192.225.180.2,2157,1,2,4,2,5,5,1,6,2,2,5,2,5,2,5,4,2,4,5,2,5,3.5,5,6,6,6,6,5.8,6,6,6,6,6,6,6,6,6,6,6,6,14,14,14,14,14,16,15,14.42857143,1,1,1,1,2,1.2,1,1,1,1,5,2,1,1.714285714,4,2,3,2,3,1,5,4,1,5,1,2,5,1,5,1,5,2,2.888888889,7,7,7,7,7,7,2,4,2,4,2,4,2,1,4,2,1,1.714285714,3,2,4,2,4,2,2.25,1,1,2,1.333333333,1,1,1,1,1,1,1,1,3,4,2,2,4,4,7,1,3.375,60,1,1,3,1.666666667,121,180,180,29,127.5,1,1,5,3,5,5,4,4,5,4.333333333,2,2,3,5,2,6,2,6,5,5,3,4,3,5,3,3,5,4,4,4,2,6,3,3,2,6,5,2,2,2,3.625,5,4,5,5,5,5,5,5,5,4.888888889,4,4,4,4,1,2,1,1,1,1,1,1,1,1,1.1,4,4,2,2,3,7,7,Kaley Miller,1,1,1,4,
12/11/2025 17:58,12/11/2025 18:16,192.225.189.94,1037,1,3,5,2,3,3,4,2,3,1,4,4,3,1,4,4,5,5,3,2,3,3.2,4,6,6,3,6,5,4,5,6,5,6,5.2,6,4,5,6,6,5.4,17,17,15,14,17,15,14,15.57142857,1,1,2,1,1,1.2,1,1,1,4,3,4,4,2.571428571,2,2,4,2,1,2,4,3,1,4,1,1,3,1,4,1,3,4,2.388888889,5,5,5,4,5,4.8,3,4,2,4,2,3,3,3,3,3,3,2.714285714,4,4,3,3,3,3,3.5,3,3,3,3,2,2,2,2,2,2,4,2.285714286,5,4,2,4,4,2,7,1,3.625,311,6,6,4,5.333333333,197,1,191,32,105.25,1,1,4,4,5,5,4,5,5,4.666666667,5,3,3,6,4,4,5,3,3,5,3,3.75,3,5,2,2,4,5,5,3.833333333,1,7,2,5,1,7,1,1,1,2,3.25,3,3,5,3,3,4,5,4,4,3.777777778,5,5,5,5,1,1,1,1,1,1,1,1,1,1,1,1,1,1,1,1,6,6,Annie Satterthwaite ,4,2,1,4,
12/11/2025 18:09,12/11/2025 18:35,157.201.96.100,1569,1,4,4,4,5,4,3,4,5,1,4,3,6,6,4,3,3,3,4,4,1,3.75,6,6,6,6,5,5.8,3,5,6,7,7,5.6,5,5,3,6,5,4.8,13,14,14,13,13,16,15,14,1,1,1,1,1,1,2,3,4,4,5,3,2,3.285714286,4,1,3,1,2,2,3,3,3,2,1,1,2,1,3,1,4,4,2.277777778,2,2,5,2,1,2.4,2,3,3,3,3,3,3,3,4,2,3,2.714285714,4,4,3,3,3,3,3.5,4,3,3,3.333333333,2,2,2,2,1,1,1,1.571428571,6,5,3,2,4,2,8,6,4.5,141,3,2,1,2,189,0,217,45,112.75,1,1,2,6,5,6,4,5,5,5.166666667,3,5,2,5,3,5,3,5,5,4,4,4.25,2,6,7,7,7,5,3,5.833333333,1,7,3,5,3,5,5,5,5,5,5,5,5,5,4,4,2,5,6,6,4.666666667,4,4,4,4,1,1,1,1,1,1,1,1,1,1,1,1,1,1,1,1,6,6,Jacob Burningham,4,2,1,4,
12/11/2025 18:46,12/11/2025 19:12,4.8.149.170,1555,1,5,2,5,2,2,5,5,5,2,2,5,2,5,2,2,5,5,4,5,2,3.6,6,5,6,6,6,5.8,4,6,6,6,6,5.6,6,6,6,6,5,5.8,14,14,14,14,17,14,17,14.85714286,3,3,3,1,1,2.2,,,,,,,,#DIV/0!,3,3,3,3,1,3,3,2,4,3,2,4,3,3,4,2,3,4,2.944444444,4,4,4,5,3,4,3,4,2,4,2,3,3,2,4,2,2,2.285714286,5,5,3,3,3,3,4,2,4,3,3,2,3,3,3,3,2,3,2.714285714,3,4,1,3,2,5,8,2,3.5,123,5,1,4,3.333333333,154,0,228,54,109,1,2,7,1,4,6,2,4,2,3.166666667,1,1,1,7,,8,5,3,1,1,7,3.625,7,1,7,1,1,1,1,2,7,1,7,7,2,6,4,7,7,7,5.75,1,1,1,1,1,1,1,1,1,1,5,5,5,5,1,1,1,1,1,1,1,1,1,2,1.1,5,1,3,2,2.75,6,6,Cade Chandler,1,2,1,4,
12/11/2025 20:27,12/11/2025 21:00,205.185.98.55,1981,1,3,4,4,5,2,4,3,3,2,3,4,3,3,3,4,3,5,3,5,4,3.5,3,5,6,6,6,5.2,6,6,6,6,6,6,5,5,4,5,4,4.6,14,14,14,15,14,14,14,14.14285714,1,1,1,1,1,1,4,3,3,3,6,2,3,3.428571429,4,1,4,1,3,2,4,4,2,4,1,1,4,1,4,1,4,2,2.611111111,6,6,6,6,6,6,3,4,2,4,2,4,2,2,4,2,2,2.142857143,2,2,4,2,4,2,2,1,1,1,1,1,1,1,1,1,1,1,1,6,4,3,3,6,6,7,5,5,101,3,4,1,2.666666667,201,3,211,3,104.5,2,,,8,,,,,,8,,,,,,8,,8,,,8,8,,8,,,,,,8,,8,,,,8,,,,,8,,,,,,,,,,#DIV/0!,,,,#DIV/0!,,,,,,,,,,,#DIV/0!,,,,,#DIV/0!,7,7,Henry Niko,3,1,1,4,
12/11/2025 21:09,12/11/2025 21:42,216.128.237.134,2015,1,5,3,3,4,2,4,3,5,1,3,3,4,4,4,4,4,4,3,4,3,3.5,5,6,6,6,5,5.6,7,5,6,5,6,5.8,5,5,4,5,5,4.8,14,17,15,17,14,19,15,15.85714286,2,1,3,1,2,1.8,5,5,3,6,6,3,5,4.714285714,2,3,3,4,3,1,2,3,3,3,1,2,4,2,4,2,3,3,2.666666667,4,5,5,2,3,3.8,3,3,3,3,3,3,3,3,3,3,3,3,4,4,4,2,4,2,3,4,3,3,3.333333333,2,2,2,2,1,2,3,2,5,4,6,2,4,3,8,7,4.875,90,5,2,3,3.333333333,120,0,300,30,112.5,2,,,8,,,,,,8,,,,,,8,,8,,,8,8,,8,,,,,,8,,8,,,,8,,,,,8,,,,,,,,,,#DIV/0!,,,,#DIV/0!,,,,,,,,,,,#DIV/0!,,,,,#DIV/0!,4,4,Joseph Kent,4,1,1,4,
12/11/2025 21:45,12/11/2025 22:20,205.185.107.16,2095,1,6,3,5,4,4,3,3,5,3,5,6,4,5,3,5,6,6,1,4,3,4.2,6,6,6,6,6,6,6,6,6,6,6,6,5,6,5,6,5,5.4,14,17,14,13,13,14,14,14.14285714,1,2,1,1,1,1.2,2,2,2,5,3,3,2,2.714285714,3,2,3,2,2,2,4,4,2,5,1,2,3,1,4,1,3,1,2.5,5,6,3,6,3,4.6,4,3,3,4,2,4,2,4,3,3,2,2.857142857,2,3,4,2,4,2,2.25,4,4,4,4,3,3,2,2,1,2,3,2.285714286,6,7,5,2,2,2,8,2,4.25,706,7,1,1,3,1000,390,645,10,511.25,1,1,5,3,6,6,6,6,6,5.5,6,7,4,3,1,7,5,3,5,1,7,5.25,2,6,6,3,6,6,6,5.5,7,1,4,6,1,7,6,4,5,5,4.75,6,6,6,6,6,6,6,6,6,6,5,5,5,5,1,1,1,1,1,1,1,1,1,1,1,4,4,1,1,2.5,7,7,Natasha Rodriguez,4,2,1,4,
12/11/2025 14:38,12/11/2025 23:55,67.61.22.144,33428,1,6,5,4,4,4,4,2,5,4,4,6,5,3,4,3,4,6,4,5,5,4.35,7,6,6,6,5,6,4,5,6,5,7,5.4,,,,,,#DIV/0!,17,17,15,13,13,18,18,15.85714286,4,4,4,1,1,2.8,3,5,1,6,5,2,5,3.857142857,4,4,3,5,2,3,2,2,4,4,1,5,5,5,5,1,3,5,3.5,3,3,3,5,3,3.4,5,4,2,3,3,3,3,5,2,4,3,3.571428571,5,5,1,5,1,5,5,1,3,3,2.333333333,2,3,3,3,2,3,3,2.714285714,5,3,1,2,1,6,8,1,3.375,109,8,5,4,5.666666667,302,202,98,291,223.25,1,1,2,6,6,6,6,6,6,6,4,5,5,4,1,7,1,7,7,1,7,5.75,1,7,7,7,6,7,5,6.5,1,7,7,7,1,7,6,6,6,4,6.25,5,5,6,4,5,5,7,7,7,5.666666667,5,5,5,5,1,1,1,1,1,1,1,1,1,1,1,2,2,1,1,1.5,7,7,Chrislin Meus,1,2,1,4,
12/11/2025 16:44,12/12/2025 1:43,192.225.189.130,32333,1,2,3,4,3,2,2,4,4,2,4,5,4,6,2,3,3,6,3,3,3,3.4,5,5,5,4,5,4.8,5,6,6,3,5,5,5,1,3,3,2,2.8,14,15,14,16,17,18,19,16.14285714,2,3,4,1,2,2.4,5,5,4,6,4,5,3,4.571428571,3,4,3,4,2,3,2,3,3,3,2,3,2,2,2,3,3,4,2.833333333,6,6,6,6,6,6,2,4,2,3,3,3,3,3,4,2,3,2.571428571,5,5,3,3,3,3,4,4,3,3,3.333333333,2,2,2,3,1,1,3,2,4,1,3,2,2,1,2,1,2,205,5,4,5,4.666666667,300,187,372,11,217.5,2,,,8,,,,,,8,,,,,,8,,8,,,8,8,,8,,,,,,8,,8,,,,8,,,,,8,,,,,,,,,,#DIV/0!,,,,#DIV/0!,,,,,,,,,,,#DIV/0!,,,,,#DIV/0!,6,6,Ellie Ping,4,1,1,4,
12/12/2025 7:33,12/12/2025 7:57,205.185.107.33,1440,1,4,3,3,3,4,2,4,4,1,3,4,3,5,3,4,4,4,5,4,3,3.5,6,6,6,6,6,6,2,6,6,6,6,5.2,7,5,6,7,7,6.4,14,14,14,14,14,15,14,14.14285714,1,1,1,1,1,1,6,1,2,2,5,1,1,2.571428571,3,3,4,1,4,2,3,5,1,4,1,2,5,1,4,1,5,2,2.833333333,5,7,7,7,6,6.4,1,4,2,5,1,5,1,2,5,1,1,1.285714286,2,2,4,2,4,2,2,1,1,2,1.333333333,1,1,1,1,1,1,3,1.285714286,1,1,3,2,4,3,6,1,2.625,51,3,1,4,2.666666667,90,0,490,62,160.5,1,2,5,3,5,6,6,4,6,5,4,6,6,4,4,4,2,6,6,1,7,5.375,2,6,1,6,1,4,6,4,6,2,5,6,3,5,5,1,1,6,3.875,5,6,6,4,3,5,6,6,6,5.222222222,5,5,5,5,1,1,1,1,1,1,1,1,1,1,1,1,1,1,1,1,7,7,Leon F. Correa,1,1,1,4,
12/12/2025 8:09,12/12/2025 8:39,157.201.96.100,1743,1,4,4,3,4,3,4,3,3,2,5,4,5,4,4,4,2,4,5,4,4,3.75,7,6,7,6,4,6,6,6,6,6,5,5.8,6,5,6,6,4,5.4,14,16,16,14,17,16,14,15.28571429,1,1,2,1,2,1.4,2,5,2,5,7,1,5,3.857142857,3,3,4,2,3,1,4,4,3,4,1,3,4,2,5,1,4,2,2.944444444,6,5,6,6,4,5.4,3,2,4,3,3,4,2,4,3,3,4,3.285714286,3,4,3,3,4,2,3,3,3,2,2.666666667,2,2,2,3,3,2,2,2.285714286,6,4,4,1,5,1,7,5,4.125,84,5,1,1,2.333333333,187,8,360,23,144.5,1,1,2,6,3,5,4,5,6,4.833333333,1,4,3,6,6,2,4,4,6,6,2,3.5,7,1,2,5,2,1,1,2,6,2,5,1,1,7,1,1,1,1,2.375,7,7,7,3,6,5,7,7,7,6.222222222,4,2,3,3,2,3,3,3,1,1,1,3,1,1,1.9,5,3,1,1,2.5,7,6,Eliza Detton,4,1,1,4,
12/12/2025 8:57,12/12/2025 9:28,157.201.98.1,1857,1,4,2,5,6,1,3,4,2,1,2,5,3,2,4,2,5,6,5,4,6,3.6,7,6,6,7,6,6.4,6,7,7,7,7,6.8,4,2,3,5,3,3.4,15,19,13,13,17,19,13,15.57142857,2,3,2,1,1,1.8,1,5,2,6,7,1,1,3.285714286,3,2,4,2,4,2,4,5,2,4,1,2,3,1,4,2,5,3,2.944444444,5,7,7,6,7,6.4,3,5,1,5,1,3,3,2,5,1,2,1.857142857,3,3,4,2,5,1,2.25,2,3,3,2.666666667,2,2,1,1,2,1,3,1.714285714,4,2,1,2,4,4,8,1,3.25,363,6,2,2,3.333333333,314,0,187,0,125.25,2,,,8,,,,,,8,,,,,,8,,8,,,8,8,,8,,,,,,8,,8,,,,8,,,,,8,,,,,,,,,,#DIV/0!,,,,#DIV/0!,,,,,,,,,,,#DIV/0!,,,,,#DIV/0!,6,6,Rachel Bake,3,2,1,4,
12/12/2025 9:03,12/12/2025 9:44,157.201.96.100,2445,1,4,3,3,2,2,4,4,5,1,2,4,4,3,4,3,2,3,4,2,2,3.05,6,6,7,7,7,6.6,7,7,7,7,7,7,5,5,4,7,4,5,14,14,14,13,17,13,14,14.14285714,1,1,1,2,1,1.2,5,2,6,6,7,4,5,5,5,3,2,4,1,2,3,4,2,4,1,2,4,1,5,4,3,4,3,6,6,6,5,4,5.4,2,5,1,5,1,4,2,3,4,2,2,1.857142857,4,4,4,2,4,2,3,2,2,5,3,2,3,2,1,2,2,2,2,6,1,4,3,1,4,6,1,3.25,400,5,1,1,2.333333333,401,0,280,122,200.75,1,1,5,3,3,5,2,4,2,3.166666667,1,4,1,5,6,2,7,1,1,6,2,2.125,7,1,1,1,1,1,1,1,7,1,1,1,1,7,7,1,1,1,2.5,2,4,4,1,3,1,1,4,3,2.555555556,5,5,4,4.666666667,1,1,3,1,2,1,1,3,1,1,1.5,4,3,1,1,2.25,6,7,Selene Valdivia,3,1,1,4,
12/12/2025 9:16,12/12/2025 9:50,157.201.98.1,2054,1,4,5,3,5,4,3,4,4,5,3,4,5,4,4,4,5,4,4,5,3,4.1,5,6,6,6,6,5.8,6,6,6,6,6,6,6,3,5,6,6,5.2,17,17,17,15,16,15,15,16,1,1,1,1,1,1,2,2,2,5,6,2,2,3,5,1,4,2,3,1,3,3,1,3,2,1,4,1,4,1,5,1,2.5,5,6,5,6,5,5.4,1,4,2,5,1,3,3,1,4,2,1,1.571428571,1,1,5,1,4,2,1.25,3,3,3,3,2,1,2,3,1,1,2,1.714285714,6,5,1,1,5,2,8,5,4.125,100,3,3,4,3.333333333,58,0,241,91,97.5,2,,,8,,,,,,8,,,,,,8,,8,,,8,8,,8,,,,,,8,,8,,,,8,,,,,8,,,,,,,,,,#DIV/0!,,,,#DIV/0!,,,,,,,,,,,#DIV/0!,,,,,#DIV/0!,7,7,Aaron Barclay,4,2,1,4,
12/10/2025 10:19,12/12/2025 10:43,157.201.98.1,174221,1,5,3,4,4,4,2,5,4,1,4,4,5,4,2,4,5,4,,4,2,3.684210526,6,7,7,7,7,6.8,4,6,5,7,7,5.8,5,7,4,6,6,5.6,17,15,16,13,18,15,15,15.57142857,1,2,3,2,1,1.8,1,1,1,6,7,5,6,3.857142857,3,2,3,2,3,1,3,4,1,4,1,1,4,1,5,1,2,2,2.388888889,3,3,5,6,3,4,4,4,2,4,2,3,3,2,3,3,2,2.571428571,3,3,4,2,4,2,2.5,3,3,2,2.666666667,3,1,3,2,1,1,2,1.857142857,8,5,7,3,7,3,8,5,5.75,351,3,1,4,2.666666667,196,3,251,59,127.25,2,,,8,,,,,,8,,,,,,8,,8,,,8,8,,8,,,,,,8,,8,,,,8,,,,,8,,,,,,,,,,#DIV/0!,,,,#DIV/0!,,,,,,,,,,,#DIV/0!,,,,,#DIV/0!,7,7,Kailey Stokes,4,1,1,4,
12/12/2025 12:25,12/12/2025 12:44,205.185.107.100,1154,1,2,5,2,4,3,3,3,4,1,4,3,4,5,3,4,2,4,4,4,4,3.4,7,6,7,7,6,6.6,6,6,6,6,6,6,6,2,5,6,6,5,17,18,14,14,14,18,18,16.14285714,1,2,1,1,2,1.4,2,5,2,2,2,2,2,2.428571429,4,3,4,2,1,1,4,4,1,3,1,1,3,1,4,1,4,2,2.444444444,6,6,6,6,6,6,3,5,1,5,1,4,2,3,4,2,1,1.857142857,2,2,4,2,4,2,2,1,1,1,1,3,3,3,3,2,3,3,2.857142857,3,1,2,2,4,4,7,2,3.125,61,4,6,5,5,100,0,180,0,70,1,1,6,2,2,5,5,6,3,3.833333333,1,2,1,1,2,6,7,1,2,1,7,2.625,7,1,1,1,1,2,1,1.166666667,6,2,2,2,3,5,4,1,1,2,2.375,2,1,6,6,6,1,2,5,5,3.777777778,4,4,4,4,4,3,2,2,2,1,1,1,1,2,1.9,1,1,1,1,1,6,6,Jeremy Boehme,1,1,1,4,
12/11/2025 14:32,12/12/2025 13:05,205.185.107.47,81220,1,4,5,3,5,4,3,5,3,2,4,3,4,2,4,3,3,3,3,3,4,3.5,6,5,6,5,5,5.4,5,5,4,4,5,4.6,3,4,4,4,4,3.8,14,15,13,13,15,16,14,14.28571429,1,2,1,2,1,1.4,2,2,2,3,6,3,5,3.285714286,4,1,3,3,4,2,4,5,2,5,1,3,3,2,4,5,4,3,3.222222222,6,6,4,5,6,5.4,4,3,3,3,3,3,3,2,3,3,4,3.142857143,4,4,3,3,3,3,3.5,1,1,1,1,1,1,1,1,1,1,1,1,3,2,2,2,2,5,7,3,3.25,40,3,1,1,1.666666667,60,0,156,0,54,1,1,2,6,6,6,3,4,5,5,1,4,2,6,2,6,3,5,4,2,6,4.25,3,5,4,5,4,3,1,3.666666667,1,7,3,6,2,6,7,5,6,5,5.625,3,4,5,3,4,1,5,5,5,3.888888889,4,4,4,4,1,1,1,2,1,1,1,1,1,1,1.1,2,1,1,1,1.25,6,6,Amity Hall,3,1,1,4,
12/12/2025 14:34,12/12/2025 16:15,205.185.107.23,6080,1,4,5,3,4,2,3,3,3,2,3,3,4,3,3,2,4,3,4,3,2,3.15,6,5,6,6,6,5.8,5,5,6,6,6,5.6,5,5,5,3,5,4.6,14,14,14,14,14,15,14,14.14285714,2,1,1,1,2,1.4,3,2,2,3,5,2,3,2.857142857,4,2,4,3,3,2,3,4,2,3,2,2,3,2,4,2,4,3,2.888888889,5,6,5,6,5,5.4,3,3,3,3,3,3,3,4,3,3,4,3.285714286,4,4,3,3,3,3,3.5,2,2,2,2,2,2,3,2,2,1,2,2,2,2,1,1,2,3,6,2,2.375,188,3,3,5,3.666666667,146,0,200,98,111,2,,,8,,,,,,8,,,,,,8,,8,,,8,8,,8,,,,,,8,,8,,,,8,,,,,8,,,,,,,,,,#DIV/0!,,,,#DIV/0!,,,,,,,,,,,#DIV/0!,,,,,#DIV/0!,6,6,Hayden Huff,1,1,1,4,
12/12/2025 15:58,12/12/2025 16:47,24.119.222.224,2930,1,4,5,5,5,4,2,5,4,3,4,4,4,5,4,3,4,4,4,4,4,4.05,7,6,6,6,6,6.2,6,6,5,6,6,5.8,6,5,5,6,5,5.4,13,13,13,13,14,13,15,13.42857143,2,1,2,1,1,1.4,5,5,5,6,6,4,4,5,2,2,3,2,1,3,2,2,2,3,1,2,3,1,4,1,3,4,2.277777778,6,6,5,6,4,5.4,3,4,2,4,2,4,2,3,3,3,4,2.714285714,4,3,3,3,3,3,3.25,4,3,3,3.333333333,2,2,3,2,1,1,2,1.857142857,1,4,1,2,1,4,6,1,2.5,25,1,1,1,1,89,182,356,0,156.75,1,1,3,5,6,6,5,4,4,5,3,4,2,4,2,6,3,5,3,2,6,4.125,3,5,6,6,6,6,5,5.666666667,6,2,2,2,6,2,6,3,4,4,3.125,3,2,6,3,2,4,4,4,4,3.555555556,4,4,4,4,1,1,1,1,1,1,1,1,1,1,1,2,1,1,1,1.25,7,7,BreAnn Arnold,1,1,1,4,
12/12/2025 19:19,12/12/2025 19:48,162.245.90.31,1763,1,4,5,2,4,4,3,4,2,1,4,3,4,2,5,2,4,4,4,3,5,3.45,6,6,6,7,6,6.2,6,5,6,7,7,6.2,6,3,4,5,5,4.6,13,13,13,13,17,15,13,13.85714286,2,1,1,1,2,1.4,2,2,2,5,4,2,2,2.714285714,2,2,3,2,3,1,4,4,4,4,1,3,3,3,4,2,2,4,2.833333333,6,6,6,6,3,5.4,3,3,3,4,2,3,3,2,4,2,2,2.428571429,4,4,3,3,3,3,3.5,2,1,1,1.333333333,1,1,1,1,1,1,1,1,4,1,3,4,3,3,6,3,3.375,123,4,1,4,3,188,0,169,63,105,1,1,2,6,6,6,6,6,6,6,2,5,5,2,2,6,2,6,5,2,6,4.625,3,5,5,5,5,5,6,5.166666667,2,6,6,6,3,5,6,5,6,6,5.75,6,4,6,6,6,5,6,6,6,5.666666667,5,5,5,5,1,3,1,1,1,1,1,1,1,1,1.2,1,1,1,1,1,7,7,Sarah Gordon,2,1,1,4,
12/12/2025 20:16,12/12/2025 20:28,205.185.107.19,691,1,5,4,4,3,3,5,4,5,4,6,4,4,4,4,4,4,4,4,4,4,4.15,5,5,5,5,5,5,5,5,5,5,5,5,5,5,5,5,5,5,17,17,17,17,17,17,17,17,4,4,4,4,4,4,5,5,5,5,5,5,5,5,4,4,4,4,3,3,3,4,3,3,3,1,4,1,4,1,3,4,3.111111111,5,5,5,5,5,5,3,3,3,3,3,3,3,3,3,3,3,3,3,3,3,3,3,3,3,3,3,3,3,3,3,3,3,3,3,3,3,7,7,7,2,2,1,8,7,5.125,87,1,1,1,1,10,10,10,10,10,1,1,4,4,4,4,4,4,4,4,4,4,4,4,4,4,4,4,4,4,4,4,4,4,4,4,4,4,4,4,4,4,4,4,4,4,4,4,4,4,4,4,4,4,4,4,4,4,4,4,4,3,3,3,3,3,3,3,3,3,3,3,3,3,3,3,3,3,3,3,3,4,4,Julie Broadbent,3,1,1,4,
12/12/2025 13:16,12/12/2025 21:21,205.185.110.132,29094,1,4,5,2,5,4,1,5,3,1,5,2,6,2,4,2,1,6,5,1,4,3.4,6,6,7,6,5,6,3,5,6,5,7,5.2,7,2,5,6,5,5,13,17,17,13,17,15,14,15.14285714,4,4,3,2,4,3.4,,,,,,,,#DIV/0!,3,2,4,4,4,4,3,3,5,5,2,5,3,4,5,1,3,5,3.611111111,3,5,4,5,2,3.8,5,4,2,4,2,3,3,4,3,3,4,3.285714286,5,5,3,3,3,3,4,2,4,4,3.333333333,3,2,4,1,1,1,3,2.142857143,7,3,3,6,4,5,8,5,5.125,401,5,5,5,5,500,299,501,156,364,1,1,2,6,,7,5,7,6,6.2,7,6,6,5,1,7,1,7,7,1,7,6.5,3,5,3,6,6,5,7,5.333333333,7,1,2,2,6,2,1,1,5,7,2.625,7,7,7,6,6,5,7,7,7,6.555555556,5,5,5,5,1,3,1,4,1,1,1,1,1,1,1.5,1,1,3,1,1.5,7,7,Katie Harmer,2,1,1,4,
12/13/2025 11:31,12/13/2025 11:50,192.225.180.2,1147,1,4,4,4,4,4,4,3,4,3,4,5,4,4,3,4,3,4,3,4,3,3.75,3,4,5,4,5,4.2,4,4,5,5,5,4.6,5,5,5,5,5,5,14,14,14,16,14,17,14,14.71428571,2,2,2,1,1,1.6,4,5,4,5,6,6,6,5.142857143,4,2,3,2,3,3,5,5,3,3,3,3,4,1,4,2,4,4,3.222222222,2,6,4,5,4,4.2,3,4,2,4,2,3,3,3,4,2,3,2.571428571,4,3,3,3,3,3,3.25,2,4,4,3.333333333,3,1,2,3,2,2,2,2.142857143,4,4,1,2,2,4,8,1,3.25,301,4,1,5,3.333333333,360,0,604,125,272.25,1,1,6,2,4,4,3,3,3,3.166666667,1,5,2,5,7,1,5,3,3,6,2,2.75,5,3,3,2,4,2,3,2.833333333,2,6,4,5,4,4,5,5,5,5,4.875,3,3,5,3,3,3,3,3,3,3.222222222,4,4,4,4,1,1,1,1,1,1,3,1,1,1,1.2,3,1,1,1,1.5,7,6,Cody Wilhelmsen,1,1,1,4,
12/13/2025 11:44,12/13/2025 11:52,216.128.237.131,532,1,5,5,5,4,5,4,5,6,5,4,5,5,4,5,4,4,5,5,6,5,4.8,6,6,7,7,6,6.4,6,7,6,7,7,6.6,6,7,7,6,6,6.4,18,19,18,19,18,18,19,18.42857143,1,1,1,1,1,1,4,3,5,4,4,3,2,3.571428571,4,3,4,4,3,3,3,5,4,4,3,4,4,5,4,5,5,4,3.944444444,5,5,7,6,5,5.6,4,5,1,4,2,5,1,4,4,2,4,2.571428571,3,3,3,3,4,2,2.75,2,2,2,2,2,2,2,2,2,2,2,2,5,4,4,5,4,6,5,5,4.75,211,5,1,5,3.666666667,405,254,351,630,410,2,,,8,,,,,,8,,,,,,8,,8,,,8,8,,8,,,,,,8,,8,,,,8,,,,,8,,,,,,,,,,#DIV/0!,,,,#DIV/0!,,,,,,,,,,,#DIV/0!,,,,,#DIV/0!,6,6,Telissa Christensen,3,1,1,4,
12/13/2025 12:00,12/13/2025 12:12,24.117.38.200,676,1,4,5,5,4,4,4,4,4,4,4,4,4,4,4,4,4,4,4,4,4,4.1,5,5,5,5,5,5,5,5,5,5,5,5,5,5,5,5,5,5,16,17,17,16,17,17,17,16.71428571,1,1,1,1,1,1,5,4,4,4,4,4,4,4.142857143,3,2,1,1,1,2,5,3,2,2,1,1,2,1,4,1,5,1,2.111111111,6,6,6,6,5,5.8,3,2,4,4,2,4,2,3,4,2,1,2.428571429,3,3,4,2,4,2,2.5,2,2,2,2,2,2,2,2,2,2,2,2,3,2,1,1,1,4,7,1,2.5,344,4,5,4,4.333333333,296,0,232,224,188,2,,,8,,,,,,8,,,,,,8,,8,,,8,8,,8,,,,,,8,,8,,,,8,,,,,8,,,,,,,,,,#DIV/0!,,,,#DIV/0!,,,,,,,,,,,#DIV/0!,,,,,#DIV/0!,1,1,Parker Smith,1,1,1,4,
12/10/2025 18:55,12/13/2025 12:25,205.185.107.57,235763,1,2,4,3,3,3,5,3,3,3,4,3,5,3,3,3,2,5,3,4,4,3.4,3,5,6,6,7,5.4,6,6,5,5,6,5.6,6,5,5,5,5,5.2,14,15,15,14,17,16,15,15.14285714,2,2,1,2,1,1.6,3,3,2,3,4,3,3,3,4,2,3,2,4,2,4,3,2,4,3,2,3,2,4,2,4,3,2.944444444,5,6,5,5,5,5.2,3,4,2,3,3,3,3,3,3,3,2,2.714285714,3,4,4,2,3,3,3,2,3,3,2.666666667,2,1,2,2,1,2,2,1.714285714,3,4,1,4,2,4,5,1,3,25,6,1,6,4.333333333,294,0,252,261,201.75,1,1,3,5,5,6,6,6,6,5.666666667,6,5,5,3,6,2,5,3,5,3,5,4.25,3,5,3,4,4,5,4,4.166666667,2,6,5,6,3,5,5,5,5,5,5.25,6,5,6,6,6,6,5,6,6,5.777777778,4,4,4,4,1,2,1,2,1,1,1,1,1,1,1.2,1,1,1,1,1,6,6,Alejandra Waite,1,3,1,4,
12/11/2025 17:07,12/13/2025 14:03,192.225.189.130,161789,1,4,4,2,4,3,4,4,3,2,4,3,3,2,4,4,3,4,4,3,3,3.35,6,4,5,3,4,4.4,6,6,6,5,5,5.6,3,3,2,3,3,2.8,14,17,14,17,17,17,14,15.71428571,2,3,1,1,1,1.6,6,2,2,2,5,2,4,3.285714286,4,3,4,3,3,3,4,4,2,4,2,2,4,2,4,2,4,4,3.222222222,6,6,6,6,3,5.4,2,3,3,3,3,2,4,3,3,3,3,3,4,4,3,3,3,3,3.5,1,1,1,1,1,2,2,3,3,3,4,2.571428571,7,2,5,3,5,3,7,1,4.125,576,1,1,5,2.333333333,377,11,11,190,147.25,1,1,5,3,7,4,4,5,5,4.666666667,1,5,4,5,1,7,2,6,5,1,7,5,3,5,6,6,6,6,4,5.5,6,2,2,1,6,2,2,2,2,2,1.875,6,6,6,4,5,3,3,5,5,4.777777778,4,4,4,4,1,3,1,1,1,1,1,1,1,1,1.2,1,1,1,1,1,6,6,Kate Thomas (I am in both classes),4,3,1,4,
12/12/2025 23:20,12/13/2025 14:55,192.187.62.4,56064,1,5,2,5,4,1,4,3,3,1,3,3,4,2,2,2,5,3,3,3,4,3.1,4,6,6,6,5,5.4,2,6,5,6,7,5.2,6,5,4,3,3,4.2,14,17,14,17,14,19,15,15.71428571,2,1,3,3,2,2.2,2,5,2,4,4,2,2,3,4,4,4,4,4,4,4,4,4,4,4,4,4,4,4,4,4,4,4,3,5,5,5,5,4.6,4,3,3,4,2,4,2,2,3,3,3,2.714285714,4,3,3,3,3,3,3.25,4,3,3,3.333333333,2,2,3,3,1,2,3,2.285714286,5,2,1,1,1,1,6,2,2.375,586,5,1,6,4,472,0,236,252,240,2,,,8,,,,,,8,,,,,,8,,8,,,8,8,,8,,,,,,8,,8,,,,8,,,,,8,,,,,,,,,,#DIV/0!,,,,#DIV/0!,,,,,,,,,,,#DIV/0!,,,,,#DIV/0!,7,7,Mayra Segura Lopez,4,1,1,4,
12/13/2025 15:58,12/13/2025 16:04,157.201.62.1,353,1,1,1,1,1,1,1,1,1,1,1,1,1,1,1,1,1,1,1,1,1,1,7,7,7,7,7,7,7,7,7,7,7,7,1,1,1,1,2,1.2,19,19,19,19,19,19,19,19,4,4,4,4,4,4,1,1,1,1,1,1,1,1,1,1,1,1,1,1,1,1,1,1,1,1,1,1,1,1,1,1,1,1,1,1,1,1,1,5,5,1,5,1,5,1,5,5,1,5,2.714285714,5,5,5,1,5,1,3,5,5,5,5,5,5,5,5,5,5,5,5,8,8,8,8,8,8,8,8,8,520,9,9,9,9,925,201,697,300,530.75,2,,,8,,,,,,8,,,,,,8,,8,,,8,8,,8,,,,,,8,,8,,,,8,,,,,8,,,,,,,,,,#DIV/0!,,,,#DIV/0!,,,,,,,,,,,#DIV/0!,,,,,#DIV/0!,1,1,Lillian Spangler,3,1,1,4,
12/13/2025 15:53,12/13/2025 16:38,38.43.13.231,2745,1,4,5,3,5,5,3,6,4,1,5,2,5,5,4,4,6,5,5,5,5,4.35,7,7,7,7,6,6.8,7,7,6,7,7,6.8,7,6,7,7,5,6.4,14,15,14,14,14,17,13,14.42857143,3,1,4,1,2,2.2,1,1,1,7,7,2,2,3,5,2,5,3,5,2,2,5,2,5,1,1,5,1,5,1,4,3,3.166666667,6,7,6,6,1,5.2,4,3,3,5,1,3,3,3,4,2,4,2.857142857,4,4,3,3,3,3,3.5,5,5,5,5,4,2,3,2,1,2,2,2.285714286,3,2,1,5,1,2,6,2,2.75,90,4,2,4,3.333333333,88,29,934,165,304,1,1,1,7,6,6,6,6,6,6.166666667,5,5,1,7,3,5,3,5,3,3,5,4.5,2,6,7,7,7,7,7,6.833333333,1,7,2,7,2,6,7,6,6,7,6,7,7,7,7,7,1,7,7,7,6.333333333,5,5,5,5,1,1,1,2,1,1,1,1,1,1,1.1,3,3,1,3,2.5,7,7,Derrick Southam,5,1,1,4,
12/13/2025 15:36,12/13/2025 18:32,205.185.107.55,10559,1,3,3,3,5,4,4,4,4,2,6,5,4,2,3,1,5,5,5,5,5,3.9,6,4,6,6,5,5.4,6,4,6,6,6,5.6,4,5,4,5,4,4.4,13,13,14,14,15,16,14,14.14285714,1,3,1,1,1,1.4,3,2,2,4,6,6,1,3.428571429,4,3,4,2,3,2,5,5,2,5,3,2,5,1,5,1,4,2,3.222222222,5,6,7,5,7,6,4,3,3,3,3,3,3,3,4,2,1,2.714285714,2,4,5,1,5,1,2,3,3,3,3,3,2,3,2,2,3,2,2.428571429,5,4,4,3,5,4,1,3,3.625,121,2,5,1,2.666666667,114,0,125,65,76,1,1,2,6,2,2,1,2,1,2.333333333,1,4,1,5,7,1,2,6,2,7,1,2.625,2,6,2,5,1,5,5,4,2,6,5,2,2,6,3,5,6,6,4.875,2,4,5,3,5,1,3,5,5,3.666666667,4,4,4,4,1,2,3,1,1,1,1,2,2,1,1.5,4,4,3,4,3.75,6,6,Paige Pulsipher,1,1,1,4,
12/13/2025 20:00,12/13/2025 20:16,205.185.107.32,924,1,5,2,2,6,6,2,4,4,1,6,2,5,2,1,3,6,5,6,2,5,3.75,7,4,5,4,4,4.8,3,2,3,3,3,2.8,3,1,2,6,3,3,15,15,19,15,13,13,13,14.71428571,1,4,1,1,3,2,2,5,2,4,7,2,6,4,5,1,4,2,5,5,5,5,5,5,1,3,5,2,5,3,5,5,3.944444444,7,7,7,2,7,6,4,2,4,2,4,4,2,4,2,4,5,3.857142857,5,5,5,1,5,1,3,1,1,1,1,3,2,3,2,4,2,3,2.714285714,7,8,8,6,6,7,8,7,7.125,90,4,1,1,2,97,0,210,73,95,2,,,8,,,,,,8,,,,,,8,,8,,,8,8,,8,,,,,,8,,8,,,,8,,,,,8,,,,,,,,,,#DIV/0!,,,,#DIV/0!,,,,,,,,,,,#DIV/0!,,,,,#DIV/0!,7,7,Tanner Gibson,2,1,1,4,
12/13/2025 20:21,12/13/2025 20:37,205.185.107.44,990,1,2,5,3,4,3,2,4,3,2,4,2,5,2,4,3,5,5,3,2,4,3.35,6,7,6,6,6,6.2,6,6,6,6,6,6,6,4,5,5,6,5.2,14,14,14,14,14,16,14,14.28571429,1,1,1,1,1,1,6,2,6,2,2,2,2,3.142857143,1,3,4,3,3,2,5,5,3,5,2,3,4,3,5,2,5,2,3.333333333,5,6,7,7,7,6.4,3,4,2,4,2,4,2,3,3,3,3,2.571428571,1,3,3,3,4,2,2.25,1,1,1,1,1,1,1,1,1,1,1,1,3,3,1,4,4,4,8,1,3.5,87,7,1,1,3,822,490,491,1,451,1,1,4,4,5,5,5,5,5,4.833333333,2,6,6,6,2,6,2,6,6,2,6,5.5,2,6,2,2,5,2,6,3.833333333,6,2,2,2,6,2,2,2,2,2,2,6,6,6,6,6,6,6,6,6,6,4,4,4,4,1,1,1,2,2,1,1,1,1,1,1.2,1,1,1,1,1,6,6,Kaleb Beck,1,1,1,4,
12/14/2025 0:00,12/14/2025 0:17,154.27.169.128,1025,1,3,4,4,4,4,4,3,2,5,4,3,4,4,3,4,4,3,3,3,,3.578947368,6,5,6,6,5,5.6,6,6,6,6,6,6,6,5,6,6,5,5.6,13,15,14,14,14,14,14,14,1,1,1,1,1,1,6,2,1,5,5,2,2,3.285714286,3,1,4,2,4,2,5,4,1,4,2,2,4,2,5,1,4,3,2.944444444,6,7,3,7,6,5.8,4,4,2,4,2,4,2,3,4,2,3,2.571428571,3,3,5,1,5,1,2,1,2,1,1.333333333,2,3,2,2,2,2,3,2.285714286,3,4,4,2,4,4,8,6,4.375,400,5,3,1,3,201,0,173,0,93.5,2,,,8,,,,,,8,,,,,,8,,8,,,8,8,,8,,,,,,8,,8,,,,8,,,,,8,,,,,,,,,,#DIV/0!,,,,#DIV/0!,,,,,,,,,,,#DIV/0!,,,,,#DIV/0!,6,6,Baden Judd,1,1,1,4,
12/14/2025 0:03,12/14/2025 0:30,184.99.79.221,1653,1,2,4,3,4,4,4,3,4,1,3,2,5,4,4,4,3,6,3,1,4,3.4,4,7,5,5,2,4.6,4,5,6,2,6,4.6,5,3,2,5,4,3.8,14,14,14,14,14,17,14,14.42857143,2,4,2,1,4,2.6,1,1,1,4,2,3,1,1.857142857,5,3,2,3,1,3,5,2,2,4,4,2,3,2,4,2,4,5,3.111111111,5,7,5,2,3,4.4,4,4,2,5,1,4,2,5,2,4,5,3.285714286,5,4,3,3,4,2,3.5,3,4,5,4,3,2,3,3,3,5,5,3.428571429,3,2,1,2,3,2,7,1,2.625,337,1,9,4,4.666666667,345,0,501,131,244.25,2,,,8,,,,,,8,,,,,,8,,8,,,8,8,,8,,,,,,8,,8,,,,8,,,,,8,,,,,,,,,,#DIV/0!,,,,#DIV/0!,,,,,,,,,,,#DIV/0!,,,,,#DIV/0!,6,7,Beckette foster,1,3,1,4,
12/14/2025 14:39,12/14/2025 15:28,205.185.107.19,2920,1,4,4,4,4,3,3,4,4,3,3,4,4,3,3,4,3,4,3,3,4,3.55,,6,6,6,7,6.25,6,6,6,6,7,6.2,6,6,6,5,6,5.8,14,14,14,13,17,17,13,14.57142857,1,1,1,1,1,1,4,5,4,4,4,4,4,4.142857143,4,3,2,2,2,2,3,4,2,4,2,2,4,1,3,1,4,3,2.666666667,5,5,5,5,3,4.6,3,3,3,3,3,3,3,2,2,4,2,2.857142857,3,2,3,3,3,3,2.75,4,2,2,2.666666667,2,3,2,2,2,2,2,2.142857143,8,6,5,2,6,2,8,7,5.5,187,7,4,6,5.666666667,359,0,144,152,163.75,2,,,8,,,,,,8,,,,,,8,,8,,,8,8,,8,,,,,,8,,8,,,,8,,,,,8,,,,,,,,,,#DIV/0!,,,,#DIV/0!,,,,,,,,,,,#DIV/0!,,,,,#DIV/0!,7,7,Caleb White,4,1,1,4,
12/14/2025 16:38,12/14/2025 17:00,205.185.107.42,1296,1,3,4,3,4,3,3,3,3,1,4,4,4,3,2,3,3,4,3,3,4,3.2,5,3,5,5,3,4.2,4,4,4,4,5,4.2,5,4,5,4,5,4.6,13,14,15,13,14,13,14,13.71428571,1,2,2,1,2,1.6,3,3,1,5,4,3,3,3.142857143,4,3,4,2,3,2,4,3,2,3,2,2,3,2,3,2,4,4,2.888888889,2,4,6,5,3,4,4,3,3,3,3,3,3,3,3,3,2,3,4,3,3,3,3,3,3.25,4,3,2,3,2,3,2,2,2,2,3,2.285714286,4,4,1,2,1,1,8,1,2.75,186,5,5,1,3.666666667,212,0,241,0,113.25,2,,,8,,,,,,8,,,,,,8,,8,,,8,8,,8,,,,,,8,,8,,,,8,,,,,8,,,,,,,,,,#DIV/0!,,,,#DIV/0!,,,,,,,,,,,#DIV/0!,,,,,#DIV/0!,6,6,Jason Miller,4,1,1,4,
12/14/2025 19:43,12/14/2025 21:19,97.178.131.93,5740,1,4,4,5,3,4,4,4,3,4,5,4,5,4,3,4,5,4,4,4,5,4.1,5,6,6,6,6,5.8,5,6,6,6,7,6,5,6,6,6,6,5.8,16,15,16,17,16,16,17,16.14285714,2,1,2,1,1,1.4,5,3,5,4,4,4,4,4.142857143,4,3,4,2,3,3,2,3,2,4,2,2,4,2,4,2,4,2,2.888888889,6,6,5,5,5,5.4,3,3,3,4,2,4,2,2,4,2,3,2.428571429,3,3,4,2,4,2,2.5,3,3,4,3.333333333,2,3,2,2,2,2,3,2.285714286,3,4,3,5,4,5,8,6,4.75,277,5,2,5,4,601,0,425,282,327,1,1,5,3,5,6,5,4,5,4.666666667,6,5,5,5,4,4,5,3,5,4,4,4.625,5,3,4,5,5,5,4,4.333333333,5,3,4,4,5,3,4,4,4,4,3.75,5,4,4,4,5,5,4,4,4,4.333333333,4,4,4,4,3,3,4,3,3,2,2,2,1,1,2.4,3,2,2,2,2.25,7,7,Dino Zulu,1,1,1,4,
12/14/2025 22:14,12/14/2025 22:35,24.117.169.222,1276,1,1,4,5,5,5,2,3,2,1,5,3,4,4,4,2,3,4,4,2,5,3.4,5,5,6,6,4,5.2,5,6,6,6,6,5.8,6,2,5,4,3,4,13,14,17,13,13,13,13,13.71428571,1,2,2,1,3,1.8,1,1,1,5,7,5,4,3.428571429,4,2,4,3,2,2,5,4,2,4,2,2,4,1,4,2,4,2,2.944444444,7,7,7,7,1,5.8,5,4,2,4,2,4,2,3,4,2,1,2.428571429,3,3,4,2,4,2,2.5,4,4,4,4,3,1,2,1,1,1,3,1.714285714,5,2,1,2,2,6,6,3,3.375,190,6,1,1,2.666666667,444,0,618,0,265.5,2,,,8,,,,,,8,,,,,,8,,8,,,8,8,,8,,,,,,8,,8,,,,8,,,,,8,,,,,,,,,,#DIV/0!,,,,#DIV/0!,,,,,,,,,,,#DIV/0!,,,,,#DIV/0!,6,6,Adrienn Taft,3,2,1,4,
12/14/2025 22:49,12/14/2025 23:24,205.185.105.49,2105,1,4,5,5,4,2,4,3,4,1,3,3,5,4,4,3,5,3,4,3,4,3.65,6,5,6,5,4,5.2,4,6,6,5,5,5.2,5,2,4,5,3,3.8,16,15,14,17,14,17,15,15.42857143,2,3,1,1,2,1.8,3,4,2,5,4,3,2,3.285714286,3,2,3,2,3,2,4,3,2,4,1,2,3,1,3,1,4,2,2.5,3,5,4,5,4,4.2,2,3,3,3,3,3,3,2,4,2,3,2.571428571,3,2,4,2,3,3,2.5,2,2,2,2,2,3,2,2,1,1,3,2,5,5,1,4,6,6,8,1,4.5,300,5,4,1,3.333333333,122,0,383,94,149.75,1,1,3,5,5,6,5,4,5,5,1,3,3,4,3,5,5,3,2,5,3,3,5,3,3,3,4,3,1,2.833333333,6,2,3,2,3,5,6,5,5,2,3.75,3,2,6,2,3,1,5,6,7,3.888888889,5,5,5,5,1,1,1,1,1,1,1,1,1,1,1,3,1,1,1,1.5,4,6,Micah Barrus,3,1,1,4,
12/14/2025 23:33,12/14/2025 23:55,205.185.107.32,1305,1,4,3,4,3,1,3,2,3,1,4,4,3,3,4,2,3,3,3,4,3,3,7,6,7,7,6,6.6,7,7,7,7,6,6.8,6,5,6,5,5,5.4,14,14,15,15,14,14,14,14.28571429,3,3,3,3,2,2.8,2,3,2,6,2,2,2,2.714285714,3,4,3,4,3,2,3,3,3,2,2,3,3,3,3,4,3,4,3.055555556,3,4,3,5,3,3.6,4,2,4,3,3,2,4,4,2,4,3,3.714285714,4,4,3,3,3,3,3.5,3,2,5,3.333333333,3,1,3,2,1,1,2,1.857142857,4,4,1,1,2,1,8,3,3,495,7,1,1,3,572,21,279,15,221.75,2,,,8,,,,,,8,,,,,,8,,8,,,8,8,,8,,,,,,8,,8,,,,8,,,,,8,,,,,,,,,,#DIV/0!,,,,#DIV/0!,,,,,,,,,,,#DIV/0!,,,,,#DIV/0!,6,6,Brienz Dahlke,4,1,1,4,
12/15/2025 1:24,12/15/2025 1:58,38.43.7.20,2041,1,5,3,4,2,2,3,3,4,2,2,5,3,5,2,4,5,5,2,5,2,3.4,5,6,3,5,2,4.2,3,5,5,6,6,5,5,1,4,3,6,3.8,14,17,14,17,16,14,17,15.57142857,4,4,4,2,1,3,4,7,3,7,4,5,4,4.857142857,3,3,2,5,1,3,2,2,3,2,5,3,2,2,4,3,1,5,2.833333333,1,2,3,1,1,1.6,4,3,3,3,3,2,4,3,3,3,3,3.285714286,5,5,2,4,3,3,4.25,5,3,3,3.666666667,3,2,4,3,2,3,3,2.857142857,1,4,1,1,4,1,8,1,2.625,30,4,3,1,2.666666667,120,0,270,0,97.5,2,,,8,,,,,,8,,,,,,8,,8,,,8,8,,8,,,,,,8,,8,,,,8,,,,,8,,,,,,,,,,#DIV/0!,,,,#DIV/0!,,,,,,,,,,,#DIV/0!,,,,,#DIV/0!,6,6,Nathan Ellis Stradling,4,1,1,4,
12/15/2025 11:01,12/15/2025 11:42,205.185.98.70,2488,1,5,3,4,4,4,3,2,4,5,4,3,4,3,3,3,5,5,5,4,4,3.85,4,6,6,7,7,6,4,6,6,6,6,5.6,6,5,6,6,6,5.8,17,14,19,14,16,14,15,15.57142857,3,4,1,4,3,3,5,5,2,6,6,4,6,4.857142857,3,2,4,4,2,1,4,3,2,4,2,1,4,2,4,1,4,4,2.833333333,4,5,3,2,6,4,4,3,3,4,2,4,2,3,3,3,3,2.857142857,4,3,4,2,4,2,2.75,1,2,2,1.666666667,2,2,2,2,1,1,1,1.571428571,6,5,6,5,5,5,6,6,5.5,176,4,2,4,3.333333333,194,13,258,87,138,1,1,3,5,5,6,6,6,6,5.666666667,2,2,4,6,2,6,6,2,5,2,6,4.125,6,2,2,2,2,2,2,2,1,7,6,5,2,6,6,6,6,3,5.625,5,6,6,6,5,4,6,6,6,5.555555556,4,4,4,4,1,1,1,2,2,1,1,1,1,1,1.2,1,1,1,1,1,6,6,Clarachristy Chigbundu,3,2,1,4,
12/15/2025 14:40,12/15/2025 15:08,205.185.110.100,1725,1,2,5,4,5,4,2,5,2,1,5,2,3,3,4,3,1,4,4,2,5,3.3,6,5,6,6,6,5.8,5,6,6,6,6,5.8,6,3,5,6,6,5.2,14,15,15,13,14,16,14,14.42857143,2,1,3,1,3,2,6,2,4,6,6,6,3,4.714285714,1,1,2,4,2,3,5,4,2,3,2,2,4,3,2,1,3,2,2.555555556,5,5,3,3,6,4.4,2,3,3,3,3,3,3,2,4,2,2,2.428571429,2,4,3,3,4,2,2.75,3,4,3,3.333333333,2,1,2,1,2,2,2,1.714285714,5,4,1,2,1,1,6,3,2.875,300,7,6,4,5.666666667,239,11,241,13,126,2,,,8,,,,,,8,,,,,,8,,8,,,8,8,,8,,,,,,8,,8,,,,8,,,,,8,,,,,,,,,,#DIV/0!,,,,#DIV/0!,,,,,,,,,,,#DIV/0!,,,,,#DIV/0!,6,7,Landon Layton,4,1,1,4,
12/15/2025 15:22,12/15/2025 15:34,205.185.107.28,709,1,3,4,4,3,3,3,3,4,2,4,4,4,4,4,3,4,3,3,3,4,3.45,5,6,6,6,6,5.8,6,6,6,6,6,6,5,5,5,5,5,5,16,18,15,16,17,17,17,16.57142857,1,1,1,1,1,1,4,5,4,5,5,4,5,4.571428571,3,1,2,2,3,3,3,3,3,3,3,3,3,3,3,2,4,2,2.722222222,6,5,6,6,6,5.8,4,4,2,4,2,4,2,4,4,2,4,2.857142857,3,3,4,2,4,2,2.5,1,1,1,1,3,3,2,2,2,3,4,2.714285714,4,4,3,3,3,4,7,3,3.875,172,4,1,4,3,51,58,135,68,78,1,1,6,2,5,5,3,5,4,4,2,4,2,4,5,3,5,3,2,5,3,2.875,5,3,1,4,4,4,3,3.166666667,3,5,4,5,6,2,6,6,6,3,4.625,4,4,5,3,5,3,4,5,4,4.111111111,5,5,5,5,2,2,2,1,1,1,1,1,1,1,1.3,5,5,5,5,5,6,6,Joseph Aznar,1,1,1,4,
12/15/2025 18:53,12/15/2025 19:09,157.201.63.1,949,1,4,4,3,3,3,4,3,4,2,4,3,4,4,3,3,3,4,3,4,3,3.4,6,6,6,6,6,6,6,6,6,6,6,6,5,4,5,5,6,5,14,14,14,15,14,18,15,14.85714286,2,2,1,1,1,1.4,5,2,5,6,6,6,5,5,2,3,3,3,2,2,3,3,2,4,2,3,3,3,4,1,3,2,2.666666667,5,5,5,5,3,4.6,2,4,2,4,2,3,3,2,3,3,2,2.285714286,1,3,3,3,4,2,2.25,3,4,3,3.333333333,2,2,2,1,1,1,2,1.571428571,5,5,1,3,5,4,6,5,4.25,180,4,2,4,3.333333333,120,10,92,62,71,1,1,6,2,6,3,2,2,2,2.833333333,2,2,2,2,3,5,6,2,3,5,3,2.625,6,2,2,2,2,2,2,2,2,6,2,2,3,5,6,6,6,5,4.75,2,2,2,2,2,2,2,2,2,2,3,3,3,3,1,3,2,1,1,1,1,2,1,1,1.4,4,1,2,2,2.25,7,7,Matias Pauvif Cipitria,3,2,1,4,
12/15/2025 20:08,12/15/2025 21:14,67.60.11.134,3954,1,4,3,4,4,2,3,2,4,1,3,5,5,6,3,4,4,5,3,5,3,3.65,7,7,7,7,7,7,6,6,6,6,6,6,6,6,5,6,6,5.8,15,14,14,14,17,18,14,15.14285714,1,1,1,1,1,1,2,2,2,2,6,3,2,2.714285714,4,2,4,2,3,3,5,5,3,4,2,2,5,2,5,1,4,2,3.222222222,6,7,5,6,6,6,2,4,2,4,2,4,2,2,4,2,2,2,2,3,4,2,5,1,2,1,2,2,1.666666667,3,3,3,3,2,3,4,3,3,3,2,3,2,5,6,4,3.5,217,5,1,1,2.333333333,301,0,201,32,133.5,1,1,5,3,3,6,2,4,3,3.5,1,5,2,6,7,1,7,1,1,5,3,2.5,6,2,2,5,1,5,5,3.333333333,7,1,3,5,4,4,5,3,5,3,3.625,3,2,6,5,5,2,6,5,3,4.111111111,3,4,3,3.333333333,1,2,3,2,1,1,1,1,1,1,1.4,2,2,1,1,1.5,7,7,Derek Bake,1,2,1,4,
12/16/2025 14:31,12/16/2025 14:50,205.185.105.16,1140,1,4,4,2,5,4,5,4,4,2,4,4,4,4,3,4,5,4,4,3,4,3.85,6,7,7,7,6,6.6,6,6,6,7,6,6.2,5,4,4,5,5,4.6,13,13,13,13,13,14,13,13.14285714,1,3,1,1,1,1.4,1,2,1,3,4,4,2,2.428571429,5,2,4,2,4,1,5,4,2,4,2,1,5,1,5,1,4,2,3,6,7,7,7,6,6.6,2,4,2,4,2,5,1,2,4,2,2,1.857142857,2,2,4,2,5,1,1.75,1,2,1,1.333333333,2,3,3,3,3,3,1,2.571428571,4,5,3,5,5,5,6,4,4.625,126,5,4,4,4.333333333,183,1,129,124,109.25,1,1,2,6,7,7,6,7,7,6.666666667,7,7,6,3,1,7,1,7,7,2,6,6.25,2,6,4,4,7,6,6,5.5,6,2,4,3,5,3,2,2,2,1,2.375,6,6,7,5,5,4,5,5,5,5.333333333,5,5,5,5,1,2,1,1,1,1,1,1,2,2,1.3,1,1,3,1,1.5,7,6,Bret Mahoney,1,2,1,4,
12/9/2025 14:29,12/9/2025 15:17,157.201.64.12,2831,0,,,,,,,,,,,,,,,,,,,,,#DIV/0!,,,,,,#DIV/0!,,,,,,#DIV/0!,,,,,,#DIV/0!,,,,,,,,#DIV/0!,,,,,,#DIV/0!,,,,,,,,#DIV/0!,,,,,,,,,,,,,,,,,,,#DIV/0!,,,,,,#DIV/0!,,,6,,6,,6,,,6,,6,,,,6,,6,6,,,,#DIV/0!,,,,,,,,#DIV/0!,,,,,,,,,#DIV/0!,,,,,#DIV/0!,,,,,#DIV/0!,,,,8,,,,,,8,,,,,,8,,8,,,8,8,,8,,,,,,8,,8,,,,8,,,,,8,,,,,,,,,,#DIV/0!,,,,#DIV/0!,,,,,,,,,,,#DIV/0!,,,,,#DIV/0!,,,,,,,,
12/16/2025 11:32,12/16/2025 15:30,157.201.96.100,14304,1,3,3,3,4,3,3,4,3,2,4,3,4,3,3,3,4,4,4,3,4,3.35,5,4,6,6,5,5.2,5,6,5,5,6,5.4,4,3,3,4,5,3.8,15,16,14,17,15,17,15,15.57142857,2,2,2,1,2,1.8,5,3,2,5,5,5,4,4.142857143,3,3,3,3,3,2,3,3,4,4,3,2,3,2,4,1,2,5,2.944444444,4,3,3,4,1,3,4,3,3,3,3,3,3,3,3,3,4,3.285714286,4,4,3,3,3,3,3.5,3,3,3,3,3,3,3,2,2,2,3,2.571428571,7,5,6,4,5,5,6,6,5.5,400,8,2,3,4.333333333,500,0,197,24,180.25,1,1,3,5,5,6,5,5,6,5.333333333,5,5,6,4,2,6,2,6,6,2,6,5.5,2,6,5,4,6,6,6,5.5,5,3,4,4,4,4,3,5,5,6,4.25,5,5,6,4,5,3,5,6,6,5,3,3,2,2.666666667,1,2,1,2,1,1,2,2,2,2,1.6,3,3,2,2,2.5,6,6,Connor Shippen,4,2,1,4,
12/16/2025 17:51,12/16/2025 18:13,205.185.107.55,1267,1,2,4,3,5,2,3,3,4,2,5,3,4,2,5,2,3,4,3,3,4,3.3,5,6,6,6,5,5.6,6,6,6,6,6,6,7,5,6,6,6,6,17,17,16,14,15,17,14,15.71428571,1,3,2,1,3,2,2,2,1,5,2,1,1,2,3,1,4,2,2,1,3,2,1,3,1,1,3,1,3,1,2,2,2,6,6,6,6,5,5.8,3,4,2,4,2,4,2,2,3,3,3,2.428571429,3,2,4,2,4,2,2.25,2,3,2,2.333333333,3,2,2,1,1,1,2,1.714285714,3,2,1,4,1,3,8,3,3.125,140,4,3,4,3.666666667,100,0,236,39,93.75,1,1,2,6,6,5,6,5,7,5.833333333,3,5,6,4,2,6,2,6,6,2,6,5.25,1,7,6,6,6,5,6,6,2,6,3,3,3,5,4,5,5,3,4.25,6,6,6,6,6,6,6,6,6,6,3,3,3,3,1,1,1,1,1,1,1,1,1,1,1,2,2,1,1,1.5,7,7,Spencer Patten,1,2,1,4,
12/17/2025 7:57,12/17/2025 9:37,192.225.180.2,5965,1,3,4,3,4,2,3,3,2,1,5,2,5,3,4,2,2,4,5,3,4,3.2,6,6,6,6,6,6,6,6,6,5,6,5.8,4,4,6,6,4,4.8,17,14,14,14,18,14,14,15,2,1,2,1,1,1.4,2,2,2,5,3,2,2,2.571428571,5,1,3,3,3,2,4,4,2,4,1,1,4,1,4,1,4,2,2.722222222,5,6,3,5,1,4,2,4,2,4,2,4,2,1,4,2,1,1.714285714,3,3,5,1,4,2,2.25,3,3,3,3,2,1,1,1,1,1,1,1.142857143,2,1,4,1,2,1,8,1,2.5,34,1,1,4,2,105,200,0,62,91.75,2,,,8,,,,,,8,,,,,,8,,8,,,8,8,,8,,,,,,8,,8,,,,8,,,,,8,,,,,,,,,,#DIV/0!,,,,#DIV/0!,,,,,,,,,,,#DIV/0!,,,,,#DIV/0!,7,7,Benjamin LeBaron,1,2,1,4,
12/17/2025 15:49,12/17/2025 16:25,67.61.22.144,2172,1,4,4,4,4,2,3,4,5,4,5,5,6,3,2,3,3,5,5,5,4,4,7,5,5,6,7,6,4,5,5,4,4,4.4,6,3,3,6,5,4.6,17,15,13,13,13,16,15,14.57142857,4,4,2,1,4,3,6,4,4,6,6,2,4,4.571428571,5,3,3,4,2,1,5,4,2,4,1,3,5,3,5,1,2,5,3.222222222,5,5,3,4,2,3.8,1,3,3,3,3,2,4,2,3,3,2,2.571428571,4,5,2,4,1,5,4.5,1,3,4,2.666666667,2,1,1,1,1,1,3,1.428571429,5,3,1,2,2,4,7,1,3.125,259,7,7,4,6,111,14,232,74,107.75,1,1,1,7,6,6,4,4,6,5.5,3,4,6,5,1,7,1,7,7,1,7,5.75,2,6,4,3,2,5,5,4.166666667,2,6,6,5,7,1,5,3,4,5,4.375,6,6,6,5,7,7,7,7,7,6.444444444,5,5,5,5,1,1,1,1,1,1,1,1,2,1,1.1,1,2,1,1,1.25,6,4,Chrislin Meus,1,2,1,4,
12/17/2025 18:34,12/17/2025 18:57,108.147.32.61,1366,1,6,3,4,3,3,5,3,5,2,3,5,3,2,5,5,6,2,2,4,3,3.7,5,5,4,3,6,4.6,3,4,6,3,6,4.4,5,2,2,5,5,3.8,14,15,14,13,14,17,16,14.71428571,4,1,1,1,2,1.8,3,3,2,6,6,5,4,4.142857143,4,3,2,5,2,3,2,3,4,3,3,3,2,3,3,2,2,5,3,1,2,1,3,1,1.6,3,4,2,4,2,2,4,3,3,3,4,3,5,4,2,4,3,3,4,4,4,4,4,3,3,4,4,2,4,5,3.571428571,3,1,2,1,3,1,6,1,2.25,438,6,6,5,5.666666667,490,38,55,36,154.75,1,2,5,3,1,2,1,1,1,1.5,1,1,1,1,1,7,1,7,1,7,1,2.5,7,1,1,1,1,1,1,1,1,7,7,7,1,7,6,3,5,7,6.125,7,1,1,1,1,1,4,5,5,2.888888889,5,4,4,4.333333333,1,1,4,1,1,1,1,1,1,1,1.3,5,4,1,1,2.75,6,6,Myranda Widener,4,2,1,4,
12/17/2025 18:34,12/17/2025 19:03,174.204.3.9,1701,1,2,5,2,6,5,4,2,2,2,5,2,5,4,5,2,2,5,5,2,5,3.6,6,6,6,6,6,6,6,6,6,6,6,6,6,6,6,6,6,6,13,14,14,14,14,14,14,13.85714286,1,1,2,2,1,1.4,2,2,2,2,2,2,2,2,3,3,4,3,3,3,4,4,4,4,2,2,4,3,4,1,4,4,3.277777778,6,6,6,6,6,6,3,4,2,4,2,4,2,3,4,2,3,2.428571429,4,4,3,3,3,3,3.5,2,3,3,2.666666667,3,3,3,2,2,3,3,2.714285714,5,5,1,2,3,4,6,1,3.375,34,2,5,3,3.333333333,103,0,232,70,101.25,1,1,2,6,6,6,6,6,6,6,2,6,5,2,2,6,2,6,7,2,6,5,3,5,2,3,6,6,6,4.666666667,2,6,2,2,6,2,3,3,3,2,2.875,6,6,6,6,6,6,6,6,6,6,4,4,4,4,1,2,1,2,1,1,1,1,1,1,1.2,3,2,2,2,2.25,7,7,Mackenzie Cook,1,2,1,4,
12/17/2025 21:19,12/17/2025 21:49,217.177.129.54,1767,1,3,5,4,4,2,4,3,5,2,4,3,3,3,4,2,4,3,4,3,5,3.5,6,5,6,6,5,5.6,6,6,6,6,6,6,6,5,7,6,5,5.8,14,17,19,14,14,15,15,15.42857143,2,3,4,2,2,2.6,3,3,2,5,5,2,3,3.285714286,3,4,2,2,2,3,5,3,2,3,2,2,4,3,3,3,3,2,2.833333333,3,3,5,4,3,3.6,5,3,3,3,3,2,4,3,4,2,3,3.285714286,2,4,3,3,3,3,3,4,3,4,3.666666667,4,3,3,2,1,2,3,2.571428571,3,2,1,1,1,1,6,1,2,294,5,2,4,3.666666667,301,1,400,120,205.5,1,1,3,5,5,5,5,5,5,5,1,6,6,6,2,6,2,6,4,3,5,5,3,5,7,5,5,5,2,4.833333333,5,3,3,3,3,5,4,4,5,2,3.625,5,5,5,5,5,5,5,5,5,5,5,5,5,5,1,1,1,2,1,1,1,1,1,1,1.1,1,1,1,1,1,6,7,Grayson Lyman,4,2,1,4,
12/17/2025 23:00,12/17/2025 23:43,192.225.179.138,2608,1,4,5,2,5,3,5,3,4,2,3,3,3,4,3,3,3,4,4,2,3,3.4,6,6,5,7,5,5.8,6,5,4,4,6,5,4,2,3,4,3,3.2,17,15,15,14,19,17,16,16.14285714,2,3,1,1,2,1.8,6,5,3,6,7,5,5,5.285714286,4,2,3,2,3,1,3,4,3,5,2,2,3,2,5,2,2,5,2.944444444,5,5,3,5,6,4.8,3,4,2,4,2,3,3,3,2,4,3,2.857142857,4,4,3,3,3,3,3.5,1,2,3,2,2,2,2,1,1,1,2,1.571428571,3,2,1,2,2,3,8,1,2.75,250,4,1,3,2.666666667,300,100,170,62,158,1,1,2,6,6,6,5,4,3,5,2,3,1,6,3,5,5,3,1,6,2,2.875,6,2,2,2,2,2,2,2,5,3,2,2,6,2,2,3,3,1,2.25,2,2,5,2,3,1,2,5,2,2.666666667,5,5,5,5,1,2,1,1,1,1,1,1,1,1,1.1,2,1,1,1,1.25,7,7,Cayley Thompson,1,2,1,4,
12/11/2025 14:11,12/12/2025 11:04,205.185.110.148,75195,0,,,,,,,,,,,,,,,,,,,,,#DIV/0!,,,,,,#DIV/0!,,,,,,#DIV/0!,,,,,,#DIV/0!,,,,,,,,#DIV/0!,,,,,,#DIV/0!,,,,,,,,#DIV/0!,,,,,,,,,,,,,,,,,,,#DIV/0!,,,,,,#DIV/0!,,,6,,6,,6,,,6,,6,,,,6,,6,6,,,,#DIV/0!,,,,,,,,#DIV/0!,,,,,,,,,#DIV/0!,,,,,#DIV/0!,,,,,#DIV/0!,,,,8,,,,,,8,,,,,,8,,8,,,8,8,,8,,,,,,8,,8,,,,8,,,,,8,,,,,,,,,,#DIV/0!,,,,#DIV/0!,,,,,,,,,,,#DIV/0!,,,,,#DIV/0!,,,,,,,,
12/12/2025 21:26,12/12/2025 21:26,172.56.150.215,8,0,,,,,,,,,,,,,,,,,,,,,#DIV/0!,,,,,,#DIV/0!,,,,,,#DIV/0!,,,,,,#DIV/0!,,,,,,,,#DIV/0!,,,,,,#DIV/0!,,,,,,,,#DIV/0!,,,,,,,,,,,,,,,,,,,#DIV/0!,,,,,,#DIV/0!,,,6,,6,,6,,,6,,6,,,,6,,6,6,,,,#DIV/0!,,,,,,,,#DIV/0!,,,,,,,,,#DIV/0!,,,,,#DIV/0!,,,,,#DIV/0!,,,,8,,,,,,8,,,,,,8,,8,,,8,8,,8,,,,,,8,,8,,,,8,,,,,8,,,,,,,,,,#DIV/0!,,,,#DIV/0!,,,,,,,,,,,#DIV/0!,,,,,#DIV/0!,,,,,,,,
12/15/2025 9:10,12/15/2025 9:10,157.201.98.1,15,0,,,,,,,,,,,,,,,,,,,,,#DIV/0!,,,,,,#DIV/0!,,,,,,#DIV/0!,,,,,,#DIV/0!,,,,,,,,#DIV/0!,,,,,,#DIV/0!,,,,,,,,#DIV/0!,,,,,,,,,,,,,,,,,,,#DIV/0!,,,,,,#DIV/0!,,,6,,6,,6,,,6,,6,,,,6,,6,6,,,,#DIV/0!,,,,,,,,#DIV/0!,,,,,,,,,#DIV/0!,,,,,#DIV/0!,,,,,#DIV/0!,,,,8,,,,,,8,,,,,,8,,8,,,8,8,,8,,,,,,8,,8,,,,8,,,,,8,,,,,,,,,,#DIV/0!,,,,#DIV/0!,,,,,,,,,,,#DIV/0!,,,,,#DIV/0!,,,,,,,,
3/30/2026 18:37,3/30/2026 18:54,199.19.117.11,1033,1,6,4,3,4,3,4,4,5,1,4,5,4,3,4,3,3,6,3,5,5,3.95,7,4,6,6,6,5.8,6,6,5,7,6,6,5,3,1,2,4,3,14,17,14,14,17,17,17,15.71428571,1,1,2,2,2,1.6,5,6,6,6,6,2,5,5.142857143,4,3,4,3,3,3,5,4,4,4,2,2,4,2,5,2,4,5,3.5,5,4,5,7,1,4.4,4,4,2,4,2,4,2,5,3,3,4,3.142857143,5,3,4,2,4,2,3,3,3,3,3,3,2,3,3,2,3,3,2.714285714,3,2,1,1,1,2,7,3,2.5,372,7,7,7,7,596,393,546,182,429.25,1,1,5,3,6,6,5,4,5,4.833333333,6,7,5,7,3,5,3,5,6,3,5,5.75,3,5,6,7,6,7,6,6.166666667,7,1,2,7,1,7,7,7,7,5,5.375,6,6,6,5,6,2,5,6,6,5.333333333,5,5,5,5,1,2,1,1,2,1,1,1,1,1,1.2,1,1,1,1,1,6,7,Emma Clyde,2,1,1,4,
3/30/2026 18:23,3/30/2026 19:09,157.201.96.100,2741,1,5,3,3,4,5,2,3,4,5,4,4,4,5,3,4,6,5,4,2,4,3.95,6,7,7,7,4,6.2,5,6,6,7,7,6.2,5,1,3,6,4,3.8,17,15,18,13,14,19,16,16,3,2,2,2,1,2,3,2,1,5,5,6,2,3.428571429,3,3,3,3,2,1,5,5,1,5,1,1,3,1,4,4,3,4,2.888888889,5,4,4,3,3,3.8,3,4,2,5,1,4,2,2,4,2,1,1.857142857,5,4,3,3,3,3,3.75,3,3,4,3.333333333,3,4,3,2,2,3,3,2.857142857,8,3,5,3,4,2,6,,4.428571429,120,4,2,4,3.333333333,180,30,120,30,90,1,2,4,4,5,6,6,7,7,5.833333333,2,2,1,2,2,6,2,6,2,3,5,3.25,4,4,2,3,2,1,1,2.166666667,2,6,1,1,1,7,1,1,1,1,2.375,5,5,5,5,5,5,5,5,5,5,3,2,2,2.333333333,2,4,1,1,1,1,1,1,2,1,1.5,3,1,4,1,2.25,7,7,Rylie Thorne,4,1,1,4,
3/31/2026 7:12,3/31/2026 7:27,157.201.96.100,877,1,2,4,2,5,1,1,4,3,1,4,5,5,2,5,1,1,5,6,4,4,3.25,7,7,6,7,7,6.8,7,5,7,7,7,6.6,6,6,6,7,7,6.4,13,13,13,13,,13,13,13,1,1,2,1,1,1.2,1,1,1,4,4,1,1,1.857142857,5,3,5,2,5,1,5,5,2,5,1,2,5,2,5,2,5,3,3.5,4,6,6,6,1,4.6,1,4,2,5,1,4,2,4,5,1,2,1.857142857,5,2,4,2,4,2,2.75,1,1,3,1.666666667,1,1,1,1,1,1,1,1,5,3,1,1,3,4,1,1,2.375,310,5,1,1,2.333333333,329,0,622,11,240.5,1,1,3,5,6,3,4,4,6,4.666666667,1,6,1,7,4,4,3,5,4,4,4,4,6,2,1,1,1,1,1,1.166666667,1,7,1,1,7,1,4,5,5,1,3.125,7,7,7,7,7,7,7,7,7,7,5,5,5,5,2,3,1,1,1,1,1,1,1,1,1.3,4,1,1,1,1.75,7,7,Matthew Toler,1,1,1,4,
3/31/2026 12:23,3/31/2026 12:50,157.201.98.1,1642,1,3,4,3,3,3,3,3,4,2,3,3,3,3,3,3,4,3,4,3,3,3.15,6,6,6,6,6,6,6,6,6,6,6,6,5,5,4,6,5,5,15,17,15,16,17,16,15,15.85714286,1,2,2,2,1,1.6,4,4,4,4,4,4,4,4,4,3,4,2,3,2,4,4,4,3,2,2,4,2,4,2,4,4,3.166666667,4,6,4,4,4,4.4,3,4,2,4,2,4,2,3,3,3,3,2.571428571,5,5,3,3,3,3,4,3,3,4,3.333333333,3,3,4,4,4,4,3,3.571428571,1,1,1,1,1,3,8,1,2.125,231,2,2,4,2.666666667,462,1,385,80,232,2,,,8,,,,,,8,,,,,,8,,8,,,8,8,,8,,,,,,8,,8,,,,8,,,,,8,,,,,,,,,,#DIV/0!,,,,#DIV/0!,,,,,,,,,,,#DIV/0!,,,,,#DIV/0!,7,7,Taylor Davis,1,1,1,5,
3/31/2026 13:09,3/31/2026 13:29,97.213.136.37,1199,1,4,3,2,4,2,4,2,3,1,2,4,3,4,5,4,5,5,5,3,4,3.45,6,7,6,7,7,6.6,5,6,6,7,7,6.2,5,6,5,5,3,4.8,14,17,15,13,15,14,14,14.57142857,1,1,1,2,1,1.2,6,2,5,5,6,5,5,4.857142857,4,3,4,3,3,3,4,4,3,4,3,2,4,2,4,2,4,2,3.222222222,5,5,6,6,3,5,3,4,2,4,2,4,2,2,4,2,2,2.142857143,3,3,4,2,4,2,2.5,2,3,2,2.333333333,2,3,3,2,1,2,3,2.285714286,5,4,2,1,4,2,6,2,3.25,43,3,1,4,2.666666667,122,0,210,65,99.25,2,,,8,,,,,,8,,,,,,8,,8,,,8,8,,8,,,,,,8,,8,,,,8,,,,,8,,,,,,,,,,#DIV/0!,,,,#DIV/0!,,,,,,,,,,,#DIV/0!,,,,,#DIV/0!,7,7,Saryn Ricks,3,1,1,4,
3/31/2026 13:40,3/31/2026 14:07,157.201.96.100,1574,1,3,4,3,4,4,2,3,2,1,3,3,4,2,3,3,2,4,4,2,3,2.95,6,6,6,6,6,6,6,5,6,6,6,5.8,6,5,6,6,6,5.8,13,13,13,13,13,13,13,13,1,1,1,1,1,1,2,1,2,4,4,2,1,2.285714286,4,2,4,2,3,1,5,3,1,4,1,1,4,1,5,1,5,2,2.722222222,5,6,5,6,7,5.8,1,4,2,4,2,4,2,1,5,1,1,1.428571429,2,2,4,2,5,1,1.75,1,2,2,1.666666667,1,3,1,1,1,3,2,1.714285714,7,3,2,2,1,4,7,4,3.75,125,5,6,1,4,126,0,217,0,85.75,2,,,8,,,,,,8,,,,,,8,,8,,,8,8,,8,,,,,,8,,8,,,,8,,,,,8,,,,,,,,,,#DIV/0!,,,,#DIV/0!,,,,,,,,,,,#DIV/0!,,,,,#DIV/0!,4,4,Alex Tavares,1,1,1,4,
3/31/2026 14:57,3/31/2026 15:12,199.19.116.47,895,1,5,4,4,4,3,4,3,4,2,4,3,3,4,4,4,3,4,3,4,4,3.65,4,5,5,5,4,4.6,4,4,5,5,4,4.4,3,3,4,4,3,3.4,17,15,15,14,17,14,14,15.14285714,1,2,1,1,2,1.4,5,5,4,5,5,5,4,4.714285714,2,2,3,2,1,2,3,3,1,4,2,2,3,1,4,1,4,3,2.388888889,3,3,4,4,3,3.4,3,3,3,3,3,3,3,3,3,3,3,3,3,3,3,3,4,2,2.75,1,2,3,2,2,1,2,1,1,1,1,1.285714286,3,3,1,1,1,4,6,2,2.625,352,5,4,1,3.333333333,450,0,494,62,251.5,2,,,8,,,,,,8,,,,,,8,,8,,,8,8,,8,,,,,,8,,8,,,,8,,,,,8,,,,,,,,,,#DIV/0!,,,,#DIV/0!,,,,,,,,,,,#DIV/0!,,,,,#DIV/0!,7,7,Remington Burleson,1,2,1,4,
3/31/2026 15:13,3/31/2026 15:34,157.201.64.29,1311,1,3,4,3,5,2,4,2,4,4,2,4,4,3,4,2,5,6,4,3,3,3.55,4,4,5,2,3,3.6,2,3,4,4,5,3.6,5,5,4,4,6,4.8,19,18,14,17,19,19,14,17.14285714,1,2,2,1,1,1.4,5,4,6,7,7,7,5,5.857142857,2,3,3,2,2,2,1,2,3,3,3,1,4,1,5,1,3,3,2.444444444,1,1,5,5,7,3.8,3,4,2,4,2,3,3,1,2,4,3,2.571428571,3,3,2,4,4,2,3,1,1,3,1.666666667,1,1,2,1,1,1,3,1.428571429,3,4,1,1,1,4,6,1,2.625,300,6,5,2,4.333333333,500,0,600,59,289.75,1,1,4,4,4,5,3,3,3,3.666666667,1,5,5,7,4,4,4,4,4,3,5,4.375,4,4,1,5,5,1,1,2.833333333,1,7,6,7,1,7,7,7,7,7,6.875,4,4,4,3,3,1,6,4,5,3.777777778,5,5,5,5,1,1,1,2,1,1,1,1,1,1,1.1,4,3,2,3,3,6,6,Joshua Davis,1,2,1,4,
3/31/2026 16:24,3/31/2026 16:51,205.185.107.47,1623,1,2,3,3,5,3,4,4,2,1,5,3,4,4,4,2,4,3,5,3,4,3.4,6,6,6,6,5,5.8,6,6,6,6,6,6,6,6,7,6,6,6.2,14,17,15,14,16,15,14,15,1,1,1,1,1,1,6,3,3,5,5,2,3,3.857142857,4,2,4,2,3,1,4,4,1,4,2,2,4,2,3,1,4,2,2.722222222,4,6,6,5,3,4.8,2,4,2,4,2,4,2,2,4,2,2,2,3,3,4,2,4,2,2.5,2,2,2,2,2,2,2,2,2,2,3,2.142857143,6,4,7,4,6,6,7,6,5.75,160,4,3,2,3,303,10,325,29,166.75,2,,,8,,,,,,8,,,,,,8,,8,,,8,8,,8,,,,,,8,,8,,,,8,,,,,8,,,,,,,,,,#DIV/0!,,,,#DIV/0!,,,,,,,,,,,#DIV/0!,,,,,#DIV/0!,6,6,Kaden Hernandez,4,2,1,4,
3/31/2026 20:18,3/31/2026 20:35,205.185.107.58,1038,1,1,5,4,6,1,2,3,3,1,6,2,4,2,5,4,4,6,5,3,5,3.6,5,6,6,5,6,5.6,5,6,7,2,7,5.4,5,1,3,6,2,3.4,14,14,14,17,18,18,17,16,3,4,2,2,1,2.4,1,2,1,7,3,6,2,3.142857143,5,3,2,4,2,2,2,2,4,2,1,2,3,2,2,3,2,5,2.666666667,6,5,7,5,3,5.2,2,5,1,5,1,5,1,1,4,2,1,1.285714286,5,3,2,4,3,3,3.75,4,3,4,3.666666667,1,2,1,1,1,1,3,1.428571429,4,4,1,1,1,2,1,1,1.875,137,9,1,1,3.666666667,82,7,613,10,178,1,1,5,3,7,7,7,7,7,6.333333333,2,7,3,3,1,7,1,7,7,1,7,5.375,6,2,1,1,5,1,7,2.833333333,1,7,6,1,1,7,5,1,1,4,4,7,3,6,2,3,1,6,7,7,4.666666667,5,5,5,5,1,2,1,2,1,1,2,2,1,2,1.5,3,1,1,1,1.5,6,6,Ella Grace Tanner,4,1,1,4,
3/31/2026 18:53,3/31/2026 21:37,205.185.107.39,9848,1,2,4,1,5,5,3,3,3,1,5,2,3,3,3,3,2,5,4,4,4,3.25,3,3,6,5,5,4.4,6,6,7,6,7,6.4,6,5,6,6,6,5.8,14,17,14,15,18,18,15,15.85714286,2,4,2,1,3,2.4,2,2,2,5,3,2,2,2.571428571,4,1,3,3,1,2,5,3,3,3,1,1,4,1,4,2,3,3,2.611111111,7,7,6,7,6,6.6,4,3,3,3,3,3,3,4,4,2,4,3.285714286,4,4,3,3,3,3,3.5,1,1,2,1.333333333,1,1,3,1,1,1,2,1.428571429,4,4,1,1,2,2,8,1,2.875,35,1,1,2,1.333333333,121,0,200,16,84.25,1,1,6,2,3,5,2,3,3,3,2,5,5,4,3,5,5,3,3,5,3,3.75,3,5,5,5,5,3,5,4.666666667,2,6,3,3,2,6,5,3,3,1,3.75,3,2,6,3,2,1,6,6,6,3.888888889,3,3,3,3,1,1,1,3,2,1,1,1,1,1,1.3,1,1,1,1,1,7,7,Lydia Barrett,1,2,1,4,
4/1/2026 7:28,4/1/2026 7:50,217.147.185.160,1313,1,4,3,3,5,4,4,3,4,4,4,3,5,3,3,3,4,4,3,3,4,3.65,7,7,7,7,7,7,7,7,7,7,7,7,6,5,6,7,5,5.8,14,14,14,15,17,14,14,14.57142857,2,2,2,3,2,2.2,1,1,1,5,4,2,4,2.571428571,3,2,3,3,2,2,3,3,1,4,2,1,3,1,3,2,3,3,2.444444444,7,7,7,7,7,7,2,5,1,5,1,3,3,3,4,2,3,2.142857143,3,3,3,3,3,3,3,2,3,2,2.333333333,2,3,3,3,2,3,3,2.714285714,2,2,1,1,1,3,8,1,2.375,63,4,3,3,3.333333333,134,0,300,30,116,1,2,5,3,3,3,1,2,1,2.166666667,1,1,1,1,3,5,3,5,1,3,5,2.5,2,6,2,5,4,5,1,3.833333333,2,6,5,5,2,6,5,5,5,4,5.125,3,2,3,2,2,1,1,3,6,2.555555556,2,2,2,2,1,2,1,1,1,2,2,2,1,4,1.7,4,1,1,1,1.75,7,7,Abbaygayle Bruce,1,1,1,4,
4/1/2026 8:04,4/1/2026 8:36,157.201.96.100,1948,1,5,3,3,4,3,2,4,2,2,4,4,5,4,4,4,4,5,5,2,5,3.7,6,6,6,5,6,5.8,6,6,7,6,5,6,2,4,4,4,3,3.4,14,18,14,13,14,16,17,15.14285714,4,3,2,3,1,2.6,6,5,4,7,6,6,5,5.571428571,5,2,4,4,4,2,5,5,1,4,2,3,3,2,4,2,4,3,3.277777778,6,6,5,6,5,5.6,5,3,3,3,3,3,3,4,4,2,3,3.285714286,5,1,4,2,4,2,2.5,4,2,2,2.666666667,2,2,2,2,3,4,2,2.428571429,8,4,8,3,3,4,7,,5.285714286,54,4,3,2,3,332,157,164,25,169.5,1,1,3,5,6,7,6,5,6,5.833333333,2,4,4,2,5,3,3,5,4,4,4,3.5,5,3,6,4,5,4,3,4.166666667,5,3,4,5,3,5,4,4,4,4,4.125,6,5,5,5,4,5,5,5,6,5.111111111,5,5,5,5,3,2,1,1,1,1,1,1,1,1,1.3,1,1,1,1,1,6,6,Clayton Howard,4,1,1,4,
4/1/2026 8:13,4/1/2026 8:42,157.201.98.1,1756,1,4,5,3,5,2,3,3,5,4,5,5,6,4,2,4,6,5,4,4,4,4.15,7,6,6,6,5,6,6,7,7,6,6,6.4,7,5,6,7,7,6.4,16,18,13,15,13,15,13,14.71428571,2,2,2,1,3,2,5,5,2,7,7,3,2,4.428571429,2,3,4,3,2,2,4,4,3,4,2,2,4,2,5,2,4,4,3.111111111,5,5,5,6,5,5.2,3,3,3,5,1,4,2,3,5,1,4,2.428571429,4,4,5,1,4,2,2.75,4,3,3,3.333333333,3,2,2,2,3,3,5,2.857142857,4,4,1,1,1,1,7,2,2.625,501,9,4,5,6,458,0,246,134,209.5,1,1,5,3,6,6,4,5,5,4.833333333,5,7,5,6,2,6,2,6,7,1,7,6.125,7,1,5,1,7,2,7,3.833333333,2,6,2,5,3,5,6,2,2,1,3.625,3,3,7,3,3,3,7,7,7,4.777777778,5,5,5,5,1,1,1,4,1,1,1,1,1,1,1.3,5,2,1,1,2.25,7,7,Nathan Johanson,4,1,1,4,
4/1/2026 8:07,4/1/2026 9:38,199.19.117.220,5479,1,4,2,3,5,3,4,2,4,4,5,6,2,6,2,5,3,3,4,5,3,3.75,7,7,7,6,4,6.2,7,7,6,6,7,6.6,7,2,6,6,7,5.6,13,17,13,13,13,17,13,14.14285714,3,3,2,3,3,2.8,6,1,1,7,7,4,2,4,4,4,3,4,3,2,2,3,4,5,1,2,4,2,4,1,2,4,3,1,5,2,1,7,3.2,5,3,3,3,3,2,4,3,2,4,3,3.571428571,5,5,3,3,2,4,4.25,4,1,3,2.666666667,3,2,3,3,1,3,2,2.428571429,7,5,4,3,4,2,6,1,4,124,4,5,1,3.333333333,107,0,111,0,54.5,1,1,2,6,6,6,6,5,6,5.833333333,3,6,2,2,2,6,2,6,6,2,6,4.625,2,6,6,6,6,2,2,4.666666667,2,6,7,7,7,1,7,6,7,7,6,4,4,3,4,2,2,6,4,4,3.666666667,5,5,5,5,1,1,1,1,1,1,1,1,1,1,1,1,1,1,1,1,7,7,Ethan Clark,4,1,1,4,
4/1/2026 9:26,4/1/2026 9:42,192.225.189.94,984,1,3,5,2,5,6,1,5,1,1,5,2,5,1,5,1,2,4,5,2,5,3.3,6,7,7,7,6,6.6,5,6,7,6,7,6.2,6,4,5,6,5,5.2,13,13,13,14,14,13,14,13.42857143,2,2,1,1,2,1.6,2,1,2,6,6,1,2,2.857142857,4,1,4,2,3,3,5,4,1,4,1,1,4,1,3,1,5,4,2.833333333,6,7,6,7,6,6.4,2,4,2,4,2,4,2,3,4,2,2,2.142857143,3,3,4,2,4,2,2.5,2,2,1,1.666666667,2,2,2,1,1,1,3,1.714285714,6,4,3,3,3,1,8,1,3.625,23,4,1,5,3.333333333,98,0,397,154,162.25,2,,,8,,,,,,8,,,,,,8,,8,,,8,8,,8,,,,,,8,,8,,,,8,,,,,8,,,,,,,,,,#DIV/0!,,,,#DIV/0!,,,,,,,,,,,#DIV/0!,,,,,#DIV/0!,7,6,Charlotte Thayn,4,1,1,4,
4/1/2026 9:39,4/1/2026 10:04,157.201.96.100,1515,1,5,4,3,2,3,4,3,4,2,2,3,4,3,3,2,5,3,3,3,4,3.25,6,6,6,6,5,5.8,5,6,6,6,6,5.8,5,5,4,5,6,5,14,14,14,14,14,16,14,14.28571429,2,1,1,2,1,1.4,2,5,4,2,6,3,3,3.571428571,5,3,5,3,3,2,4,4,2,5,2,1,4,1,5,2,4,4,3.277777778,5,5,5,5,6,5.2,4,4,2,4,2,4,2,2,4,2,2,2.285714286,4,4,3,3,3,3,3.5,3,2,2,2.333333333,2,2,2,2,2,2,2,2,6,4,4,4,5,4,6,3,4.5,121,1,1,5,2.333333333,201,7,352,166,181.5,1,1,3,5,5,5,4,4,4,4.5,5,5,5,4,3,5,3,5,5,3,5,4.875,3,5,5,5,5,5,5,5,3,5,5,5,5,3,5,5,5,5,4.75,4,4,5,4,4,4,4,4,4,4.111111111,4,4,4,4,1,2,1,1,1,1,1,1,1,1,1.1,1,1,1,1,1,6,6,Brooke Kidman,4,1,1,4,
4/1/2026 12:04,4/1/2026 12:25,157.201.96.100,1304,1,3,4,4,2,2,2,3,3,1,2,3,2,3,5,1,2,3,3,2,4,2.7,5,7,7,7,6,6.4,6,3,5,7,7,5.6,7,6,3,6,5,5.4,13,13,13,13,15,15,15,13.85714286,1,2,1,1,1,1.2,2,1,1,5,5,1,1,2.285714286,3,1,3,1,1,1,2,4,1,2,1,1,3,1,3,1,4,1,1.888888889,2,2,1,2,7,2.8,2,4,2,4,2,3,3,2,3,3,1,2.142857143,1,1,5,1,4,2,1.25,3,3,3,3,1,1,1,1,1,1,1,1,5,4,1,2,2,2,8,6,3.75,59,3,4,1,2.666666667,339,0,404,105,212,2,,,8,,,,,,8,,,,,,8,,8,,,8,8,,8,,,,,,8,,8,,,,8,,,,,8,,,,,,,,,,#DIV/0!,,,,#DIV/0!,,,,,,,,,,,#DIV/0!,,,,,#DIV/0!,7,7,Zachary Dinger,4,1,1,4,
4/1/2026 10:12,4/1/2026 12:29,157.201.96.63,8237,1,5,4,4,5,4,5,5,6,2,4,5,2,5,5,4,6,4,3,5,4,4.35,6,6,6,6,6,6,6,6,6,6,6,6,6,6,6,6,6,6,14,14,14,14,14,14,14,14,1,1,1,1,1,1,6,2,2,3,3,2,2,2.857142857,3,3,4,3,4,3,4,4,3,4,2,1,4,1,4,2,4,2,3.055555556,6,6,6,6,6,6,3,4,2,4,2,4,2,4,4,2,2,2.428571429,2,2,4,2,4,2,2,3,3,3,3,2,3,2,2,2,2,2,2.142857143,7,7,5,2,4,2,7,2,4.5,454,3,1,2,2,768,248,25,0,260.25,1,1,2,6,6,6,6,6,6,6,6,6,4,5,2,6,2,6,7,1,7,5.875,1,7,5,2,5,2,5,4.333333333,6,2,6,2,3,5,6,6,6,2,4.375,6,6,6,6,6,6,6,6,6,6,4,4,4,4,1,2,1,1,1,1,1,1,1,1,1.1,5,5,5,5,5,7,7,Natasha Rodriguez,4,1,1,4,
4/1/2026 13:17,4/1/2026 13:32,157.201.98.1,886,1,5,4,3,5,4,3,4,3,2,4,4,4,2,4,2,2,2,5,3,5,3.5,6,5,5,7,6,5.8,5,5,6,5,6,5.4,5,4,4,4,4,4.2,14,14,17,16,17,17,15,15.71428571,2,2,1,2,2,1.8,5,5,5,5,6,6,6,5.428571429,2,2,3,2,2,2,2,2,2,2,1,2,2,2,3,3,3,3,2.222222222,5,5,5,7,2,4.8,3,3,3,3,3,3,3,3,3,3,3,3,4,4,3,3,3,3,3.5,2,2,2,2,3,1,1,1,1,1,1,1.285714286,1,1,1,2,1,4,6,1,2.125,177,3,1,3,2.333333333,132,20,62,121,83.75,2,,,8,,,,,,8,,,,,,8,,8,,,8,8,,8,,,,,,8,,8,,,,8,,,,,8,,,,,,,,,,#DIV/0!,,,,#DIV/0!,,,,,,,,,,,#DIV/0!,,,,,#DIV/0!,6,6,Elise Brown,1,1,1,4,
4/1/2026 13:38,4/1/2026 14:06,205.185.105.15,1705,1,4,2,2,4,3,4,5,5,1,5,5,4,5,2,2,5,5,2,4,5,3.7,6,5,6,7,5,5.8,4,6,6,7,7,6,5,3,6,6,4,4.8,17,18,18,13,17,17,14,16.28571429,2,1,3,2,3,2.2,6,1,5,5,6,3,2,4,2,2,4,3,2,4,3,4,2,4,2,4,3,2,4,2,4,4,3.055555556,2,2,5,6,1,3.2,4,2,4,3,3,4,2,2,4,2,4,3,4,4,3,3,2,4,3.75,3,4,4,3.666666667,2,2,3,2,1,2,4,2.285714286,2,4,1,3,1,4,8,1,3,301,6,1,5,4,287,0,636,269,298,2,,,8,,,,,,8,,,,,,8,,8,,,8,8,,8,,,,,,8,,8,,,,8,,,,,8,,,,,,,,,,#DIV/0!,,,,#DIV/0!,,,,,,,,,,,#DIV/0!,,,,,#DIV/0!,7,7,Alyssa Harmon,3,2,1,4,
4/1/2026 15:06,4/1/2026 15:53,205.185.107.55,2804,1,5,4,4,5,2,2,3,4,2,4,4,3,3,3,3,2,3,5,4,3,3.4,5,5,5,2,4,4.2,3,6,5,5,7,5.2,2,3,3,5,3,3.2,17,14,15,13,19,15,17,15.71428571,1,1,1,1,1,1,6,3,5,6,7,3,6,5.142857143,3,4,3,2,2,3,5,3,2,4,2,2,4,1,4,2,4,3,2.944444444,5,6,5,6,3,5,3,4,2,4,2,4,2,2,3,3,1,2.142857143,4,3,4,2,4,2,2.75,2,3,3,2.666666667,2,1,2,2,2,1,2,1.714285714,4,3,1,2,2,3,8,1,3,60,6,3,3,4,160,9,205,60,108.5,1,1,7,1,5,6,4,5,2,3.833333333,1,5,5,7,3,5,4,4,2,4,4,4.125,3,5,2,1,5,4,3,3.333333333,2,6,1,5,5,3,6,7,7,3,4.75,5,4,5,2,3,1,5,3,2,3.333333333,4,4,4,4,3,4,1,2,1,1,2,1,1,2,1.8,1,1,1,1,1,7,6,Trevor Topham,1,2,1,4,
4/1/2026 17:54,4/1/2026 18:13,192.187.62.4,1131,1,5,5,3,4,2,2,4,4,1,4,4,3,1,3,2,1,4,4,2,5,3.15,6,6,7,6,6,6.2,6,6,6,5,6,5.8,5,7,5,6,5,5.6,17,17,14,17,18,17,18,16.85714286,1,2,1,1,1,1.2,2,2,2,3,5,2,2,2.571428571,3,2,4,2,5,2,5,5,2,4,1,2,5,1,5,1,4,3,3.111111111,6,7,7,6,6,6.4,3,5,1,5,1,4,2,1,4,2,1,1.571428571,3,3,4,2,5,1,2.25,1,2,1,1.333333333,3,2,2,2,3,3,3,2.571428571,5,4,3,4,6,5,8,1,4.5,123,2,4,2,2.666666667,175,120,120,58,118.25,1,2,3,5,6,6,5,6,7,5.833333333,6,6,5,6,3,5,3,5,5,3,5,5.375,3,5,5,5,6,5,3,4.833333333,6,2,2,2,7,1,2,2,2,2,1.875,6,6,7,5,5,3,6,6,5,5.444444444,5,5,5,5,1,1,1,1,1,1,1,1,1,1,1,1,1,1,1,1,7,7,Tyler VanOrden,3,2,1,4,
4/1/2026 18:11,4/1/2026 19:13,205.185.98.23,3721,1,5,5,1,5,5,3,2,2,4,4,3,5,4,4,3,4,4,5,3,5,3.8,7,7,7,7,7,7,7,7,7,7,7,7,7,7,7,7,7,7,13,13,13,13,13,14,13,13.14285714,1,1,1,1,1,1,5,3,2,5,7,2,3,3.857142857,2,1,4,2,4,2,5,5,1,5,1,1,5,1,5,1,5,1,2.833333333,7,7,7,7,7,7,1,5,1,5,1,5,1,1,4,2,3,1.428571429,1,1,5,1,5,1,1,1,1,1,1,1,1,2,1,1,1,3,1.428571429,5,3,4,4,3,5,7,7,4.75,66,2,1,2,1.666666667,66,0,300,0,91.5,1,2,2,6,7,7,6,6,6,6.333333333,4,6,5,4,4,4,3,5,4,3,5,4.625,3,5,4,3,4,3,5,4,7,1,1,1,7,1,4,3,2,1,1.75,6,6,6,6,6,6,6,6,6,6,5,5,5,5,1,1,1,1,1,1,1,1,1,1,1,2,1,2,1,1.5,6,6,Joseph Hayes,3,1,1,4,
4/1/2026 19:26,4/1/2026 19:42,38.43.11.226,966,1,6,4,4,3,4,2,4,4,2,3,2,5,4,3,5,3,2,2,3,2,3.35,3,7,5,5,4,4.8,3,7,7,6,7,6,7,3,6,5,6,5.4,13,17,13,14,13,17,13,14.28571429,3,3,3,1,2,2.4,1,1,1,7,6,1,1,2.571428571,4,3,4,4,2,2,5,3,1,4,1,3,4,2,4,1,2,2,2.833333333,5,6,5,3,1,4,3,4,2,5,1,4,2,1,3,3,2,2,2,2,4,2,4,2,2,2,3,4,3,3,2,1,1,1,1,2,1.571428571,3,2,1,1,1,3,8,1,2.5,191,3,2,3,2.666666667,193,0,333,74,150,2,,,8,,,,,,8,,,,,,8,,8,,,8,8,,8,,,,,,8,,8,,,,8,,,,,8,,,,,,,,,,#DIV/0!,,,,#DIV/0!,,,,,,,,,,,#DIV/0!,,,,,#DIV/0!,7,7,David Hower,1,1,1,4,
4/1/2026 20:39,4/1/2026 20:59,172.56.148.155,1214,1,4,3,2,4,2,2,4,3,2,4,4,5,4,5,3,2,4,5,3,2,3.35,5,5,5,6,2,4.6,5,6,5,3,6,5,6,2,6,5,2,4.2,13,14,13,13,13,14,14,13.42857143,2,2,1,1,2,1.6,1,2,1,3,6,2,5,2.857142857,2,1,4,3,4,1,5,4,2,4,1,1,4,1,5,1,4,3,2.777777778,5,7,2,6,2,4.4,3,4,2,4,2,2,4,3,3,3,3,2.857142857,3,4,3,3,3,3,3.25,1,3,2,2,2,1,2,1,1,1,3,1.571428571,5,2,1,1,2,3,8,6,3.5,60,1,1,3,1.666666667,59,0,180,60,74.75,1,1,1,7,6,6,6,7,6,6.333333333,6,6,2,2,2,6,3,5,5,2,6,4.75,3,5,3,2,5,3,6,4,2,6,2,2,6,2,2,6,6,2,3.5,6,6,6,5,5,6,6,6,6,5.777777778,5,5,5,5,1,1,1,1,1,1,1,1,1,1,1,1,1,1,1,1,6,6,Sydney Butler,1,1,1,4,
4/1/2026 21:04,4/1/2026 21:21,205.185.98.103,1018,1,2,4,2,5,2,3,2,3,1,4,5,2,4,4,2,5,5,4,3,4,3.3,6,6,7,4,5,5.6,6,6,6,5,6,5.8,6,5,5,7,7,6,16,18,16,18,19,19,15,17.28571429,3,3,2,1,1,2,4,2,4,5,6,4,2,3.857142857,3,2,5,2,3,2,5,3,2,3,1,2,4,2,2,4,4,1,2.777777778,5,6,6,2,4,4.6,3,4,2,4,2,4,2,3,4,2,2,2.285714286,2,3,4,2,4,2,2.25,4,3,3,3.333333333,2,3,3,2,1,2,3,2.285714286,7,5,1,3,4,2,2,1,3.125,250,5,3,5,4.333333333,303,0,200,0,125.75,1,1,2,6,7,7,7,4,7,6.333333333,1,7,7,3,1,7,1,7,7,1,7,5.75,2,6,6,6,7,7,7,6.5,2,6,6,6,2,6,5,7,7,5,6,7,7,7,7,7,5,7,7,7,6.777777778,3,3,3,3,2,4,1,1,1,3,3,1,1,4,2.1,1,1,1,1,1,7,7,Kaleb Johnsen,4,2,1,4,
4/2/2026 11:49,4/2/2026 12:28,157.201.98.1,2327,1,4,5,4,4,4,4,3,4,2,4,3,4,3,4,3,2,4,4,3,4,3.6,6,5,5,5,5,5.2,5,5,5,4,5,4.8,5,2,5,4,3,3.8,15,14,16,15,15,17,15,15.28571429,2,1,3,2,3,2.2,4,5,2,6,6,4,2,4.142857143,3,3,3,4,2,3,4,3,2,4,2,2,3,2,4,2,3,4,2.944444444,3,3,5,4,3,3.6,3,3,3,3,3,3,3,3,3,3,3,3,4,3,3,3,4,2,3,4,4,4,4,2,2,3,1,1,1,2,1.714285714,3,4,1,3,2,3,8,1,3.125,250,1,1,5,2.333333333,304,49,314,59,181.5,1,1,6,2,3,3,2,2,3,2.5,2,4,2,6,4,4,5,3,2,3,5,3.5,5,3,2,4,4,2,5,3.333333333,5,3,2,2,5,3,2,2,3,3,2.5,3,2,5,2,3,2,2,5,5,3.222222222,4,4,4,4,1,4,2,1,1,1,1,1,1,1,1.4,4,4,2,4,3.5,6,6,Kendra Swallow,4,1,1,4,
4/2/2026 12:26,4/2/2026 13:11,205.185.107.12,2700,1,2,5,2,4,4,4,4,4,3,3,3,4,4,3,4,3,3,3,3,4,3.45,6,6,6,6,6,6,6,6,6,6,6,6,6,2,4,6,5,4.6,13,14,14,14,14,19,14,14.57142857,1,1,1,1,1,1,1,1,1,3,6,4,3,2.714285714,2,2,4,1,3,2,4,4,1,4,1,1,5,1,4,2,5,1,2.611111111,5,5,5,5,5,5,1,4,2,4,2,5,1,1,4,2,1,1.428571429,1,1,5,1,5,1,1,1,2,1,1.333333333,1,2,2,3,2,3,3,2.285714286,8,7,1,5,8,6,8,6,6.125,172,4,2,4,3.333333333,200,166,189,672,306.75,1,1,2,6,7,7,6,7,7,6.666666667,3,6,5,5,2,6,5,3,6,2,6,5,4,4,6,6,5,6,5,5.333333333,5,3,5,5,5,3,2,2,2,2,3,6,5,6,6,6,5,5,6,6,5.666666667,5,5,5,5,1,2,1,1,1,1,1,1,1,1,1.1,1,1,1,1,1,7,7,Andrew Hollander,3,1,1,4,
4/2/2026 14:25,4/2/2026 14:58,157.201.96.100,2015,1,3,4,3,5,3,2,3,5,1,4,3,5,2,3,3,3,5,4,2,4,3.35,6,7,7,7,7,6.8,7,7,7,7,7,7,7,7,7,7,7,7,13,14,13,13,13,13,13,13.14285714,1,1,1,1,1,1,2,1,1,1,5,1,1,1.714285714,4,2,3,3,3,3,4,4,4,4,1,2,4,1,5,1,5,4,3.166666667,5,6,7,5,7,6,3,4,2,5,1,4,2,2,4,2,2,2,4,3,4,2,4,2,2.75,3,2,2,2.333333333,3,3,2,3,2,3,1,2.428571429,4,5,1,1,3,5,8,2,3.625,34,2,2,1,1.666666667,72,0,211,0,70.75,1,1,3,5,6,6,4,5,6,5.333333333,4,6,5,3,2,6,2,6,6,3,5,5.125,3,5,6,4,6,5,5,5.166666667,7,1,2,1,7,1,1,1,1,1,1.125,6,4,6,4,5,6,5,6,5,5.222222222,3,2,2,2.333333333,1,1,1,1,1,1,1,1,1,1,1,3,1,1,1,1.5,7,7,Liesl Taylor,4,1,1,4,
4/2/2026 15:29,4/2/2026 16:31,157.201.98.1,3715,1,2,4,1,6,2,4,3,5,1,6,2,4,2,4,2,2,2,5,2,4,3.15,6,5,7,7,6,6.2,5,7,7,7,5,6.2,6,2,5,2,6,4.2,14,16,13,13,15,17,13,14.42857143,1,3,2,1,2,1.8,1,1,1,2,6,1,2,2,3,2,4,3,4,2,5,4,2,5,1,2,4,1,5,1,4,3,3.055555556,6,7,6,7,6,6.4,3,4,2,4,2,4,2,1,3,3,2,2.142857143,3,3,4,2,5,1,2.25,2,3,2,2.333333333,2,2,3,2,3,1,3,2.285714286,6,4,1,4,4,1,8,1,3.625,150,3,1,3,2.333333333,241,100,400,0,185.25,2,,,8,,,,,,8,,,,,,8,,8,,,8,8,,8,,,,,,8,,8,,,,8,,,,,8,,,,,,,,,,#DIV/0!,,,,#DIV/0!,,,,,,,,,,,#DIV/0!,,,,,#DIV/0!,7,7,Liberty Briggs,3,1,1,4,
4/3/2026 9:28,4/3/2026 9:54,157.201.96.100,1526,1,3,5,3,1,1,3,2,5,1,1,5,5,4,1,4,5,3,2,5,1,3,5,6,6,2,2,4.2,4,6,6,6,6,5.6,5,6,2,6,6,5,17,17,17,13,13,13,13,14.71428571,1,1,1,1,1,1,1,1,1,2,4,1,1,1.571428571,5,1,3,2,2,2,5,4,2,5,1,2,5,2,5,1,5,2,3,7,7,7,7,7,7,1,5,1,5,1,3,3,1,4,2,2,1.571428571,3,3,4,2,4,2,2.5,1,5,1,2.333333333,4,3,5,2,1,4,4,3.285714286,5,1,7,3,5,7,8,5,5.125,43,2,1,1,1.333333333,60,0,600,0,165,1,1,6,2,6,6,2,4,3,3.833333333,2,2,1,7,6,2,7,1,1,6,2,2.25,7,1,1,1,1,1,1,1,3,5,6,7,5,3,7,7,7,1,5.375,2,2,2,2,2,1,2,1,1,1.666666667,5,5,5,5,1,1,1,1,1,1,1,1,1,1,1,1,1,1,1,1,4,4,Will Pierce,1,1,1,4,
4/3/2026 8:33,4/3/2026 9:54,157.201.98.1,4877,1,3,5,4,4,4,3,3,4,2,3,4,4,4,4,2,3,4,4,3,4,3.55,6,4,5,6,5,5.2,5,5,5,5,5,5,4,4,4,5,6,4.6,16,16,14,14,15,16,14,15,1,2,1,1,3,1.6,4,4,2,6,5,5,4,4.285714286,3,1,4,3,2,2,3,3,2,3,2,2,3,1,3,1,3,2,2.388888889,4,4,5,5,2,4,3,4,2,3,3,4,2,3,2,4,3,2.857142857,3,3,4,2,4,2,2.5,2,2,2,2,1,1,2,1,1,1,1,1.142857143,7,4,1,4,3,1,6,2,3.5,204,6,1,3,3.333333333,92,0,106,30,57,1,1,2,6,6,6,6,5,6,5.833333333,5,5,5,4,2,6,2,6,4,4,4,4.875,2,6,2,6,6,6,6,5.333333333,3,5,6,6,2,6,6,6,6,6,5.875,5,6,5,5,5,5,5,5,5,5.111111111,4,4,4,4,1,1,1,1,1,1,1,1,1,1,1,2,1,1,1,1.25,7,6,Kennedy Linton,4,1,1,5,
4/3/2026 9:28,4/3/2026 10:00,157.201.98.1,1906,1,2,4,3,6,5,2,3,2,2,4,2,3,4,4,4,1,3,5,2,4,3.25,6,6,7,7,7,6.6,6,7,7,6,7,6.6,5,6,6,6,5,5.6,13,13,13,13,13,13,14,13.14285714,2,1,1,2,1,1.4,3,3,3,4,7,4,5,4.142857143,5,1,4,2,3,1,4,5,2,4,1,1,4,1,4,1,4,3,2.777777778,5,7,5,5,4,5.2,3,5,1,5,1,4,2,2,3,3,3,2.142857143,3,3,4,2,4,2,2.5,2,1,1,1.333333333,1,2,3,2,1,1,3,1.857142857,6,3,2,3,4,4,7,5,4.25,30,3,1,3,2.333333333,100,59,199,31,97.25,1,1,1,7,7,7,7,7,7,7,6,7,5,6,2,6,1,7,7,1,7,6.375,2,6,2,2,2,1,4,2.833333333,5,3,4,2,5,3,2,2,2,1,2.375,6,6,7,6,6,6,6,5,4,5.777777778,5,5,5,5,1,1,1,1,1,1,1,1,1,1,1,1,1,1,1,1,6,6,Tara Jones,4,1,1,4,
4/3/2026 9:51,4/3/2026 10:19,157.201.98.1,1725,1,4,4,4,5,2,5,4,5,3,4,4,4,5,3,3,3,4,4,4,4,3.9,6,6,6,6,6,6,5,6,6,6,6,5.8,6,6,6,6,6,6,14,17,14,14,14,14,14,14.42857143,2,2,2,1,2,1.8,4,5,5,5,6,4,5,4.857142857,4,3,4,3,3,3,2,3,3,3,1,3,3,3,4,2,4,4,3.055555556,5,5,5,5,6,5.2,4,4,2,4,2,3,3,3,3,3,4,3,4,4,4,2,3,3,3.25,4,2,3,3,2,3,3,1,1,1,3,2,2,2,1,2,2,3,6,1,2.375,32,3,1,4,2.666666667,120,120,180,90,127.5,2,,,8,,,,,,8,,,,,,8,,8,,,8,8,,8,,,,,,8,,8,,,,8,,,,,8,,,,,,,,,,#DIV/0!,,,,#DIV/0!,,,,,,,,,,,#DIV/0!,,,,,#DIV/0!,7,7,Chris Gee,1,1,1,4,
4/3/2026 10:01,4/3/2026 10:44,157.201.98.1,2554,1,3,4,3,4,3,3,4,3,3,4,4,4,3,4,3,3,5,5,2,5,3.6,6,6,6,6,6,6,6,6,6,5,7,6,6,6,6,6,6,6,14,15,15,14,17,15,14,14.85714286,2,2,2,2,2,2,5,5,6,6,7,6,5,5.714285714,4,3,4,2,3,1,5,5,2,5,2,3,4,2,5,1,5,1,3.166666667,6,6,6,6,6,6,3,4,2,4,2,5,1,3,5,1,3,2.142857143,2,3,5,1,5,1,1.75,2,2,2,2,2,2,2,2,2,2,2,2,4,4,1,3,2,4,6,1,3.125,90,3,1,1,1.666666667,110,0,215,0,81.25,2,,,8,,,,,,8,,,,,,8,,8,,,8,8,,8,,,,,,8,,8,,,,8,,,,,8,,,,,,,,,,#DIV/0!,,,,#DIV/0!,,,,,,,,,,,#DIV/0!,,,,,#DIV/0!,7,7,Isabella Cottle,1,2,1,4,
4/3/2026 10:23,4/3/2026 11:04,157.201.98.1,2453,1,4,4,5,5,2,3,4,3,2,4,4,5,4,5,3,5,4,4,4,2,3.8,6,6,6,6,6,6,6,6,6,6,6,6,6,6,6,5,6,5.8,13,14,13,13,14,15,14,13.71428571,1,1,1,1,1,1,3,3,2,4,6,4,4,3.714285714,4,2,3,2,1,2,5,4,1,4,1,1,4,2,4,2,4,4,2.777777778,5,5,5,5,4,4.8,2,4,2,4,2,4,2,2,2,4,1,2.142857143,4,3,4,2,4,2,2.75,3,3,3,3,3,3,3,3,1,2,3,2.571428571,6,2,1,2,3,1,8,1,3,50,5,2,1,2.666666667,129,29,59,86,75.75,2,,,8,,,,,,8,,,,,,8,,8,,,8,8,,8,,,,,,8,,8,,,,8,,,,,8,,,,,,,,,,#DIV/0!,,,,#DIV/0!,,,,,,,,,,,#DIV/0!,,,,,#DIV/0!,7,7,Brian Trapp,4,1,1,4,
4/3/2026 11:39,4/3/2026 12:03,157.201.98.1,1426,1,2,4,2,5,3,4,2,4,2,4,2,4,3,5,4,3,5,4,4,3,3.45,5,4,5,6,6,5.2,5,5,5,5,6,5.2,5,4,5,7,5,5.2,13,17,13,13,17,16,17,15.14285714,2,2,1,1,1,1.4,5,4,5,6,5,4,3,4.571428571,3,4,5,3,2,1,3,3,2,3,4,3,3,2,4,3,4,3,3.055555556,6,6,5,5,6,5.6,3,3,3,4,2,3,3,3,2,4,4,3.142857143,3,3,3,3,3,3,3,1,2,2,1.666666667,4,2,4,4,3,4,3,3.428571429,2,1,1,2,1,4,8,1,2.5,30,2,7,4,4.333333333,344,348,351,200,310.75,1,1,5,3,5,6,4,4,4,4.333333333,5,5,5,4,2,6,3,5,3,2,6,4.875,6,2,2,2,4,2,5,2.833333333,3,5,2,2,2,6,2,2,3,5,3.375,4,4,6,4,5,4,4,4,4,4.333333333,4,4,4,4,1,1,1,2,1,1,1,1,1,1,1.1,4,4,1,3,3,7,7,Joshua Shafer,1,1,1,4,
4/3/2026 11:46,4/3/2026 12:45,157.201.96.100,3572,1,5,4,4,6,3,4,3,5,2,5,6,4,4,4,2,5,6,5,5,4,4.3,6,6,7,5,6,6,6,5,5,6,5,5.4,6,4,4,5,6,5,16,15,17,17,18,18,14,16.42857143,2,3,2,1,2,2,6,4,5,,6,4,4,4.833333333,4,2,3,4,3,1,3,2,4,3,1,2,4,1,3,1,2,4,2.611111111,5,5,5,5,3,4.6,3,3,3,3,3,3,3,3,3,3,3,3,4,4,3,3,3,3,3.5,4,4,3,3.666666667,3,2,3,1,1,1,3,2,3,2,1,3,2,1,6,2,2.5,534,7,4,5,5.333333333,414,30,148,25,154.25,1,1,2,6,7,7,6,7,7,6.666666667,6,6,6,6,1,7,2,6,6,1,7,6.25,4,4,4,2,7,4,6,4.5,4,4,2,1,2,6,4,5,6,5,4.125,7,6,7,7,7,6,7,7,7,6.777777778,5,5,5,5,1,1,1,1,1,1,1,1,1,1,1,1,1,1,4,1.75,6,6,Abby Vang,4,3,1,4,
4/3/2026 13:25,4/3/2026 13:48,24.117.88.180,1371,1,4,2,3,4,3,4,1,5,2,2,2,3,4,3,3,4,3,3,4,2,3.05,7,6,5,7,6,6.2,1,6,7,6,7,5.4,6,4,4,6,4,4.8,14,14,15,17,18,16,16,15.71428571,2,3,1,1,1,1.6,4,4,4,4,4,4,4,4,4,2,4,3,2,2,4,3,2,3,2,2,4,1,5,3,4,3,2.944444444,5,6,5,6,7,5.8,4,3,3,3,3,3,3,3,4,2,4,3.142857143,4,5,3,3,3,3,3.75,2,2,2,2,3,3,2,2,1,2,4,2.428571429,2,1,1,3,1,4,8,1,2.625,328,4,3,1,2.666666667,449,0,648,131,307,2,,,8,,,,,,8,,,,,,8,,8,,,8,8,,8,,,,,,8,,8,,,,8,,,,,8,,,,,,,,,,#DIV/0!,,,,#DIV/0!,,,,,,,,,,,#DIV/0!,,,,,#DIV/0!,6,6,Stuart Allan,1,1,1,4,
4/3/2026 14:05,4/3/2026 14:28,172.56.149.143,1431,1,2,2,4,4,2,2,3,5,1,6,3,3,2,4,2,5,6,4,3,4,3.35,6,4,7,4,5,5.2,1,6,6,7,7,5.4,6,4,5,5,3,4.6,16,16,13,13,14,15,15,14.57142857,1,1,1,1,3,1.4,1,1,1,4,4,4,1,2.285714286,2,1,4,2,3,2,4,3,1,3,1,2,4,1,4,1,4,2,2.444444444,5,5,6,6,5,5.4,3,5,1,5,1,3,3,1,3,3,2,2,2,2,4,2,3,3,2.25,1,1,1,1,2,1,1,1,1,1,2,1.285714286,8,4,2,1,6,6,8,2,4.625,32,4,3,1,2.666666667,302,131,170,11,153.5,2,,,8,,,,,,8,,,,,,8,,8,,,8,8,,8,,,,,,8,,8,,,,8,,,,,8,,,,,,,,,,#DIV/0!,,,,#DIV/0!,,,,,,,,,,,#DIV/0!,,,,,#DIV/0!,6,6,Peyton Talbot,2,1,1,4,
4/3/2026 14:04,4/3/2026 14:48,157.201.98.1,2644,1,4,4,3,4,4,4,3,3,2,4,4,4,3,4,4,3,4,3,4,3,3.55,4,6,6,7,7,6,5,6,6,6,6,5.8,5,3,3,5,4,4,14,16,16,15,14,17,14,15.14285714,3,2,2,1,1,1.8,5,5,5,5,6,4,6,5.142857143,3,2,2,2,2,2,2,3,1,4,2,1,3,1,3,1,3,3,2.222222222,3,5,3,4,6,4.2,2,4,2,4,2,3,3,2,3,3,2,2.285714286,3,3,3,3,3,3,3,4,2,2,2.666666667,3,2,1,2,2,2,3,2.142857143,5,5,4,3,4,2,8,5,4.5,3,6,7,5,6,187,2,216,98,125.75,1,1,4,4,4,5,4,4,6,4.5,4,4,6,4,3,5,2,6,5,3,5,4.875,4,4,6,5,6,4,4,4.833333333,6,2,3,6,6,2,4,4,7,4,4,4,5,5,4,4,3,5,5,5,4.444444444,3,3,3,3,1,1,1,1,1,1,1,1,1,1,1,1,1,1,1,1,6,7,Hunter Davis,4,1,1,4,
4/2/2026 22:01,4/3/2026 16:08,99.27.248.119,65223,1,4,3,2,4,5,4,4,4,2,4,4,4,3,3,2,5,5,4,5,3,3.7,3,6,6,7,5,5.4,5,6,5,6,7,5.8,6,5,6,5,6,5.6,15,17,17,17,13,18,18,16.42857143,1,2,1,1,3,1.6,1,1,2,2,3,1,2,1.714285714,1,1,4,2,2,1,5,4,1,4,2,2,4,1,4,1,4,2,2.5,6,7,6,7,6,6.4,2,3,3,3,3,3,3,3,3,3,4,3,2,3,3,3,3,3,2.75,1,2,2,1.666666667,3,3,3,1,1,1,4,2.285714286,5,4,4,2,3,3,6,2,3.625,25,2,1,4,2.333333333,154,0,151,59,91,1,1,2,6,6,6,5,4,6,5.5,3,6,5,6,6,2,5,3,5,4,4,4.25,3,5,5,7,5,6,3,5.166666667,1,7,5,6,2,6,6,5,6,3,5.5,6,4,6,5,5,5,5,5,6,5.222222222,5,5,5,5,1,2,1,2,1,1,1,2,1,1,1.3,2,2,1,1,1.5,7,7,Elisa Payan,1,2,1,4,
4/3/2026 17:07,4/3/2026 17:23,192.225.189.118,942,1,3,4,2,5,6,2,5,2,1,3,3,5,3,5,2,2,4,6,3,2,3.4,6,7,7,7,7,6.8,7,7,7,7,7,7,7,4,4,5,5,5,13,13,13,13,13,13,13,13,2,3,3,1,2,2.2,1,2,2,6,7,3,2,3.285714286,2,2,4,5,2,2,4,5,2,5,1,2,2,2,5,1,3,5,3,5,5,4,4,3,4.2,3,4,2,4,2,3,3,4,2,4,4,3.142857143,4,3,3,3,3,3,3.25,3,1,2,2,1,1,1,1,1,1,1,1,7,3,3,1,7,4,8,6,4.875,0,1,1,5,2.333333333,54,0,189,0,60.75,2,,,8,,,,,,8,,,,,,8,,8,,,8,8,,8,,,,,,8,,8,,,,8,,,,,8,,,,,,,,,,#DIV/0!,,,,#DIV/0!,,,,,,,,,,,#DIV/0!,,,,,#DIV/0!,7,7,Autumn Morrow,4,1,1,4,
4/1/2026 17:10,4/3/2026 18:06,216.128.237.136,176183,1,3,5,2,5,5,2,2,4,2,5,2,4,2,2,2,2,5,5,4,3,3.3,5,7,7,7,7,6.6,7,7,6,7,7,6.8,7,6,6,6,6,6.2,13,14,14,14,14,14,14,13.85714286,1,1,1,1,1,1,5,2,2,4,4,2,2,3,4,3,4,2,4,3,5,5,2,4,1,2,4,2,4,2,4,2,3.166666667,6,6,6,3,6,5.4,2,4,2,4,2,4,2,4,4,2,4,2.571428571,3,3,4,2,4,2,2.5,2,2,2,2,2,2,2,2,2,2,2,2,7,6,6,5,6,2,6,7,5.625,32,3,4,2,3,420,30,90,14,138.5,2,,,8,,,,,,8,,,,,,8,,8,,,8,8,,8,,,,,,8,,8,,,,8,,,,,8,,,,,,,,,,#DIV/0!,,,,#DIV/0!,,,,,,,,,,,#DIV/0!,,,,,#DIV/0!,7,7,Adelynn Clement,4,1,1,4,
3/31/2026 17:07,4/3/2026 18:49,192.225.180.2,265314,1,4,5,4,5,4,4,4,5,2,5,4,4,3,4,3,3,5,4,3,3,3.9,6,5,6,5,6,5.6,6,6,6,6,5,5.8,7,4,5,5,5,5.2,14,14,15,14,18,16,14,15,3,2,1,1,3,2,5,6,4,6,4,6,4,5,4,2,3,4,2,3,3,3,2,4,2,4,4,3,4,1,3,4,3.055555556,3,3,3,3,2,2.8,3,3,3,3,3,3,3,3,3,3,3,3,3,4,3,3,3,3,3.25,2,1,1,1.333333333,1,2,4,4,2,3,3,2.714285714,6,4,3,4,6,4,6,6,4.875,120,5,1,4,3.333333333,180,30,480,60,187.5,2,,,8,,,,,,8,,,,,,8,,8,,,8,8,,8,,,,,,8,,8,,,,8,,,,,8,,,,,,,,,,#DIV/0!,,,,#DIV/0!,,,,,,,,,,,#DIV/0!,,,,,#DIV/0!,6,7,Linda Amaya,3,2,1,4,
4/3/2026 19:53,4/3/2026 20:31,192.64.2.138,2236,1,2,5,2,4,4,2,4,2,1,4,2,5,4,5,2,3,4,4,2,4,3.25,7,7,7,7,7,7,5,6,6,6,6,5.8,7,7,7,7,7,7,14,15,13,13,14,13,13,13.57142857,1,2,1,1,1,1.2,1,1,1,1,1,1,1,1,5,2,4,2,3,3,4,4,1,5,3,2,5,2,5,1,4,3,3.222222222,6,6,6,6,6,6,5,5,1,5,1,5,1,1,5,1,1,1.571428571,3,2,4,2,5,1,2,1,2,1,1.333333333,2,1,2,3,1,2,3,2,8,6,7,4,5,5,8,7,6.25,0,5,4,5,4.666666667,239,59,225,125,162,2,,,8,,,,,,8,,,,,,8,,8,,,8,8,,8,,,,,,8,,8,,,,8,,,,,8,,,,,,,,,,#DIV/0!,,,,#DIV/0!,,,,,,,,,,,#DIV/0!,,,,,#DIV/0!,7,7,Easton Rodgerson,2,1,1,4,
4/3/2026 20:17,4/3/2026 20:37,38.94.244.189,1147,1,2,4,1,4,2,2,1,2,1,4,2,4,2,4,4,2,3,2,3,4,2.65,6,6,6,6,4,5.6,5,6,5,6,6,5.6,6,4,4,4,3,4.2,14,14,14,14,15,16,13,14.28571429,1,1,1,1,1,1,1,1,1,5,5,6,2,3,4,2,5,2,3,3,4,5,3,4,2,2,4,2,4,1,5,2,3.166666667,5,5,7,4,6,5.4,3,3,3,3,3,3,3,2,3,3,4,3,4,4,3,3,3,3,3.5,2,2,2,2,2,2,3,2,2,3,3,2.428571429,7,2,2,1,3,4,8,3,3.75,249,1,2,5,2.666666667,217,0,380,139,184,2,,,8,,,,,,8,,,,,,8,,8,,,8,8,,8,,,,,,8,,8,,,,8,,,,,8,,,,,,,,,,#DIV/0!,,,,#DIV/0!,,,,,,,,,,,#DIV/0!,,,,,#DIV/0!,7,7,Nathan Seegmiller,3,1,1,4,
4/3/2026 22:02,4/3/2026 22:13,65.181.53.74,680,1,3,4,2,5,4,3,2,4,2,4,3,4,4,3,3,5,4,4,2,2,3.35,5,3,5,3,5,4.2,5,5,5,3,5,4.6,3,4,4,5,3,3.8,14,17,15,14,15,17,17,15.57142857,3,2,3,1,1,2,3,3,5,6,6,5,3,4.428571429,4,1,4,3,3,4,4,3,3,3,2,3,4,2,4,1,4,4,3.111111111,3,3,5,3,6,4,2,3,3,3,3,3,3,2,2,4,3,2.857142857,3,4,3,3,4,2,3,4,3,3,3.333333333,3,2,2,2,2,2,3,2.285714286,6,5,4,3,5,2,7,1,4.125,132,5,5,4,4.666666667,234,51,249,106,160,2,,,8,,,,,,8,,,,,,8,,8,,,8,8,,8,,,,,,8,,8,,,,8,,,,,8,,,,,,,,,,#DIV/0!,,,,#DIV/0!,,,,,,,,,,,#DIV/0!,,,,,#DIV/0!,6,6,Andrew Fuhriman,4,1,1,4,
4/4/2026 8:27,4/4/2026 9:15,205.185.107.100,2859,1,3,5,2,5,3,5,3,5,1,5,3,5,3,4,3,2,4,5,2,6,3.7,6,6,6,6,5,5.8,5,6,6,6,6,5.8,5,4,4,5,5,4.6,14,14,14,13,14,17,14,14.28571429,1,1,1,1,1,1,6,6,3,4,6,2,5,4.571428571,2,1,4,2,3,2,4,4,3,5,1,1,4,1,5,2,4,5,2.944444444,7,7,7,7,6,6.8,3,3,3,4,2,4,2,2,3,3,2,2.428571429,4,3,4,2,3,3,3,1,1,1,1,2,1,1,2,2,2,1,1.571428571,4,4,1,2,3,3,8,1,3.25,173,5,7,4,5.333333333,206,0,359,0,141.25,1,1,1,7,6,6,3,4,5,5.166666667,2,5,5,5,2,6,3,5,3,3,5,4.5,3,5,5,5,5,5,4,4.833333333,1,7,5,5,6,2,5,5,5,4,4.75,5,4,6,5,5,2,5,5,5,4.666666667,4,4,4,4,1,1,1,1,1,1,1,1,1,1,1,5,4,1,4,3.5,6,7,Ellie Mahoney,2,1,1,4,
4/4/2026 11:11,4/4/2026 11:36,205.185.98.18,1478,1,3,4,2,2,1,4,4,2,1,3,3,2,2,4,3,2,4,1,3,3,2.65,5,6,6,7,6,6,5,4,3,6,6,4.8,5,2,5,4,5,4.2,13,17,15,13,14,13,19,14.85714286,2,1,4,1,3,2.2,5,3,1,6,7,2,3,3.857142857,3,3,4,3,1,1,2,2,1,1,1,1,3,1,2,1,1,2,1.833333333,4,2,1,2,1,2,1,2,4,4,2,3,3,2,4,2,2,2.285714286,4,3,2,4,1,5,4,5,2,3,3.333333333,1,1,1,1,1,1,1,1,7,1,1,1,1,1,1,1,1.75,400,5,8,4,5.666666667,559,0,773,753,521.25,1,1,3,5,4,5,4,5,4,4.5,3,1,3,5,3,5,3,5,3,4,4,3.625,5,3,2,3,5,3,3,3.166666667,1,7,6,3,3,5,3,7,7,3,5.125,4,2,6,2,1,2,3,5,3,3.111111111,5,5,5,5,1,4,1,1,1,1,1,1,1,1,1.3,4,3,2,1,2.5,1,6,Morgan Jones,4,2,1,4,
4/4/2026 11:57,4/4/2026 12:14,205.185.107.58,1066,1,5,4,3,4,4,2,3,4,2,3,5,4,4,4,4,5,6,4,5,2,3.85,6,5,6,6,5,5.6,5,5,6,6,6,5.6,4,4,5,5,5,4.6,18,18,14,16,17,17,16,16.57142857,1,2,1,1,1,1.2,4,2,3,6,5,3,2,3.571428571,2,2,3,1,2,1,4,4,2,4,1,1,5,1,4,1,4,3,2.5,4,4,5,5,6,4.8,1,3,3,4,2,4,2,1,4,2,1,1.714285714,1,1,4,2,4,2,1.5,2,1,1,1.333333333,1,1,1,1,1,1,1,1,6,3,6,3,6,1,6,6,4.625,200,6,6,6,6,207,0,203,121,132.75,2,,,8,,,,,,8,,,,,,8,,8,,,8,8,,8,,,,,,8,,8,,,,8,,,,,8,,,,,,,,,,#DIV/0!,,,,#DIV/0!,,,,,,,,,,,#DIV/0!,,,,,#DIV/0!,6,6,Cade St.Peter,4,2,1,4,
4/4/2026 12:27,4/4/2026 12:38,216.128.237.133,703,1,4,5,4,5,3,4,4,4,1,5,4,5,5,4,2,3,5,5,4,5,4.05,6,6,6,6,6,6,6,6,6,6,6,6,6,6,6,6,6,6,14,14,14,14,14,14,14,14,1,1,1,1,1,1,5,1,3,5,6,2,2,3.428571429,4,2,3,2,4,4,4,4,2,4,2,2,4,3,4,2,4,2,3.111111111,5,6,6,6,4,5.4,3,4,2,4,2,4,2,3,4,2,2,2.285714286,3,3,4,2,4,2,2.5,3,3,3,3,2,3,1,1,1,1,1,1.428571429,3,4,3,1,3,1,7,1,2.875,339,6,4,6,5.333333333,354,11,366,11,185.5,2,,,8,,,,,,8,,,,,,8,,8,,,8,8,,8,,,,,,8,,8,,,,8,,,,,8,,,,,,,,,,#DIV/0!,,,,#DIV/0!,,,,,,,,,,,#DIV/0!,,,,,#DIV/0!,6,6,Taylor Harris,4,1,1,4,
4/4/2026 12:41,4/4/2026 13:12,64.72.211.13,1861,1,2,4,2,5,5,4,2,2,1,4,3,4,3,2,4,4,5,5,2,5,3.4,6,5,6,6,5,5.6,5,6,5,5,6,5.4,6,5,6,6,6,5.8,13,14,14,14,17,15,13,14.28571429,2,2,1,1,1,1.4,5,3,2,5,6,6,5,4.571428571,4,2,3,2,2,2,4,4,3,4,2,2,4,1,4,1,4,5,2.944444444,5,5,3,6,6,5,2,4,2,3,3,4,2,3,3,3,3,2.571428571,5,4,3,3,4,2,3.5,4,3,3,3.333333333,3,1,3,3,1,2,4,2.428571429,6,4,2,2,6,2,8,5,4.375,75,3,1,4,2.666666667,110,0,248,97,113.75,2,,,8,,,,,,8,,,,,,8,,8,,,8,8,,8,,,,,,8,,8,,,,8,,,,,8,,,,,,,,,,#DIV/0!,,,,#DIV/0!,,,,,,,,,,,#DIV/0!,,,,,#DIV/0!,7,7,Brienna Bishop,4,1,1,4,
4/4/2026 12:53,4/4/2026 13:24,217.147.184.143,1872,1,2,5,2,5,1,,3,2,1,4,2,5,1,5,2,2,3,4,1,4,2.842105263,6,5,6,5,6,5.6,6,6,6,6,6,6,6,3,4,6,4,4.6,14,14,14,14,14,18,14,14.57142857,1,2,1,1,1,1.2,1,2,2,1,3,1,1,1.571428571,3,2,3,2,1,1,4,3,1,3,1,2,3,2,3,1,3,2,2.222222222,6,6,6,6,6,6,2,4,2,4,2,4,2,2,3,3,2,2.142857143,2,2,4,2,4,2,2,1,1,1,1,1,1,1,1,1,1,1,1,6,4,1,1,3,4,8,1,3.5,0,6,4,1,3.666666667,198,118,119,0,108.75,1,1,4,4,6,6,2,3,5,4.333333333,2,2,2,2,2,6,5,3,2,5,3,2.75,6,2,2,2,3,2,5,2.666666667,5,3,2,5,2,6,6,2,2,5,3.875,5,4,5,2,2,2,4,5,3,3.555555556,5,5,5,5,1,3,1,1,1,1,1,1,1,1,1.2,1,1,1,1,1,6,6,Connor Vickers,3,2,1,4,
4/4/2026 13:08,4/4/2026 13:26,205.185.105.78,1070,1,4,4,3,3,2,3,3,4,2,2,3,4,4,4,4,3,4,4,3,4,3.35,6,6,6,6,6,6,4,5,5,6,6,5.2,5,3,5,6,5,4.8,14,14,14,14,14,17,15,14.57142857,2,1,1,1,2,1.4,4,4,5,5,3,3,4,4,4,4,4,1,1,2,4,2,1,3,4,3,2,3,3,4,2,1,2.666666667,4,4,4,4,4,4,3,4,2,3,3,3,3,2,3,3,1,2.428571429,1,1,3,3,3,3,2,1,1,1,1,2,3,2,2,3,2,2,2.285714286,6,1,2,3,3,4,6,1,3.25,427,6,5,4,5,400,152,338,266,289,2,,,8,,,,,,8,,,,,,8,,8,,,8,8,,8,,,,,,8,,8,,,,8,,,,,8,,,,,,,,,,#DIV/0!,,,,#DIV/0!,,,,,,,,,,,#DIV/0!,,,,,#DIV/0!,6,6,Ammon Byers,1,2,1,4,
4/4/2026 13:14,4/4/2026 14:08,157.201.98.1,3238,1,2,4,2,5,3,3,3,4,4,3,4,5,4,2,3,5,2,3,4,2,3.35,6,4,6,6,5,5.4,6,6,6,6,6,6,4,3,2,5,4,3.6,18,16,17,14,16,15,13,15.57142857,1,1,2,1,1,1.2,2,2,2,4,6,2,1,2.714285714,3,3,3,2,2,2,4,3,3,4,2,3,4,1,3,1,3,3,2.722222222,3,5,4,2,2,3.2,3,3,3,4,2,4,2,4,3,3,3,2.857142857,3,3,4,2,4,2,2.5,4,3,3,3.333333333,2,3,2,1,1,1,3,1.857142857,3,2,3,1,3,1,5,8,3.25,414,9,1,1,3.666666667,425,0,500,0,231.25,1,1,2,6,7,7,5,6,5,6,2,6,5,4,2,6,2,6,6,3,5,5,6,2,1,2,6,2,5,3,4,4,2,2,2,6,3,2,2,2,2.875,6,6,6,5,6,5,7,6,6,5.888888889,4,4,4,4,1,1,1,1,1,1,1,1,1,1,1,4,1,3,3,2.75,6,7,Bayarbold Lkhagvadorj,4,2,1,4,
4/4/2026 14:56,4/4/2026 15:28,205.185.107.41,1909,1,4,4,2,5,4,2,4,2,2,4,3,4,3,4,4,2,3,4,4,3,3.35,6,3,5,6,5,5,4,3,4,4,5,4,3,2,2,3,4,2.8,14,14,14,15,15,17,15,14.85714286,3,3,3,2,3,2.8,3,3,2,6,6,5,5,4.285714286,3,3,3,4,3,2,3,2,2,2,2,3,3,3,4,2,3,5,2.888888889,5,5,5,6,1,4.4,3,3,3,3,3,3,3,3,3,3,3,3,4,4,3,3,3,3,3.5,4,4,4,4,3,2,2,2,2,2,3,2.285714286,1,1,1,4,1,1,8,1,2.25,400,5,6,5,5.333333333,300,250,400,60,252.5,1,1,6,2,3,3,2,2,2,2.333333333,1,3,2,4,5,3,6,2,2,6,2,2.375,6,2,2,2,4,2,2,2.333333333,6,2,2,2,6,2,2,2,2,2,2,2,2,4,2,2,2,2,2,2,2.222222222,3,4,4,3.666666667,1,4,2,1,1,1,1,1,1,1,1.4,5,5,3,1,3.5,6,6,Nolan Hinkey,1,1,1,4,
4/4/2026 14:23,4/4/2026 16:08,205.185.107.53,6267,1,,,,,,,,,,,,,,,,,,,,,#DIV/0!,7,6,7,5,6,6.2,4,6,6,5,6,5.4,3,6,2,5,5,4.2,17,14,14,16,17,17,16,15.85714286,1,2,1,1,1,1.2,2,3,2,3,5,2,1,2.571428571,2,1,3,3,3,2,5,4,2,4,1,1,5,1,5,1,5,2,2.777777778,6,7,7,6,7,6.6,2,4,2,4,2,4,2,3,3,3,2,2.285714286,2,3,4,2,4,2,2.25,1,2,1,1.333333333,2,2,2,3,1,1,3,2,3,4,1,2,1,4,8,1,3,149,5,5,3,4.333333333,303,0,181,28,128,1,2,5,3,6,6,5,5,7,5.333333333,6,6,5,6,2,6,3,5,5,2,6,5.625,7,1,1,1,4,4,6,2.833333333,2,6,2,2,5,3,2,5,5,3,3.5,6,6,7,5,5,6,7,6,5,5.888888889,3,3,3,3,1,2,1,1,1,1,1,2,1,1,1.2,4,3,3,3,3.25,7,6,Ian Bowling,1,2,1,4,
4/4/2026 15:44,4/4/2026 16:29,72.22.244.211,2685,1,5,3,5,2,2,3,2,5,3,2,5,2,6,2,5,1,1,4,4,2,3.2,6,3,5,7,6,5.4,6,7,6,7,4,6,4,3,5,7,5,4.8,13,13,13,13,13,17,14,13.71428571,1,4,1,1,1,1.6,2,4,5,7,5,1,1,3.571428571,1,1,2,1,1,2,4,4,2,4,1,1,5,1,5,1,3,3,2.333333333,5,6,3,7,3,4.8,3,4,2,5,1,5,1,2,4,2,1,1.714285714,3,2,3,3,4,2,2.5,2,4,3,3,2,1,2,1,1,1,2,1.428571429,5,1,1,1,1,3,8,1,2.625,181,5,1,1,2.333333333,80,0,190,0,67.5,1,2,1,7,6,6,4,6,7,6,6,1,1,5,3,5,7,1,3,5,3,3.125,7,1,1,1,1,1,1,1,7,1,1,1,7,1,1,1,1,1,1,7,5,7,5,4,2,2,6,4,4.666666667,1,1,1,1,1,1,1,1,1,2,1,1,1,1,1.1,1,1,3,1,1.5,7,7,Agustin Casares,3,1,1,4,
4/4/2026 16:29,4/4/2026 17:28,45.132.159.177,3532,1,2,4,2,2,3,4,3,4,2,2,3,4,3,3,3,4,4,4,3,3,3.1,5,5,5,5,5,5,5,5,6,6,5,5.4,6,3,5,5,6,5,14,14,14,14,14,15,14,14.14285714,3,1,3,1,3,2.2,2,3,2,6,6,5,2,3.714285714,1,3,3,3,2,2,3,2,2,3,2,3,2,3,4,1,2,4,2.5,2,3,3,6,2,3.2,3,3,3,3,3,3,3,3,3,3,3,3,4,4,3,3,3,3,3.5,3,3,3,3,2,2,2,2,2,2,3,2.142857143,6,6,4,5,6,3,6,4,5,297,7,5,4,5.333333333,499,99,97,190,221.25,2,,,8,,,,,,8,,,,,,8,,8,,,8,8,,8,,,,,,8,,8,,,,8,,,,,8,,,,,,,,,,#DIV/0!,,,,#DIV/0!,,,,,,,,,,,#DIV/0!,,,,,#DIV/0!,6,6,Sean Stempinski,4,1,1,4,
4/4/2026 18:23,4/4/2026 18:46,174.201.48.194,1405,1,2,4,3,4,3,3,4,3,1,4,3,4,2,3,2,2,5,4,2,5,3.15,5,4,4,4,4,4.2,4,5,5,5,5,4.8,5,4,5,5,4,4.6,14,14,14,14,14,16,14,14.28571429,3,2,2,2,3,2.4,2,2,2,2,2,2,2,2,4,3,4,4,4,2,4,4,4,4,3,2,4,2,4,3,3,4,3.444444444,6,6,6,6,6,6,4,3,3,4,2,3,3,3,3,3,3,3,3,3,3,3,4,2,2.75,3,3,3,3,3,3,3,3,2,2,2,2.571428571,2,4,4,2,3,4,6,1,3.25,437,6,4,4,4.666666667,556,193,773,352,468.5,2,,,8,,,,,,8,,,,,,8,,8,,,8,8,,8,,,,,,8,,8,,,,8,,,,,8,,,,,,,,,,#DIV/0!,,,,#DIV/0!,,,,,,,,,,,#DIV/0!,,,,,#DIV/0!,7,7,Reagan Krogh,1,1,1,4,
4/4/2026 18:36,4/4/2026 19:32,166.70.95.95,3333,1,2,3,2,4,4,4,5,3,2,4,3,5,1,5,2,1,4,5,2,6,3.35,6,7,7,7,6,6.6,7,7,6,5,7,6.4,7,6,7,6,5,6.2,15,14,14,17,15,16,17,15.42857143,2,1,2,3,1,1.8,3,2,1,5,6,2,2,3,2,1,4,3,4,3,4,5,2,4,2,2,4,3,4,2,5,2,3.111111111,6,6,4,5,5,5.2,3,3,3,3,3,4,2,3,3,3,3,2.857142857,3,3,4,2,3,3,2.75,2,4,3,3,3,2,3,1,1,2,1,1.857142857,4,5,2,3,4,4,8,2,4,97,3,3,4,3.333333333,163,21,390,84,164.5,1,1,3,5,6,7,6,7,7,6.333333333,6,7,7,5,2,6,2,6,6,2,6,6.125,4,4,6,4,4,6,4,4.666666667,4,4,4,3,3,5,5,4,3,4,4,5,7,7,7,7,6,7,7,7,6.666666667,4,5,5,4.666666667,1,1,1,1,1,1,1,1,1,1,1,3,4,3,3,3.25,6,7,"Helsley, Spencer",1,2,1,4,
4/4/2026 19:18,4/4/2026 19:46,192.225.189.130,1707,1,5,4,4,2,2,4,3,5,1,3,5,5,2,3,4,2,4,3,3,3,3.35,6,6,7,7,6,6.4,6,6,6,6,5,5.8,3,2,1,2,4,2.4,14,14,14,16,17,14,13,14.57142857,1,3,1,1,2,1.6,6,2,2,4,6,2,2,3.428571429,4,2,3,3,1,2,4,3,1,5,2,2,3,2,5,1,3,4,2.777777778,2,5,3,3,5,3.6,4,3,3,2,4,3,3,4,2,4,4,3.714285714,4,4,2,4,3,3,3.75,2,2,3,2.333333333,1,3,3,3,2,2,1,2.142857143,5,3,2,2,2,1,6,1,2.75,489,1,1,9,3.666666667,483,225,114,85,226.75,1,1,6,2,2,5,2,2,2,2.5,1,4,1,4,6,2,6,2,2,4,4,2.5,5,3,2,2,4,2,3,2.666666667,2,6,6,6,2,6,6,7,7,3,5.875,2,2,4,3,3,2,4,5,3,3.111111111,4,5,5,4.666666667,1,4,1,1,1,4,1,2,1,2,1.8,5,5,1,1,3,7,7,Charlize Black,3,1,1,4,
4/4/2026 20:30,4/4/2026 21:19,205.185.107.54,2937,1,2,2,5,2,1,4,2,2,1,2,4,5,6,4,4,5,2,3,4,2,3.1,6,7,7,7,7,6.8,6,7,6,7,7,6.6,6,6,3,7,5,5.4,13,17,19,13,13,14,14,14.71428571,1,1,1,1,2,1.2,2,5,5,2,6,6,2,4,2,3,4,4,3,1,5,5,2,5,2,4,4,3,5,4,5,3,3.555555556,7,7,7,7,7,7,5,5,1,5,1,5,1,2,4,2,3,2.142857143,4,2,4,2,4,2,2.5,2,1,1,1.333333333,3,2,3,1,1,2,3,2.142857143,7,4,2,3,3,2,8,5,4.25,45,4,1,1,2,194,0,308,0,125.5,2,,,8,,,,,,8,,,,,,8,,8,,,8,8,,8,,,,,,8,,8,,,,8,,,,,8,,,,,,,,,,#DIV/0!,,,,#DIV/0!,,,,,,,,,,,#DIV/0!,,,,,#DIV/0!,7,7,Sophie Sharp,1,1,1,4,
4/4/2026 18:56,4/4/2026 22:21,192.187.62.4,12313,1,2,4,4,4,2,2,4,,2,3,3,4,4,2,4,3,4,4,4,3,3.263157895,7,6,7,7,7,6.8,5,6,6,6,6,5.8,6,6,6,6,6,6,14,15,13,14,15,16,14,14.42857143,1,1,1,1,1,1,5,3,4,5,5,4,3,4.142857143,3,3,3,3,3,3,3,3,3,3,3,3,4,2,4,2,4,2,3,5,6,6,6,6,5.8,2,2,4,4,2,4,2,3,3,3,3,2.714285714,2,2,4,2,4,2,2,2,2,2,2,2,3,3,3,1,2,3,2.428571429,4,3,4,4,4,4,4,4,3.875,30,3,2,4,3,80,134,121,113,112,1,1,4,4,4,4,4,4,4,4,4,4,4,4,4,4,4,4,4,4,4,4,4,4,4,4,4,4,4,4,4,4,4,4,4,4,4,4,4,4,4,4,4,4,4,4,4,4,4,4,4,3,3,3,3,1,2,1,1,1,1,1,1,1,1,1.1,2,1,1,1,1.25,7,7,Brannon Westover,2,3,1,4,
4/4/2026 22:01,4/4/2026 23:08,38.43.19.107,4022,1,1,6,1,6,6,1,6,1,1,6,1,6,1,6,1,1,6,6,1,6,3.5,7,7,7,7,7,7,7,7,7,7,7,7,7,7,7,7,7,7,13,13,13,13,13,14,13,13.14285714,1,1,2,2,2,1.6,2,2,7,2,2,2,2,2.714285714,5,2,4,4,4,3,4,4,2,4,2,3,4,2,5,1,4,4,3.388888889,6,6,6,6,7,6.2,3,5,1,5,1,5,1,5,5,1,5,2.428571429,3,3,4,2,4,2,2.5,3,3,3,3,3,3,3,3,3,3,3,3,3,3,1,3,3,4,6,4,3.375,135,2,4,3,3,102,0,226,38,91.5,1,,2,6,6,6,6,5,6,5.833333333,3,3,3,6,3,5,3,5,6,5,3,4.25,6,2,2,2,6,2,6,3.333333333,2,6,2,2,6,2,2,2,2,2,2.5,6,5,6,5,5,5,6,5,5,5.333333333,5,5,5,5,1,1,1,3,1,1,1,1,1,1,1.2,4,4,3,2,3.25,7,7,Mackenzie Murdock,1,1,1,4,
4/5/2026 19:30,4/5/2026 20:22,162.249.28.40,3146,1,2,4,1,4,2,1,2,2,1,4,3,4,3,4,2,3,4,5,2,4,2.85,5,7,6,6,5,5.8,5,4,5,6,7,5.4,7,5,5,4,4,5,13,13,13,13,17,15,13,13.85714286,1,1,3,3,1,1.8,1,1,1,6,6,2,2,2.714285714,1,2,2,4,4,2,3,3,4,4,2,2,4,1,4,1,2,3,2.666666667,3,3,5,3,5,3.8,4,4,2,3,3,3,3,3,2,4,3,3.142857143,3,4,2,4,3,3,3.5,4,3,3,3.333333333,2,2,2,3,2,2,3,2.285714286,5,2,1,2,2,2,8,2,3,108,2,1,3,2,189,0,310,87,146.5,1,1,5,3,6,6,4,5,2,4.333333333,2,5,2,6,2,6,2,6,3,2,6,4.5,4,4,3,3,5,4,4,3.833333333,3,5,3,2,5,3,2,2,2,2,2.625,5,4,4,3,3,3,3,5,5,3.888888889,5,5,5,5,1,1,1,1,1,1,1,1,1,1,1,4,4,2,2,3,6,6,Jennalee Sexton,5,1,1,4,
4/5/2026 21:08,4/5/2026 21:31,205.185.107.51,1407,1,4,4,5,4,2,2,5,4,1,3,4,4,4,4,4,3,2,4,5,2,3.5,5,3,6,6,4,4.8,5,5,5,5,6,5.2,5,2,2,5,6,4,14,15,14,16,17,18,15,15.57142857,2,2,1,1,1,1.4,2,3,2,6,5,2,3,3.285714286,4,4,4,2,3,2,4,4,2,4,1,2,4,2,5,2,4,3,3.111111111,5,6,6,6,3,5.2,3,4,2,4,2,3,3,2,2,4,1,2.428571429,3,3,4,2,5,1,2.25,2,3,3,2.666666667,4,3,4,4,4,4,3,3.714285714,3,2,1,1,1,2,6,1,2.125,180,2,7,3,4,249,0,377,25,162.75,1,1,5,3,3,5,4,5,4,4,2,5,1,6,6,2,3,5,5,6,2,3.5,6,2,2,2,1,2,1,1.666666667,3,5,2,2,6,2,6,6,6,5,4.25,5,3,6,2,2,1,2,5,5,3.444444444,4,4,4,4,1,3,2,2,2,1,1,2,1,1,1.6,3,1,1,1,1.5,6,6,Camby Neus,1,1,1,4,
4/5/2026 22:27,4/5/2026 22:57,108.147.174.30,1849,1,5,5,4,4,4,4,4,3,2,5,4,5,3,4,2,4,2,5,,5,3.894736842,6,6,6,6,6,6,6,6,6,6,6,6,6,6,6,6,6,6,14,18,14,14,18,18,18,16.28571429,2,1,1,2,3,1.8,6,6,6,6,6,6,6,6,1,3,3,3,2,2,3,3,1,3,2,3,3,2,2,2,2,2,2.333333333,5,7,6,5,6,5.8,3,3,3,3,3,3,3,3,3,3,3,3,3,3,3,3,3,3,3,3,3,3,3,3,3,3,3,3,3,3,3,6,4,3,2,2,3,6,6,4,426,6,7,5,6,505,547,49,366,366.75,1,1,1,7,6,6,6,4,4,5.5,4,4,4,4,4,4,4,4,4,4,4,4,4,4,4,4,4,4,4,4,2,6,6,7,1,7,7,6,4,4,5.875,4,4,4,4,4,4,4,4,4,4,3,3,3,3,1,2,2,2,2,1,1,1,1,1,1.4,2,2,1,1,1.5,7,7,Keira Highfill,1,1,1,4,
4/6/2026 8:03,4/6/2026 8:35,205.185.107.12,1976,1,4,4,3,4,3,4,4,4,2,4,4,3,3,3,4,3,3,4,3,4,3.5,6,6,5,6,5,5.6,4,4,4,5,6,4.6,6,3,5,6,5,5,14,17,16,17,16,15,14,15.57142857,3,2,1,2,3,2.2,3,3,2,6,5,5,2,3.714285714,4,2,5,3,4,2,4,4,2,5,2,1,5,2,5,1,4,4,3.277777778,5,6,3,4,2,4,4,5,1,4,2,3,3,3,4,2,3,2.571428571,5,4,4,2,3,3,3.5,2,2,2,2,3,3,3,2,3,2,1,2.428571429,6,2,5,2,4,5,6,4,4.25,127,2,1,1,1.333333333,202,0,201,0,100.75,1,1,3,5,5,5,5,5,6,5.166666667,3,5,6,6,3,5,3,5,6,3,5,5.125,2,6,5,6,6,6,2,5.166666667,6,2,2,2,5,3,2,6,6,6,3.625,6,5,6,4,5,4,5,6,3,4.888888889,5,5,5,5,1,1,1,1,1,1,1,1,1,1,1,1,1,1,1,1,6,6,Heidi Osthed,3,1,1,4,
3/31/2026 13:08,3/31/2026 13:08,192.187.62.4,4,0,,,,,,,,,,,,,,,,,,,,,#DIV/0!,,,,,,#DIV/0!,,,,,,#DIV/0!,,,,,,#DIV/0!,,,,,,,,#DIV/0!,,,,,,#DIV/0!,,,,,,,,#DIV/0!,,,,,,,,,,,,,,,,,,,#DIV/0!,,,,,,#DIV/0!,,,,,,,,,,,,#DIV/0!,,,,,,,#DIV/0!,,,,#DIV/0!,,,,,,,,#DIV/0!,,,,,,,,,#DIV/0!,,,,,#DIV/0!,,,,,#DIV/0!,,,,,,,,,,#DIV/0!,,,,,,,,,,,,#DIV/0!,,,,,,,,#DIV/0!,,,,,,,,,,,#DIV/0!,,,,,,,,,,#DIV/0!,,,,#DIV/0!,,,,,,,,,,,#DIV/0!,,,,,#DIV/0!,,,,,,,,
4/3/2026 13:05,4/3/2026 13:05,157.201.98.1,42,0,,,,,,,,,,,,,,,,,,,,,#DIV/0!,,,,,,#DIV/0!,,,,,,#DIV/0!,,,,,,#DIV/0!,,,,,,,,#DIV/0!,,,,,,#DIV/0!,,,,,,,,#DIV/0!,,,,,,,,,,,,,,,,,,,#DIV/0!,,,,,,#DIV/0!,,,,,,,,,,,,#DIV/0!,,,,,,,#DIV/0!,,,,#DIV/0!,,,,,,,,#DIV/0!,,,,,,,,,#DIV/0!,,,,,#DIV/0!,,,,,#DIV/0!,,,,,,,,,,#DIV/0!,,,,,,,,,,,,#DIV/0!,,,,,,,,#DIV/0!,,,,,,,,,,,#DIV/0!,,,,,,,,,,#DIV/0!,,,,#DIV/0!,,,,,,,,,,,#DIV/0!,,,,,#DIV/0!,,,,,,,,
4/3/2026 21:50,4/3/2026 21:57,38.78.240.123,410,0,6,2,3,2,1,4,2,5,1,1,5,2,6,1,5,5,4,2,4,3,3.2,4,5,4,5,1,3.8,2,4,4,4,4,3.6,4,3,6,5,5,4.6,14,18,16,14,15,15,14,15.14285714,,,,,,#DIV/0!,,,,,,,,#DIV/0!,,,,,,,,,,,,,,,,,,,#DIV/0!,,,,,,#DIV/0!,,,,,,,,,,,,#DIV/0!,,,,,,,#DIV/0!,,,,#DIV/0!,,,,,,,,#DIV/0!,,,,,,,,,#DIV/0!,,,,,#DIV/0!,,,,,#DIV/0!,,,,,,,,,,#DIV/0!,,,,,,,,,,,,#DIV/0!,,,,,,,,#DIV/0!,,,,,,,,,,,#DIV/0!,,,,,,,,,,#DIV/0!,,,,#DIV/0!,,,,,,,,,,,#DIV/0!,,,,,#DIV/0!,,,,,,,,
